name,dong,address,lat,lng,geo,theme,programs,phone,merchant_no
"승원하이테크","경현동","전라남도 나주시 남고문로 11","35.027782","126.712194","naver","차량 정비/부품/인테리어","고유가 피해지원금","061)331-5789","5435996"
"아지트","경현동","전라남도 나주시 남고문로 16-4 일송빌라1층","35.027531","126.71275","naver","커피/음료전문점","고유가 피해지원금","061)336-4725","115666701"
"해밀보리밥","경현동","전라남도 나주시 남고문로 13","35.027949","126.712461","naver","한식","고유가 피해지원금","061)333-6475","107661284"
"하나로가구백화점","경현동","전라남도 나주시 남고문로 10","35.027495","126.7124","naver","일반가구점","고유가 피해지원금","061)332-0018","71851970"
"나미네일","경현동","전라남도 나주시 남고문로 11 나미네일","35.027742","126.712117","naver","피부미용원","고유가 피해지원금","061)332-1175","96150357"
"금호카모터스","경현동","전남 나주시 경현동","35.041221","126.699535","dong","차량 정비/부품/인테리어","고유가 피해지원금","061)333-5989","79836581"
"나드리케어","경현동","전라남도 나주시 구진포로 505-2 1층","35.011599","126.712287","naver","의료기기 및 용품","고유가 피해지원금","061)333-3035","111198677"
"하이플라워","경현동","전라남도 나주시 남고문로 8 하이플라워","35.027341","126.712112","naver","화원","고유가 피해지원금","061)334-8245","52761631"
"부림판넬","경현동","전라남도 나주시 건재로 11","35.036509","126.713257","naver","건축자재","고유가 피해지원금","061)331-1595","110865031"
"개미카밧데리","경현동","전라남도 나주시 건재로 5 남도모터스/노루표페인트","35.03606","126.712772","naver","차량 정비/부품/인테리어","고유가 피해지원금","061)331-4186","25471461"
"제일철강","경현동","전라남도 나주시 영산로 5335","35.035528","126.712426","naver","건축자재","고유가 피해지원금","061)332-6506","18223311"
"(주)카럽","경현동","전라남도 나주시 예향로 4206","35.028149","126.710744","naver","차량 정비/부품/인테리어","고유가 피해지원금","061)332-5532","106918397"
"남문냉동","경현동","전라남도 나주시 풍물시장2길 5-4","34.992867","126.706781","naver","가전제품점","고유가 피해지원금","061)333-2779","86461612"
"카럽","경현동","전라남도 나주시 예향로 4206","35.028149","126.710744","naver","세차장","고유가 피해지원금","061)331-5532","78274313"
"이마트24 전남나주고점","경현동","전라남도 나주시 예향로 4212","35.02887","126.710438","naver","편의점","고유가 피해지원금","","107874614"
"CAFE LUV","경현동","전라남도 나주시 예향로 4206 2층","35.028242","126.710674","naver","커피/음료전문점","고유가 피해지원금","","93362612"
"가람카세차장","경현동","전라남도 나주시","35.027266","126.710583","naver","세차장","고유가 피해지원금","061)332-3739","64889862"
"(주)한국자동차서비스","경현동","전라남도 나주시 늦은맛재길 10 한국자동차서비스","35.027376","126.710062","naver","차량 정비/부품/인테리어","고유가 피해지원금","061)332-0000","55812141"
"타이어 김","경현동","전라남도 나주시 예향로 4242","35.031517","126.709825","naver","차량 정비/부품/인테리어","고유가 피해지원금","061)331-1388","56832064"
"한수제포장마차","경현동","전라남도 나주시 경현길 18 경현루","35.033788","126.709264","naver","일반음식점 기타","고유가 피해지원금","","97900894"
"인정마을","경현동","전라남도 나주시 늦은맛재길 28","35.027142","126.708163","naver","한식","고유가 피해지원금","061)334-9616","12278849"
"정자나무슈퍼","경현동","전남 나주시 경현동","35.041014","126.698435","dong","슈퍼마켓","고유가 피해지원금","061)333-9289","98750207"
"시아당","경현동","전라남도 나주시 경현길 67","35.0366","126.705367","naver","커피/음료전문점","고유가 피해지원금","","106263668"
"포레지아 바베큐캠핑","경현동","전라남도 나주시 경현길 65 포레지아바베큐캠핑","35.036627","126.705126","naver","일반잡화판매점","고유가 피해지원금","061)356-5164","110467805"
"만남슈퍼","경현동","전남 나주시 경현동","35.039478","126.698142","dong","슈퍼마켓","고유가 피해지원금","061)335-9746","61255351"
"나주 글램핑 어스","경현동","전라남도 나주시 경현동","35.036719","126.705051","naver","기타 레저업소","고유가 피해지원금","061)333-0720","86460843"
"금성산가든","경현동","전라남도 나주시 경현길 63 금성산가든","35.036505","126.705628","naver","한식","고유가 피해지원금","061)335-9746","61928421"
"포레지아 바베큐 식당","경현동","전라남도 나주시 경현길 65 포레지아 바베큐 식당","35.036591","126.705129","naver","커피/음료전문점","고유가 피해지원금","061)333-0720","96995847"
"강촌","경현동","전라남도 나주시 경현길 87","35.037476","126.703073","naver","한식","고유가 피해지원금","061)333-0992","113831131"
"경현마을","경현동","전라남도 나주시 경현길 97","35.037982","126.702572","naver","한식","고유가 피해지원금","061)334-5659","94897716"
"정자나무","경현동","전라남도 나주시 경현길 105","35.038394","126.701865","naver","한식","고유가 피해지원금","061)333-9289","61298891"
"심심새오리구이","경현동","전라남도 나주시 금성산길 16-10","35.039836","126.702165","naver","한식","고유가 피해지원금","061)332-1818","21808613"
"라포네 (Rapone)","경현동","전라남도 나주시 금성산길 6 라포네 1,2층","35.038876","126.701899","naver","한식","고유가 피해지원금","031)334-0407","93735864"
"코이룩","경현동","전남 나주시 경현동","35.039861","126.701833","dong","기성복점","고유가 피해지원금","061)366-6880","102166436"
"재일휴게편의점","경현동","전남 나주시 경현동","35.041494","126.698498","dong","일반잡화판매점","고유가 피해지원금","070)4676-8504","83735424"
"나주건강랜드","경현동","전라남도 나주시 금성산길 14","35.039749","126.701757","naver","찜질방/목욕탕","고유가 피해지원금","061)332-2244","119891793"
"경현산장","경현동","전라남도 나주시 금성산길 16-9 경현산장","35.040742","126.702112","naver","한식","고유가 피해지원금","061)334-4666","110106944"
"금성대중음식","경현동","전남 나주시 경현동","35.039835","126.69781","dong","한식","고유가 피해지원금","061)334-3031","17256169"
"경현동 청년회","경현동","전라남도 나주시 건재로 211","35.05105","126.723766","naver","기타 레저업소","고유가 피해지원금","","115530490"
"황토집","경현동","전라남도 나주시 경현길 143 (경현동)","35.039611","126.698401","naver","한식","고유가 피해지원금","061)333-4747","13034730"
"대밭","경현동","전라남도 나주시 경현길 143-15","35.03957","126.6971","naver","한식","고유가 피해지원금","061)334-3469","53595071"
"나주신세계열쇠건설","경현동","전남 나주시 경현동","35.040587","126.701907","dong","기타 수리서비스","고유가 피해지원금","061)333-4025","48624267"
"(주)나주컨트리클럽","공산면","전라남도 나주시 공산면 상방리 산1-29","34.942029","126.64092","naver","골프장","고유가 피해지원금","061)335-7722","34460801"
"(주)나주컨트리클럽","공산면","전라남도 나주시 공산면 상방리 산1-29","34.942029","126.64092","naver","자동판매기 운영업","고유가 피해지원금","061)335-2654","116494022"
"공산어린이집","공산면","전라남도 나주시 공산면 공산로 140-7","34.943635","126.606668","naver","아이행복 어린이집","고유가 피해지원금","061)335-1681","61593842"
"농업회사법인 주식회사 코지뱅이","공산면","전남 나주시 공산면","34.949581","126.601957","dong","농.수.축산물점","고유가 피해지원금","","108316288"
"남도의병 유스호스텔","공산면","전라남도 나주시 공산면 덕음로 446","34.977688","126.601904","naver","시설대여업","고유가 피해지원금","061)332-0010","106693966"
"영산강카페테리아","공산면","전라남도 나주시 공산면 의병박물관길 1","34.979024","126.601759","naver","커피/음료전문점","고유가 피해지원금","","122153854"
"사단법인 우리","공산면","전라남도 나주시 공산면 공산로 30","34.942409","126.617983","naver","기술/사무/가정계학원","고유가 피해지원금","070)7076-5137","86387579"
"공산부분정비공업사","공산면","전라남도 나주시 공산면 공산로 72","34.941972","126.613525","naver","차량 정비/부품/인테리어","고유가 피해지원금","061)335-5452","70108282"
"바오통닭","공산면","전남 나주시 공산면","34.950299","126.601823","dong","일반주점","고유가 피해지원금","061)335-6621","49228152"
"공산의원","공산면","전라남도 나주시 공산면 공산로 102 공산의원","34.941464","126.610526","naver","일반.치과.한의원","고유가 피해지원금","061)335-7475","9115650"
"나주식당","공산면","전라남도 나주시 공산면 공산로 99 나주식육식당","34.941202","126.610712","naver","한식","고유가 피해지원금","061)335-3316","36096560"
"공산식육점","공산면","전라남도 나주시 공산면 공산로 124","34.942599","126.608678","naver","정육점","고유가 피해지원금","061)335-1805","27432371"
"중앙의원","공산면","전라남도 나주시 공산면 공산로 106 중앙의원","34.94161","126.610097","naver","일반.치과.한의원","고유가 피해지원금","061)335-5288","82754368"
"공산할인마트","공산면","전라남도 나주시 공산면 공산로 105","34.941213","126.609993","naver","일반잡화판매점","고유가 피해지원금","061)336-2223","16637893"
"(BHC)공산점","공산면","전라남도 나주시 공산면 덕음로 5-2","34.942894","126.609285","naver","일반음식점 기타","고유가 피해지원금","061)337-5333","104669371"
"대명약국","공산면","전라남도 나주시 공산면 공산로 104 대명약국","34.941558","126.610233","naver","약국","고유가 피해지원금","061)336-7300","46757860"
"커피(coffee)타조","공산면","전라남도 나주시 공산면 공산로 103","34.941297","126.610305","naver","커피/음료전문점","고유가 피해지원금","","92063082"
"커피(coffee)타조","공산면","전라남도 나주시 공산면 공산로 103","34.941297","126.610305","naver","커피/음료전문점","고유가 피해지원금","","101958323"
"공산한우촌","공산면","전라남도 나주시 공산면 공산로 101-1","34.941231","126.610433","naver","한식","고유가 피해지원금","061)335-1806","56932721"
"진수성찬","공산면","전라남도 나주시 공산면 공산로 99-2","34.940909","126.610606","naver","일반음식점 기타","고유가 피해지원금","061)334-9282","78222791"
"우리식당","공산면","전라남도 나주시 공산면 덕음로 5-2","34.942747","126.609226","naver","한식","고유가 피해지원금","061)335-8258","93924546"
"공산상사","공산면","전라남도 나주시 공산면 덕음로 5","34.942657","126.609167","naver","기타 건축자재","고유가 피해지원금","061)335-1575","80797789"
"둘리치킨 앤 맥주","공산면","전라남도 나주시 공산면 공산로 105","34.941215","126.610032","naver","일반음식점 기타","고유가 피해지원금","061)335-3477","117366852"
"어쩌다만두","공산면","전라남도 나주시 공산면 공산로 105","34.941207","126.609956","naver","한식","고유가 피해지원금","061)336-0505","120428474"
"공산할인마트 식육판매","공산면","전남 나주시 공산면","34.949233","126.601365","dong","정육점","고유가 피해지원금","061)336-8003","59944764"
"금곡농약사","공산면","전라남도 나주시 공산면 덕음로 2","34.942326","126.609216","naver","농어업용품","고유가 피해지원금","061)335-4784","27184427"
"가람정","공산면","전남 나주시 공산면","34.95148","126.602368","dong","한식","고유가 피해지원금","061)392-9962","80906957"
"밥심애분식","공산면","전남 나주시 공산면","34.948026","126.602449","dong","휴게음식점","고유가 피해지원금","","108938210"
"(주)아트프레쏘","공산면","전라남도 나주시 공산면 덕음로 2-1","34.942384","126.609231","naver","화랑","고유가 피해지원금","","108253305"
"공산치과의원","공산면","전라남도 나주시 공산면 공산로 107 백두산약국","34.941572","126.609756","naver","일반.치과.한의원","고유가 피해지원금","061)336-2876","15205528"
"(주)바이오푸드","공산면","전남 나주시 공산면","34.948161","126.604121","dong","건강식품점","고유가 피해지원금","061)335-2288","100438531"
"드림건강통합센터","공산면","전남 나주시 공산면","34.951696","126.603409","dong","건강식품점","고유가 피해지원금","061)335-2288","97165908"
"한국흉부외과의원","공산면","전라남도 나주시 공산면 공산로 124-9","34.942973","126.608723","naver","일반.치과.한의원","고유가 피해지원금","061)334-7688","9098092"
"공산철물","공산면","전라남도 나주시 공산면 공산로 120","34.94238","126.60906","naver","철물점","고유가 피해지원금","061)335-3108","50203201"
"새공산약국","공산면","전라남도 나주시 공산면 공산로 124-7","34.94288","126.608701","naver","약국","고유가 피해지원금","061)335-8494","69690083"
"운산전자","공산면","전라남도 나주시 공산면 덕음로 7 운산전자","34.942831","126.609272","naver","기타 전자제품","고유가 피해지원금","061)335-5818","101376303"
"감동이네","공산면","전라남도 나주시 공산면 덕음로 12 감동이네","34.943209","126.609646","naver","기타 식품","고유가 피해지원금","","101054460"
"어흥식당","공산면","전남 나주시 공산면","34.94959","126.601033","dong","한식","고유가 피해지원금","061)336-9415","112169311"
"백향식당","공산면","전라남도 나주시 공산면 공산로 121-1","34.942321","126.608728","naver","한식","고유가 피해지원금","070)7614-3579","92470451"
"카페 꽈배기어라","공산면","전라남도 나주시 공산면 공산로 126-2","34.942696","126.60834","naver","휴게음식점","고유가 피해지원금","061)336-0531","99111930"
"금성농산물유통","공산면","전라남도 나주시 공산면 공산로 123-2","34.942485","126.608354","naver","미곡상","고유가 피해지원금","061)335-3288","81417051"
"24시 무인빨래방","공산면","전라남도 나주시 대호길 76-7 1층 런드리존 빨래방","35.04334","126.717969","naver","세탁소","고유가 피해지원금","","105509550"
"만리장성","공산면","전라남도 나주시 공산면 공산로 131","34.942531","126.607833","naver","중식","고유가 피해지원금","061)335-3911","49762393"
"세븐일레븐 나주공산점","공산면","전라남도 나주시 공산면 공산로 127-1","34.942546","126.608041","naver","편의점","고유가 피해지원금","02)1577-0711","103301486"
"무적 다윗 종합무술관","공산면","전남 나주시 공산면","34.951795","126.6039","dong","레포츠클럽","고유가 피해지원금","061)332-1072","87497356"
"백세건강원","공산면","전라남도 나주시 공산면 공산로 133-1 1층","34.942515","126.607435","naver","건강식품점","고유가 피해지원금","061)371-0000","116993716"
"제일떡방앗간","공산면","전라남도 나주시 남평읍 남평2로 9 방앗간","35.043056","126.842988","naver","미곡상","고유가 피해지원금","061)335-3162","72336029"
"공산농협하나로마트","공산면","전라남도 나주시 공산면 공산로 138 공산하나로 마트","34.942901","126.607037","naver","농.수.축협직판장","고유가 피해지원금","061)336-3009","33776281"
"공산농협주유소","공산면","전라남도 나주시 공산면 공산로 142 (공산면)","34.942944","126.606589","naver","주유소","고유가 피해지원금","061)335-3030","49142459"
"공상중앙철물","공산면","전남 나주시 공산면","34.951086","126.604919","dong","철물점","고유가 피해지원금","061)335-3061","18218710"
"보보스","공산면","전라남도 나주시 공산면 공산로 141-3","34.942363","126.60683","naver","일반주점","고유가 피해지원금","061)336-3551","37404859"
"에이치제이이벤트(HJ이벤트)","공산면","전남 나주시 공산면","34.948039","126.604562","dong","기계 및 장비임대업","고유가 피해지원금","","108138511"
"야시맘S알럽베이비청과(풍성농원)","공산면","전남 나주시 공산면","34.95208","126.603164","dong","농.수.축산물점","고유가 피해지원금","061)335-8678","95037672"
"(주)나주황토공방","공산면","전남 나주시 공산면","34.94813","126.601454","dong","문화/취미 기타","고유가 피해지원금","061)336-3851","99926812"
"충주산방","공산면","전라남도 나주시 공산면 금강로 253","34.962061","126.590577","naver","주방 및 가정용품점","고유가 피해지원금","061)336-3851","13397861"
"피치노트","공산면","전남 나주시 공산면","34.951275","126.601271","dong","기타 신변잡화","고유가 피해지원금","","121460602"
"나주곳간","공산면","전라남도 나주시 상야1길 8 토담휴로스2차 113호(빛가람동)","35.021992","126.785995","naver","농.수.축산물점","고유가 피해지원금","070)7614-3579","113308035"
"공산자원","공산면","전라남도 나주시 공산면 화성리 1061","34.930714","126.583908","naver","중고물품 판매점","고유가 피해지원금","","120456425"
"홍가네","과원동","전라남도 나주시 향청길 14 1층","35.033874","126.717469","naver","한식","고유가 피해지원금","","121338117"
"여행램프 협동조합","과원동","전라남도 나주시 금성길 56 1층 쓸모잇는곳","35.033973","126.717825","naver","관광여행사","고유가 피해지원금","","92814389"
"탯자리원조나주곰탕","과원동","전남 나주시 과원동","35.035403","126.716922","dong","한식","고유가 피해지원금","061)332-3377","41513863"
"양가네사골돼지국밥","과원동","전라남도 나주시 금성길 75 양가네사골돼지국밥","35.035613","126.716785","naver","한식","고유가 피해지원금","061)820-8883","100416157"
"소나무카페","과원동","전라남도 나주시 금성관길 44-12","35.034565","126.716578","naver","커피/음료전문점","고유가 피해지원금","","118486581"
"한국상사","과원동","전라남도 나주시 북망문길 5","35.036429","126.716783","naver","차량 정비/부품/인테리어","고유가 피해지원금","","114719907"
"혁신공조에어컨","과원동","전라남도 나주시 북망문길 5","35.036429","126.716783","naver","냉난방기구","고유가 피해지원금","","110330144"
"가구챔피언","과원동","전라남도 나주시 노안면 노안로 570","35.065383","126.75128","naver","일반가구점","고유가 피해지원금","061)333-3680","86459981"
"나이스가구","과원동","전라남도 나주시 북망문길 1","35.036261","126.716695","naver","일반가구점","고유가 피해지원금","062)334-3680","107978808"
"제일떡집","과원동","전남 나주시 과원동","35.033281","126.716856","dong","일반잡화판매점","고유가 피해지원금","061)333-3888","17109154"
"사매기방앗간","과원동","전남 나주시 과원동","35.035909","126.716692","dong","미곡상","고유가 피해지원금","061)334-4048","56252567"
"(주)고마워요","과원동","전라남도 나주시 과원길 25","35.035135","126.715926","naver","민예.공예.토산품","고유가 피해지원금","070)7759-3665","88825679"
"해이나주","과원동","전라남도 나주시 금성관길 44-1 해이나주","35.034974","126.715639","naver","커피/음료전문점","고유가 피해지원금","","111561214"
"베트남음식점","과원동","전라남도 나주시 나주로 148-1","35.03176","126.717358","naver","일반음식점 기타","고유가 피해지원금","","119395910"
"청호","과원동","전라남도 나주시 과원길 28 청호","35.035295","126.715636","naver","한식","고유가 피해지원금","061)333-3835","31147473"
"신태창이발관","과원동","전남 나주시 과원동","35.035563","126.717472","dong","이용원","고유가 피해지원금","061)333-0414","105531895"
"정원담","과원동","전라남도 나주시 금성관길 46 정원담","35.034869","126.715452","naver","기타 식품","고유가 피해지원금","061)335-5788","105019376"
"형제오토바이","과원동","전라남도 나주시 금성관길 50","35.035308","126.715425","naver","오토바이판매점","고유가 피해지원금","061)332-3757","87209486"
"알찬농원","관정동","전남 나주시 관정동","34.991398","126.743023","dong","농.수.축산물점","고유가 피해지원금","","111892488"
"교동갈비","교동","전라남도 나주시 남고문로 19-1 1층","35.028168","126.713259","naver","한식","고유가 피해지원금","061)337-1534","116206676"
"드림종합광고기획","교동","전라남도 나주시 남고문로 19-1","35.028229","126.713276","naver","인쇄 및 광고","고유가 피해지원금","061)332-0341","27251295"
"골드퍼니쳐","교동","전라남도 나주시 남고문로 19","35.028204","126.713024","naver","주방기구점","고유가 피해지원금","061)333-8982","107012061"
"서문마당","교동","전라남도 나주시 나주천1길 55","35.030659","126.712429","naver","커피/음료전문점","고유가 피해지원금","","88031052"
"바실리에","교동","전라남도 나주시 나주천2길 28 바실리에","35.030187","126.712175","naver","일반음식점 기타","고유가 피해지원금","061)333-4803","81780656"
"향교길목","교동","전라남도 나주시 향교길 33-1","35.032635","126.71215","naver","한식","고유가 피해지원금","062)463-3090","107983157"
"한국타이어나주대리점","교동","전라남도 나주시 영산로 5338 한국타이어 나주대리점","35.035028","126.712622","naver","차량 정비/부품/인테리어","고유가 피해지원금","061)333-1090","11836482"
"전은진의문화살롱","교동","전라남도 나주시 향교길 36-10 나동","35.033253","126.712224","naver","휴게음식점","고유가 피해지원금","061)332-2244","112143401"
"사단법인전라남도옥외광고협회나주시지부","교동","전남 나주시 교동","35.032523","126.710176","dong","인쇄 및 광고","고유가 피해지원금","061)332-5562","71248160"
"디프(DIFF)","교동","전남 나주시 교동","35.03074","126.712025","dong","커피/음료전문점","고유가 피해지원금","","99487970"
"3917마중","교동","전라남도 나주시 향교길 42-13 3917마중카페","35.033519","126.710528","naver","커피/음료전문점","고유가 피해지원금","061)331-3917","86612559"
"금향산방","교동","전남 나주시 교동","35.031271","126.710168","dong","기타 식품","고유가 피해지원금","061)332-2244","115322681"
"고조현외과의원","금계동","전라남도 나주시 나주로 152","35.031876","126.71758","naver","일반.치과.한의원","고유가 피해지원금","061)333-9595","43303500"
"솔나무떡방앗간","금계동","전남 나주시 금계동","35.029677","126.714884","dong","제과점/아이스크림점","고유가 피해지원금","061)335-9933","58537638"
"나주홍어","금계동","전라남도 나주시 영산3길 2-1 홍어1번지","34.999828","126.710404","naver","농.수.축산물점","고유가 피해지원금|온누리|전통시장","061)333-1098","38477713"
"(주)목우산업개발","금계동","전남 나주시 금계동","35.030485","126.713673","dong","실내장식","고유가 피해지원금","061)336-2448","113907471"
"나주로컬푸드2","금계동","전남 나주시 금계동","35.030044","126.715802","dong","휴게음식점","고유가 피해지원금","","118360561"
"보산보리밥집","금계동","전라남도 나주시 금성관길 17","35.031152","126.716092","naver","한식","고유가 피해지원금","061)333-2973","59923794"
"헤어테라피","금계동","전라남도 나주시 징고샅길 9","35.031159","126.716143","naver","미용원","고유가 피해지원금","","79309648"
"갤러리108","금계동","전라남도 나주시 금계1길 12","35.030918","126.715985","naver","커피/음료전문점","고유가 피해지원금","061)332-2244","118381871"
"라벨르 뷰티","금계동","전라남도 나주시 남고문로 43 라벨르뷰티","35.028486","126.715595","naver","피부미용원","고유가 피해지원금","061)333-5906","102634023"
"대성이발관","금계동","전라남도 나주시 금계1길 3","35.030133","126.715758","naver","이용원","고유가 피해지원금","061)333-9296","97252977"
"옥이식품","금계동","전남 나주시 금계동","35.032048","126.715224","dong","기타 식품","고유가 피해지원금|온누리|전통시장","061)333-0171","51490311"
"나주곰탕기와집","금계동","전라남도 나주시 징고샅길 11 나주 곰탕 기와집","35.031036","126.715778","naver","한식","고유가 피해지원금","070)7614-3579","94884836"
"송월떡집","금계동","전라남도 나주시 나주로 57","35.024102","126.715862","naver","제과점/아이스크림점","고유가 피해지원금","061)333-0555","26747535"
"사계절 반찬전문점","금계동","전남 나주시 금계동","35.03193","126.71392","dong","기타 식품","고유가 피해지원금","061)334-0093","17618603"
"누수하수해결사","금계동","전라남도 나주시 나주천2길 54","35.02947","126.714768","naver","기계류 건축설비","고유가 피해지원금","061)332-2244","112467128"
"토탈신발","금계동","전남 나주시 금계동","35.031702","126.716004","dong","일반신발점","고유가 피해지원금|온누리|전통시장","062)374-3291","72665870"
"에스지세기건설","금계동","전라남도 나주시 남고문로 37","35.028404","126.715052","naver","주택/건설","고유가 피해지원금","061)334-1310","118286423"
"예향휴게음식","금계동","전남 나주시 금계동","35.029532","126.715954","dong","패스트푸드점","고유가 피해지원금","061)333-1009","118350131"
"(주)제이스피릿","금계동","전남 나주시 금계동","35.032341","126.714719","dong","레저용품점","고유가 피해지원금|온누리","062)952-7451","65227451"
"나주시전통문화체험장","금계동","전남 나주시 금계동","35.029391","126.713717","dong","공연장/전시장","고유가 피해지원금","061)330-8714","51148592"
"지혜전기","금계동","전라남도 나주시 금남길 30","35.030823","126.714758","naver","기타 수리서비스","고유가 피해지원금","061)332-2244","81866406"
"교동쭈꾸미","금계동","전라남도 나주시 금계2길 13","35.030999","126.714868","naver","한식","고유가 피해지원금","061)333-9901","75353361"
"카페98","금계동","전라남도 나주시 금성관길 13-20 1층","35.031922","126.71502","naver","커피/음료전문점","고유가 피해지원금","","110009458"
"동강장식","금계동","전남 나주시 금계동","35.032226","126.71568","dong","지물 및 천막","고유가 피해지원금","061)333-3104","70387673"
"남일상회","금계동","전남 나주시 금계동","35.030137","126.713081","dong","농.수.축산물점","고유가 피해지원금|온누리|전통시장","061)332-4693","17262502"
"예향레스토랑","금계동","전남 나주시 금계동","35.02992","126.71645","dong","양식","고유가 피해지원금","061)333-1009","14265091"
"시범어린이집","금계동","전라남도 나주시 금남길 37","35.031704","126.714476","naver","아이행복 어린이집","고유가 피해지원금","061)334-5120","61579459"
"청산옥","금계동","전라남도 나주시 금남길 41 청산옥","35.032024","126.714588","naver","한식","고유가 피해지원금","","98694083"
"다락","금계동","전라남도 나주시 보리마당길 16-11 다락","35.031331","126.714343","naver","펜션/민박","고유가 피해지원금","061)332-2244","121676551"
"(주)안드로메다픽처스","금계동","전라남도 나주시 우정로 106","35.023381","126.791813","naver","이벤트업","고유가 피해지원금","061)930-3287","105406008"
"나주향","금계동","전라남도 나주시 보리마당길 16-5","35.031581","126.714193","naver","기타숙박업","고유가 피해지원금","061)332-2244","120707989"
"세화통상","금계동","전남 나주시 금계동","35.0326","126.715125","dong","스포츠용품점","고유가 피해지원금","070)7018-1930","41787195"
"(주)힐링트레블관광","금성동","전남 나주시 금성동","35.029731","126.71647","dong","렌트카","고유가 피해지원금","","116995266"
"다운타운","금성동","전남 나주시 금성동","35.028103","126.717236","dong","일반잡화판매점","고유가 피해지원금","02)1544-4223","114553315"
"크리닝마트","금성동","전라남도 나주시 나주로 104","35.028054","126.717649","naver","세탁소","고유가 피해지원금","061)333-8720","96387282"
"나주타이루위생기","금성동","전남 나주시 금성동","35.028911","126.716025","dong","건축자재","고유가 피해지원금","061)332-7579","87767471"
"제일철물공구","금성동","전라남도 나주시 나주로 98","35.02755","126.717494","naver","철물점","고유가 피해지원금","061)333-3309","69663718"
"삐삐","금성동","전라남도 나주시 나주천2길 80 논두렁","35.029787","126.717763","naver","한식","고유가 피해지원금","061)333-7892","11318467"
"맥시칸치킨(나주점)","금성동","전라남도 나주시 나주로 120","35.029409","126.717668","naver","일반주점","고유가 피해지원금","061)332-6661","25703161"
"가우 인터네셔널","금성동","전라남도 나주시 금천면 촌곡신가길 4 1층 8호","35.034895","126.765556","naver","자동판매기 운영업","고유가 피해지원금","061)930-0663","98938032"
"엔제이유통몰","금성동","전남 나주시 금성동","35.029629","126.715891","dong","스포츠용품점","고유가 피해지원금","","114151994"
"윤파크골프","금성동","전라남도 나주시 금성동 10-2","35.030169","126.717642","naver","스포츠용품점","고유가 피해지원금","061)333-3252","110531801"
"나주전기조명","금성동","전라남도 나주시 나주로 124","35.029629","126.717612","naver","조명 전기기구점","고유가 피해지원금","061)332-6212","96665498"
"본가 왕뼈감자탕 나주금성동점","금성동","전라남도 나주시 나주로 111","35.028791","126.7175","naver","한식","고유가 피해지원금","061)333-2680","120894411"
"그린헤어샵 (Green hair #)","금성동","전라남도 나주시 나주로 124 1층 그린헤어","35.029749","126.717579","naver","미용원","고유가 피해지원금","061)333-6258","85364174"
"애견랜드","금성동","전라남도 나주시 나주로 113 1층 애견랜드","35.028924","126.717552","naver","반려동물 서비스/용품점","고유가 피해지원금","061)334-8980","109957461"
"참깨와들깨","금성동","전라남도 나주시 나주로 115 참샘포크","35.029195","126.71748","naver","한식","고유가 피해지원금","061)332-9992","95050709"
"남고문 축산","금성동","전라남도 나주시 남고문로 60 남고문축산","35.028405","126.717362","naver","정육점","고유가 피해지원금","061)332-2244","122138685"
"예스(yes)학원","금성동","전라남도 나주시 남고문로 78","35.028849","126.719377","naver","문리계학원","고유가 피해지원금","061)333-0979","79935811"
"현대가구백화점","금성동","전라남도 나주시 남고문로 42","35.028137","126.71589","naver","일반가구점","고유가 피해지원금","061)333-5040","69177048"
"솔래쉬(SOLLASH)","금성동","전라남도 나주시 나주로 117 1층","35.029128","126.717263","naver","미용원","고유가 피해지원금","","116085034"
"이시스","금성동","전라남도 나주시 금성길 39","35.032427","126.718","naver","일반주점","고유가 피해지원금","061)334-5556","31023573"
"푸드뱅크","금성동","전라남도 나주시 나주로 132","35.03055","126.717335","naver","일반음식점 기타","고유가 피해지원금","061)332-2244","111280823"
"훈이네집","금성동","전라남도 나주시 나주로 134","35.030676","126.717359","naver","한식","고유가 피해지원금","061)332-3579","27785672"
"하나로 피자 앤 푸드","금성동","전라남도 나주시 나주로 101 하나로마트","35.02796","126.717094","naver","패스트푸드점","고유가 피해지원금","","97192660"
"고향역","금성동","전라남도 나주시 나주로 136-1","35.030873","126.717268","naver","한식","고유가 피해지원금","061)334-4112","81118763"
"풍차로","금성동","전남 나주시 금성동","35.028563","126.715433","dong","한식","고유가 피해지원금","061)333-2857","48198217"
"디자인나라","금성동","전라남도 나주시 남고문로 55","35.028669","126.716977","naver","인쇄 및 광고","고유가 피해지원금","061)337-7785","64986518"
"공리주의","금성동","전라남도 나주시 나주로 142-6 1층","35.031291","126.717324","naver","커피/음료전문점","고유가 피해지원금","061)930-3251","121548334"
"금양스크린골프연습장","금성동","전남 나주시 금성동","35.027356","126.716517","dong","골프연습장","고유가 피해지원금","061)334-9014","57580841"
"처갓집양념치킨 나주점","금성동","전라남도 나주시 나주천2길 72 명동돈가스 좌측칸호(금성동)","35.029679","126.716955","naver","일반음식점 기타","고유가 피해지원금","061)332-9281","117744032"
"자금성과 돈가스","금성동","전라남도 나주시 나주천2길 72 명동돈가스","35.029651","126.716838","naver","중식","고유가 피해지원금","061)332-0053","29536775"
"유한회사 나라관광","금성동","전남 나주시 금성동","35.027491","126.718189","dong","렌트카","고유가 피해지원금","061)337-9555","80283211"
"쓰리포(3 4)","금성동","전남 나주시 금성동","35.031026","126.717477","dong","기성복점","고유가 피해지원금","054)541-4914","97305709"
"마드린에프","금성동","전남 나주시 금성동","35.027908","126.715595","dong","일반음식점 기타","고유가 피해지원금","062)463-3090","109320471"
"일루와","금성동","전남 나주시 금성동","35.028946","126.719124","dong","한식","고유가 피해지원금","061)335-0150","111866392"
"(주)이지스터디","금성동","전라남도 나주시 나주로 133 3층","35.030643","126.716989","naver","문리계학원","고유가 피해지원금","061)9307-1710","114953559"
"더헤어(THE HAIR)","금성동","전라남도 나주시 나주로 135 더헤어","35.030864","126.717036","naver","미용원","고유가 피해지원금","","90511254"
"한려축산","금성동","전라남도 나주시 대호길 8 SPAR할인마트","35.036673","126.718643","naver","정육점","고유가 피해지원금","061)332-6620","33304018"
"원광한의원","금성동","전라남도 나주시 나주로 137-2 소주천국","35.031037","126.717001","naver","일반.치과.한의원","고유가 피해지원금","061)334-8483","11889044"
"나나머리방","금성동","전라남도 나주시 나주로 139","35.031125","126.717001","naver","미용원","고유가 피해지원금","061)333-9844","105009356"
"목포왕꽈배기","금성동","전라남도 나주시 나주로 141","35.03126","126.7169","naver","제과점/아이스크림점","고유가 피해지원금","061)332-8268","73433623"
"현대화랑표구사","금성동","전라남도 나주시 중앙동 121-3","35.031445","126.718103","naver","표구사","고유가 피해지원금","061)334-0883","62546716"
"알리바이(나주점)","금성동","전라남도 나주시 나주로 142","35.031326","126.717145","naver","비디오 및 도서대여점","고유가 피해지원금","061)334-7179","23793526"
"다이소나주송월점","금성동","전라남도 나주시 남고문로 42","35.028116","126.715721","naver","일반잡화판매점","고유가 피해지원금","061)333-5222","77900158"
"이삭토스트","금성동","전라남도 나주시 남고문로 44","35.028105","126.715657","naver","휴게음식점","고유가 피해지원금","061)333-4222","79957147"
"(주) 보림","금성동","전라남도 나주시 토계길 40","35.017665","126.7233","naver","기타 의류","고유가 피해지원금","061)333-2947","57159694"
"메가혼밥 나주점","금성동","전남 나주시 금성동","35.028171","126.715167","dong","한식","고유가 피해지원금","061)333-8289","116996369"
"일미리금계찜닭and아구찜","금성동","전남 나주시 금성동","35.028459","126.719258","dong","한식","고유가 피해지원금","061)337-8289","114262023"
"현우카센타","금성동","전라남도 나주시 남고문로 38","35.028069","126.715082","naver","차량 정비/부품/인테리어","고유가 피해지원금","061)334-8600","81841853"
"원(ONE)세차and광택","금성동","전남 나주시 금성동","35.02692","126.716678","dong","세차장","고유가 피해지원금","061)332-2244","119538721"
"자연","금천면","전라남도 나주시 공산면","34.937389","126.582466","naver","자동판매기 운영업","고유가 피해지원금","","49069587"
"바이25빛가람점","금천면","전라남도 나주시 그린로 274 빛가람엘에이치4단지아파트 상가동","35.011055","126.79592","naver","슈퍼마켓","고유가 피해지원금","","89874835"
"서울치과의원","금천면","전라남도 나주시 빛가람로 747","35.021598","126.793717","naver","일반.치과.한의원","고유가 피해지원금","061)333-2877","74373545"
"스포츠 존","금천면","전라남도 나주시 금천면 영산로 5846","35.03406","126.767625","naver","스포츠용품점","고유가 피해지원금|온누리","070)4150-8848","30211614"
"그린언약","금천면","전라남도 나주시 금천면 솔안길 92 1층","35.00409","126.790469","naver","기타 레저업소","고유가 피해지원금","","118105293"
"황제농장","금천면","전라남도 나주시 황동3길 66 1층 108호","35.012791","126.775186","naver","농.수.축산물점","고유가 피해지원금","","96033269"
"신성유통","금천면","전라남도 나주시 금천면 광탄길 14","35.036719","126.752323","naver","기타 식품","고유가 피해지원금","","113471305"
"금천휴게소","금천면","전라남도 나주시 금천면 영산로 5978","35.036947","126.781584","naver","일반잡화판매점","고유가 피해지원금","061)332-5352","88534738"
"백억 모싯잎 송편","금천면","전라남도 나주시 금천면 영산로 5978","35.037019","126.78165","naver","기타 식품","고유가 피해지원금","061)336-8788","109749561"
"현대가스","금천면","전라남도 나주시 금천면 영산로 5974","35.036766","126.781162","naver","가스판매점","고유가 피해지원금","061)337-5557","117342526"
"현대가스설비","금천면","전남 나주시 금천면","35.036098","126.753061","dong","기계류 건축설비","고유가 피해지원금","061)337-5557","73964472"
"씨유(CU)나주금천로드점","금천면","전라남도 나주시 금천면 영산로 5970 (석전리)","35.03648","126.780716","naver","편의점","고유가 피해지원금","02)1577-8007","112599429"
"빛가람 꽃 식물원","금천면","전라남도 나주시 금천면 석전리 118-1","35.036144","126.779963","naver","화원","고유가 피해지원금","061)336-1919","44164385"
"삼성종합철물","금천면","전라남도 나주시 금천면","35.036655","126.779338","naver","기타운송기구판매점","고유가 피해지원금","061)337-9200","22930751"
"(주)코만코리아","금천면","전라남도 나주시 금천면 영산로 5953","35.0365","126.778872","naver","스포츠용품점","고유가 피해지원금","062)955-7874","31588698"
"용산중기","금천면","전라남도 나주시","34.999659","126.718772","naver","기계 및 장비임대업","고유가 피해지원금","061)334-4570","89050183"
"이화월백하고","금천면","전라남도 나주시 금천면 천석길 115","35.024882","126.771335","naver","한식","고유가 피해지원금","","90668949"
"세정태권도","금천면","전라남도 나주시 금천면 천석길 35","35.031813","126.773605","naver","예체능계학원","고유가 피해지원금","062)336-7730","114252769"
"아이스크림시안","금천면","전남 나주시 금천면","35.036391","126.752556","dong","기타 식품","고유가 피해지원금","","122251880"
"에어테크(Air Tech)","금천면","전남 나주시 금천면","35.033441","126.751554","dong","기타 수리서비스","고유가 피해지원금","","109539809"
"바른고기 정육점","금천면","전라남도 나주시 금천면 천석길 35 127동 209호","35.031949","126.773463","naver","정육점","고유가 피해지원금","062)374-4993","107954212"
"총알택시 프러스퀵","금천면","전남 나주시 금천면","35.035723","126.751211","dong","용역서비스업","고유가 피해지원금","","112245526"
"지에스25 나주하늘채점","금천면","전라남도 나주시 금천면 천석길 35 상가 127동 201호","35.031473","126.771914","naver","편의점","고유가 피해지원금","","111283983"
"고와(GOWA)","금천면","전라남도 나주시 금천면 천석길 30","35.03161","126.771194","naver","피부미용원","고유가 피해지원금","","121679077"
"남도의아침","금천면","전남 나주시 금천면","35.034187","126.750918","dong","농.수.축산물점","고유가 피해지원금","","115681104"
"지에스25 나주코오롱점","금천면","전라남도 나주시 금천면 천석길 35 상가B동 101호, 102호","35.031459","126.771904","naver","편의점","고유가 피해지원금","","109334143"
"대박청과","금천면","전남 나주시 금천면","35.036434","126.751921","dong","농.수.축산물점","고유가 피해지원금","","116869618"
"아리아음악교습소","금천면","전라남도 나주시 금천면 천석길 35 코오롱하늘채아파트 후문상가 2층","35.033091","126.774021","naver","예체능계학원","고유가 피해지원금","","114417659"
"깻잎치킨 코오롱점","금천면","전라남도 나주시 금천면 천석길 35 상가 129동 107, 108호","35.030719","126.771642","naver","일반음식점 기타","고유가 피해지원금","061)333-9929","118470056"
"선미포차","금천면","전라남도 나주시 금천면 천석길 35 상가 129동 104호 선미포차","35.030776","126.771698","naver","일반주점","고유가 피해지원금","","109294960"
"새움","금천면","전라남도 나주시 그린로 321 301호","35.015242","126.794938","naver","문방구점","고유가 피해지원금","","121941098"
"(주)신세기에이티","금천면","전라남도 나주시 금천면 촌곡길 4-15 1층","35.03695","126.776092","naver","보관 및 창고업","고유가 피해지원금","061)333-8194","112160539"
"대덕상사","금천면","전라남도 나주시 금천면 영산로 5611 1층","35.035876","126.742302","naver","농어업용품","고유가 피해지원금","061)337-8080","73310256"
"금천석재","금천면","전라남도 나주시 금천면 영산로 5881","35.035094","126.77138","naver","건축자재","고유가 피해지원금","061)331-6587","91622481"
"효사랑병원매점","금천면","전라남도 나주시 금천면 촌곡리 41","35.036158","126.771336","naver","일반잡화판매점","고유가 피해지원금","061)330-1700","76197580"
"효사랑요양병원 장례식장","금천면","전라남도 나주시 성북동","35.035064","126.71941","naver","장의서비스/제수용품","고유가 피해지원금","061)332-4454","120191955"
"혁신나주농원","금천면","전라남도 나주시 금천면 영산로 5871","35.034886","126.770364","naver","화원","고유가 피해지원금","","109687029"
"월산농산","금천면","전남 나주시 금천면","35.034544","126.750586","dong","농.수.축산물점","고유가 피해지원금","","85287079"
"이화당","금천면","전라남도 나주시 금천면 촌곡길 66","35.040322","126.773923","naver","기타숙박업","고유가 피해지원금","061)333-0422","95277401"
"은희세","금천면","전라남도 나주시 그린로 60 농식품공무원교육원내 매점","35.01679","126.775113","naver","일반잡화판매점","고유가 피해지원금","061)338-1022","69778189"
"해뜨는어린이집","금천면","전라남도 나주시 금천면 벽류길 78-58 해뜨는어린이집","35.030586","126.745922","naver","아이행복 어린이집","고유가 피해지원금","061)332-7222","61590204"
"코끼리아구찜·탕","금천면","전남 나주시 금천면","35.035296","126.754683","dong","한식","고유가 피해지원금","061)333-8119","45859930"
"금천어린이집","금천면","전라남도 나주시 금천면 원곡길 64","35.041217","126.74675","naver","아이행복 어린이집","고유가 피해지원금","061)331-8445","61648648"
"(주)혁신에너지","금천면","전라남도 나주시 도민길 46 3층","35.025289","126.798099","naver","주유소","고유가 피해지원금|온누리","061)336-2250","88473697"
"배사랑우리배","금천면","전남 나주시 금천면","35.036749","126.753453","dong","농.수.축산물점","고유가 피해지원금","061)332-3216","52698630"
"기운산업","금천면","전라남도 나주시 금천면 광암2길 11","35.01287","126.766489","naver","주택/건설","고유가 피해지원금","061)337-3319","110784324"
"나주종합유통","금천면","전라남도 나주시 빛가람로 676","35.020787","126.785256","naver","기타 식품","고유가 피해지원금","","121839373"
"바른밥상","금천면","전라남도 나주시 금천면 광암2길 10 주3동 2층","35.012534","126.766449","naver","한식","고유가 피해지원금","","114030310"
"(주)금구주유소","금천면","전라남도 나주시 금천면 영산로 5848 SK주유소","35.034421","126.767943","naver","주유소","고유가 피해지원금","061)337-5155","64324351"
"시월당 나주배빵 전문점","금천면","전남 나주시 금천면","35.03604","126.754472","dong","제과점/아이스크림점","고유가 피해지원금","","112301789"
"골프존파크 금천 시월당점","금천면","전남 나주시 금천면","35.035015","126.750379","dong","골프연습장","고유가 피해지원금","061)336-2000","112301795"
"시월당","금천면","전라남도 나주시 금천면 영산로 5844 시월당식당","35.03374","126.767709","naver","한식","고유가 피해지원금","","112227226"
"발라한우 작목반","금천면","전남 나주시 금천면","35.037034","126.752717","dong","농.수.축산물점","고유가 피해지원금","","112623115"
"시골농장","금천면","전라남도 나주시 노안면 이슬촌길 267-7","35.098734","126.6835","naver","농.수.축산물점","고유가 피해지원금","","115731282"
"새마을슈퍼","금천면","전라남도 나주시 금천면 금영로 689","35.012711","126.765053","naver","슈퍼마켓","고유가 피해지원금","061)331-0725","68841620"
"성수농기계","금천면","전라남도 나주시 금천면 금영로 681","35.012296","126.765002","naver","기타 수리서비스","고유가 피해지원금","061)334-5793","29181057"
"송카","금천면","전라남도 나주시 금천면 영산로 5851 TBEX 송카","35.035184","126.767943","naver","차량 정비/부품/인테리어","고유가 피해지원금","","107856281"
"금천농협 주유소","금천면","전라남도 나주시 금천면 영산로 5845","35.034905","126.767057","naver","주유소","고유가 피해지원금","061)331-7280","60435580"
"네이처플레이스","금천면","전라남도 나주시 금천면 빛가람로 467 3동(주)","35.021014","126.762972","naver","화원","고유가 피해지원금","","101586422"
"해바라기주유소","금천면","전라남도 나주시 금천면 빛가람로 467","35.02064","126.763163","naver","주유소","고유가 피해지원금","061)820-8123","109961455"
"(주)신도시주유소","금천면","전라남도 나주시 금천면 빛가람장성로 2045 신도시주유소","35.044516","126.77629","naver","주유소","고유가 피해지원금","062)962-5179","72641998"
"유한회사 신도시주유소","금천면","전남 나주시 금천면","35.032521","126.751624","dong","주유소","고유가 피해지원금","061)331-5149","108073085"
"신도시주유소","금천면","전라남도 나주시 금천면 빛가람장성로 2045 신도시주유소","35.044516","126.77629","naver","주유소","고유가 피해지원금","061)331-5149","105974952"
"나주배농산물직판매장","금천면","전라남도 나주시 금천면 영산로 5832","35.03431","126.766037","naver","농.수.축산물점","고유가 피해지원금","061)333-5968","14956759"
"(주)한국중장비운전학원","금천면","전라남도 나주시 금천면 금봉로 167","34.998037","126.776563","naver","자동차학원","고유가 피해지원금|온누리","","116340477"
"베타(VETA)서바이벌","금천면","전라남도 나주시 금천면 금봉로 167 베타서바이벌","34.998097","126.776267","naver","기타 레저업소","고유가 피해지원금","","115376898"
"정성으로키운배","금천면","전남 나주시 금천면","35.033371","126.750536","dong","농.수.축산물점","고유가 피해지원금","061)333-9792","94786414"
"(주)남현주유소","금천면","전라남도 나주시 금천면 빛가람장성로 2055","35.04526","126.776218","naver","주유소","고유가 피해지원금","061)332-5188","78020020"
"농업회사법인 배가조아 주식회사","금천면","전남 나주시 금천면","35.036725","126.751076","dong","농.수.축산물점","고유가 피해지원금","","119869274"
"금천렉카","금천면","전라남도 나주시 금천면 촌곡신가길 4","35.0349","126.765463","naver","차량견인업","고유가 피해지원금","061)332-4942","94581525"
"돌핀세척기","금천면","전라남도 나주시 금천면 상고선길 41","35.020659","126.761533","naver","기타 주방용품","고유가 피해지원금","061)285-3878","55151281"
"미목가구","금천면","전라남도 나주시 금천면 금영로 729","35.015351","126.762284","naver","일반가구점","고유가 피해지원금","061)331-9240","8325602"
"숲편의마트","금천면","전남 나주시 금천면","35.03301","126.754552","dong","슈퍼마켓","고유가 피해지원금","061)338-8500","116084501"
"복푸드","금천면","전남 나주시 금천면","35.037314","126.752381","dong","기타 식품","고유가 피해지원금","","119192823"
"숲무인텔","금천면","전라남도 나주시 금천면 금영로 744 숲 무인호텔","35.017281","126.761806","naver","기타숙박업","고유가 피해지원금","","91516123"
"(주)더드림미트","금천면","전라남도 나주시 황동3길 50-38","35.011734","126.776255","naver","농.수.축산물점","고유가 피해지원금","","114585558"
"나주신가농장","금천면","전라남도 나주시 금천면 당가길 28-5","35.04811","126.778526","naver","농.수.축산물점","고유가 피해지원금","061)331-6858","77941554"
"농업회사법인 초록식품(주)","금천면","전라남도 나주시 금천면 금봉로 128 푸르넷나주배사업단","35.000368","126.773536","naver","농.수.축산물점","고유가 피해지원금","070)4179-5525","71554804"
"웰빙나주배농원","금천면","전남 나주시 금천면","35.037102","126.753834","dong","농.수.축산물점","고유가 피해지원금","061)331-7884","44836472"
"금천농약사","금천면","경상북도 청도군 금천면 금천로 32","35.692038","128.89221","naver","농어업용품","고유가 피해지원금","061)331-7070","17239525"
"금천식품","금천면","전라남도 나주시 금천면 촌곡신가길 4","35.034895","126.765556","naver","기타 식품","고유가 피해지원금","","102922956"
"빛나U","금천면","전남 나주시 금천면","35.037161","126.751468","dong","악세사리점","고유가 피해지원금","","110792944"
"푸드홈즈 에프엔비(FandB)","금천면","전라남도 나주시 금천면 오강길 55 1층","35.032873","126.759711","naver","패스트푸드점","고유가 피해지원금","","113123791"
"에이치엘세라믹","금천면","전라남도 나주시 금천면 금봉로 251","34.99098","126.778866","naver","건축자재","고유가 피해지원금","061)334-7232","79021571"
"유한회사 에이치엘세라믹","금천면","전남 나주시 금천면","35.035294","126.749963","dong","건축자재","고유가 피해지원금","061)334-7231","89446438"
"진미추어탕","금천면","전라남도 나주시 금천면 금영로 801","35.019909","126.756652","naver","한식","고유가 피해지원금","061)334-9283","89828336"
"란타이태국마트","금천면","전남 나주시 금천면","35.037467","126.75296","dong","슈퍼마켓","고유가 피해지원금","061)335-2584","122281633"
"이지프린트","금천면","전남 나주시 금천면","35.032932","126.750537","dong","인쇄 및 광고","고유가 피해지원금","","121152931"
"엘도기획","금천면","전라남도 나주시 금천면 금영로 852-10","35.023961","126.755454","naver","인쇄 및 광고","고유가 피해지원금","061)334-4563","62737933"
"현디자인","금천면","전남 나주시 금천면","35.036681","126.750638","dong","인쇄 및 광고","고유가 피해지원금","070)4141-0408","72267065"
"파라치오폼","금천면","전남 나주시 금천면","35.03194","126.752789","dong","반려동물 서비스/용품점","고유가 피해지원금","061)334-1231","103566788"
"홍제산업","금천면","전라남도 나주시 금천면 금영로 852-9","35.024827","126.75469","naver","용역서비스업","고유가 피해지원금","061)334-8851","109548421"
"금화장여관","금천면","전라남도 나주시 금천면 영산로 5746","35.034979","126.756822","naver","기타숙박업","고유가 피해지원금","061)331-6679","14039910"
"타이탑스푸드마켓","금천면","전라남도 나주시 주면1길 7 고구려","34.997639","126.70549","naver","기타 식품","고유가 피해지원금","","110607901"
"남양유업 나주특판","금천면","전라남도 나주시 금천면 영산로 5740","35.034951","126.756373","naver","농.수.축산물점","고유가 피해지원금","061)334-0015","80499602"
"배아랑매점","금천면","전남 나주시 금천면","35.032243","126.751237","dong","기타 식품","고유가 피해지원금","061)331-7785","121213121"
"배아랑","금천면","전라남도 나주시 금천면 신가신촌길 66 배아랑","35.045705","126.763855","naver","커피/음료전문점","고유가 피해지원금","061)331-7785","120973976"
"플러스업교육원","금천면","전남 나주시 금천면","35.035916","126.750009","dong","문화/취미 기타","고유가 피해지원금","","113955082"
"만물상회","금천면","전라남도 나주시 빛가람로 838 주8동","35.020543","126.801894","naver","기성복점","고유가 피해지원금|온누리|전통시장","061)361-7797","75389439"
"타이푸드 똠얌꿍","금천면","전라남도 나주시 이창택지길 7-1","34.994153","126.705911","naver","일반음식점 기타","고유가 피해지원금","","119933356"
"동명가든","금천면","전라남도 나주시 금천면 영산로 5732-1","35.035033","126.755471","naver","한식","고유가 피해지원금","061)337-7938","13746158"
"모아반점","금천면","전라남도 나주시 금천면 금영로 953-1","35.032499","126.753646","naver","중식","고유가 피해지원금","061)331-6870","47909372"
"미니별관","금천면","전라남도 나주시 금천면 금영로 948 1층","35.032029","126.754084","naver","커피/음료전문점","고유가 피해지원금","02)1544-4223","114272037"
"나주  방부의원","금천면","전라남도 나주시 금천면 금영로 946","35.031688","126.753985","naver","일반.치과.한의원","고유가 피해지원금","061)337-8275","10539700"
"지에스25 나주금천점","금천면","전라남도 나주시 금천면 금영로 946-1","35.031812","126.754024","naver","편의점","고유가 피해지원금","","104213854"
"금천약국","금천면","전라남도 나주시 금천면 금영로 942","35.031494","126.753897","naver","약국","고유가 피해지원금","061)331-7116","120524505"
"혁신종합농기계","금천면","전라남도 나주시 금천면 오강리 431-1","35.028187","126.746974","naver","기타 수리서비스","고유가 피해지원금","061)331-8006","85311934"
"현대전기","금천면","전라남도 나주시 금천면 촌곡리 43-14","35.034928","126.768119","naver","조명 전기기구점","고유가 피해지원금","061)331-7964","13882557"
"(주)대건솔루션","금천면","전라남도 나주시 금천면 오강길 9-21 지오빌 상가 2동 101호","35.032993","126.754188","naver","용역서비스업","고유가 피해지원금","061)337-2400","103552897"
"장수돌침대","금천면","전라남도 나주시 금천면 영산로 5728","35.035173","126.755074","naver","일반가구점","고유가 피해지원금","061)331-0055","86392786"
"빛가람가구.장수돌침대","금천면","전남 나주시 금천면","35.036535","126.750211","dong","일반가구점","고유가 피해지원금","061)331-0055","19825330"
"금천윤업사","금천면","전남 나주시 금천면","35.03176","126.753204","dong","자전거판매점","고유가 피해지원금","061)331-7907","102063951"
"금오식당","금천면","전라남도 나주시 금천면 오강길 9-22","35.032855","126.754548","naver","한식","고유가 피해지원금","061)331-7632","49466372"
"필노래방","금천면","전라남도 나주시 금영로 947","35.031969","126.753671","naver","노래방","고유가 피해지원금","061)331-6592","31606707"
"(주) 꽃다비","금천면","전라남도 나주시 금천면 신가로 148","35.046317","126.761771","naver","차량 정비/부품/인테리어","고유가 피해지원금","063)331-1102","65674100"
"농업회사법인 주식회사 보리담은 스튜디오  담을지점","금천면","전남 나주시 금천면","35.037602","126.751538","dong","기타 식품","고유가 피해지원금","","121758983"
"번개전기조명","금천면","전라남도 나주시 금천면 연동길 57","35.030478","126.757688","naver","조명 전기기구점","고유가 피해지원금","061)332-3714","52643739"
"김미용실","금천면","전남 나주시 금천면","35.036084","126.755412","dong","미용원","고유가 피해지원금","","108877248"
"(유)다모아유통","금천면","전라남도 나주시 금천면 연동길 1-5","35.028969","126.75273","naver","주방 및 가정용품점","고유가 피해지원금","","115077556"
"금천떡방앗간","금천면","전라남도 나주시 금천면 벽류길 4","35.030903","126.752592","naver","미곡상","고유가 피해지원금","061)331-7867","64237887"
"까페 클라츠","금천면","전라남도 나주시 금천면 벽류길 1 녹차먹인돼지","35.030585","126.752899","naver","커피/음료전문점","고유가 피해지원금","","85772139"
"푸르내","금천면","전라남도 나주시 산포면 마성1길 42","35.037859","126.806532","naver","건강식품점","고유가 피해지원금","061)333-3391","94638751"
"옛날국밥","금천면","전라남도 나주시 금천면 금영로 957 옛날국밥","35.032851","126.753659","naver","한식","고유가 피해지원금","061)334-5255","92728487"
"이마트24  나주금천점","금천면","전라남도 나주시 금천면 금영로 959","35.033023","126.753563","naver","편의점","고유가 피해지원금","","115465954"
"이화골 식물병원","금천면","전라남도 나주시 금천면 금영로 965","35.033517","126.753631","naver","농어업용품","고유가 피해지원금","061)334-9886","91859168"
"시골통닭","금천면","전라남도 나주시 금천면 금영로 980 시골통닭","35.034764","126.753839","naver","한식","고유가 피해지원금","061)331-9393","50478804"
"(유)전남농약사","금천면","전라남도 나주시 왕곡면 장산양산길 2","34.976657","126.704828","naver","농어업용품","고유가 피해지원금","061)334-9990","39510350"
"금오카센타","금천면","전라남도 나주시 금천면 벽류길 6","35.030821","126.752374","naver","차량 정비/부품/인테리어","고유가 피해지원금","061)331-9932","17239767"
"금천농협하나로마트","금천면","전라남도 나주시 금천면 금영로 975 금천농협 하나로마트","35.034027","126.753521","naver","농.수.축협직판장","고유가 피해지원금","061)333-9700","115430465"
"삼일목재(주)","금천면","전라남도 나주시 금천면 영산로 5721-9","35.036978","126.754521","naver","건축자재","고유가 피해지원금","061)331-8778","39942202"
"조한약방","금천면","전라남도 나주시 금천면 영산로 5711","35.035562","126.753294","naver","한약방","고유가 피해지원금","061)331-8089","74404066"
"선바이크","금천면","전남 나주시 금천면","35.036298","126.749809","dong","자전거판매점","고유가 피해지원금","","102997407"
"그린건축","금천면","전라남도 나주시 산포면 산남로 67-42","35.045998","126.821965","naver","주택/건설","고유가 피해지원금","061)334-8005","108459827"
"연탄구이","금천면","전라남도 나주시 건재로 193","35.05073","126.721719","naver","한식","고유가 피해지원금","061)337-8226","95524103"
"봄헤어","금천면","전라남도 나주시 금천면 금영로 979-1","35.034912","126.753495","naver","미용원","고유가 피해지원금","","107945071"
"프로모터스","금천면","전라남도 나주시 금천면 금영로 979 금천식육점","35.034754","126.753564","naver","기타 수리서비스","고유가 피해지원금","061)331-2864","77595252"
"서울우유나주대리점","금천면","전라남도 나주시 금천면 오강길 59","35.033163","126.760015","naver","농.수.축산물점","고유가 피해지원금","061)336-4655","61937659"
"금천자동차공업사","금천면","전라남도 나주시 금천면 신가로 4","35.03572","126.753835","naver","차량 정비/부품/인테리어","고유가 피해지원금","061)331-8668","51307047"
"금천우영원예사","금천면","전라남도 나주시 금천면 신가로 8","35.035989","126.753779","naver","농어업용품","고유가 피해지원금","061)337-3331","15477996"
"성화식당","금천면","전라남도 나주시 금천면 신가로 8","35.036038","126.753789","naver","한식","고유가 피해지원금","061)332-1170","77607936"
"동아전기조명","금천면","전라남도 나주시 금천면 영산로 5713","35.035557","126.753526","naver","조명 전기기구점","고유가 피해지원금","061)337-4477","86870577"
"선진유기농비료","금천면","전라남도 나주시 금천면 신가로 71","35.041042","126.756607","naver","농어업용품","고유가 피해지원금","061)332-2075","102109373"
"한길광고기획","금천면","전남 나주시 금천면","35.032437","126.750221","dong","인쇄 및 광고","고유가 피해지원금","","107461860"
"조금나루","금천면","전라남도 나주시 금천면 영산로 5710","35.035151","126.7531","naver","한식","고유가 피해지원금","061)333-8285","116338384"
"광주상사","금천면","전라남도 나주시 금천면 신가로 3-1","35.035847","126.75354","naver","철물점","고유가 피해지원금","061)331-7428","32896713"
"어알아 인테리어 필름 아카데미","금천면","전남 나주시 금천면","35.031395","126.752992","dong","기술/사무/가정계학원","고유가 피해지원금","061)727-0624","118188675"
"부건주유소","금천면","전라남도 나주시 금천면 영산로 5703","35.035563","126.752559","naver","주유소","고유가 피해지원금","061)337-0875","120167132"
"부건주유소","금천면","전라남도 나주시 금천면 영산로 5703","35.035563","126.752559","naver","주유소","고유가 피해지원금","061)337-0875","102098926"
"보기만하면뭐하요먹어봐야제","금천면","전라남도 나주시 금천면 영산로 5700","35.035236","126.752224","naver","한식","고유가 피해지원금","061)334-2007","48624434"
"신선건강원","금천면","전남 나주시 금천면","35.037994","126.751688","dong","건강식품점","고유가 피해지원금","061)331-0510","88452364"
"연지가든","금천면","전라남도 나주시 금천면 금영로 961-31","35.032496","126.750527","naver","한식","고유가 피해지원금","061)332-5834","55147351"
"천석골","금천면","전라남도 나주시 금천면 영산로 5696","35.035154","126.75157","naver","한식","고유가 피해지원금","061)331-0723","15194978"
"우성가설재","금천면","전남 나주시 금천면","35.035978","126.749446","dong","건축자재","고유가 피해지원금","061)331-6329","58739765"
"빛가람주유소","금천면","전라남도 나주시 금천면 영산로 5680 S-OIL 빛가람주유소","35.034983","126.750061","naver","주유소","고유가 피해지원금","061)331-3138","100448072"
"동나주서비스기아오토큐(주)","금천면","전남 나주시 금천면","35.038035","126.753598","dong","차량 정비/부품/인테리어","고유가 피해지원금","061)337-3232","38153772"
"나주종합자동차유리","금천면","전남 나주시 금천면","35.032947","126.749684","dong","차량 정비/부품/인테리어","고유가 피해지원금","061)335-6262","75649603"
"조은농원","금천면","전남 나주시 금천면","35.034058","126.756023","dong","농.수.축산물점","고유가 피해지원금","061)332-2244","115871081"
"벽류골","금천면","전라남도 나주시 금천면 벽류길 60-3","35.028419","126.746546","naver","한식","고유가 피해지원금","061)333-7767","111284619"
"청동타이어수리소","금천면","전남 나주시 금천면","35.031281","126.752254","dong","차량 정비/부품/인테리어","고유가 피해지원금","061)331-6835","17435315"
"산뜰야생화농원","금천면","전라남도 나주시 금천면","35.035592","126.748359","naver","화원","고유가 피해지원금","061)332-1701","74035181"
"전자수리","금천면","전라남도 나주시 영산로 5390 삼성스토어 나주 1층","35.035581","126.718225","naver","기타 수리서비스","고유가 피해지원금","061)331-6921","121288372"
"케이모터스","금천면","전라남도 나주시 금천면 벽류길 78-66","35.030886","126.744923","naver","차량 정비/부품/인테리어","고유가 피해지원금","061)332-3397","92340402"
"성호전기조명","금천면","전라남도 나주시 금천면 미곡길 58","35.035212","126.745654","naver","조명 전기기구점","고유가 피해지원금","061)331-2851","86441510"
"빛가람풋살장","금천면","전라남도 나주시 금천면 원곡길 12","35.036265","126.745275","naver","레포츠클럽","고유가 피해지원금","061)333-3898","96794207"
"나주금천왕새우수산","금천면","전남 나주시 금천면","35.035272","126.756118","dong","농.수.축산물점","고유가 피해지원금","061)336-9399","117485410"
"나주금천왕새우 본점","금천면","전라남도 나주시 금천면 원곡길 20 1, 2동","35.037083","126.74557","naver","한식","고유가 피해지원금","061)336-9399","117480688"
"나주금천 왕새우","금천면","전라남도 나주시 금천면 원곡길 6 1층","35.035912","126.745164","naver","한식","고유가 피해지원금","061)332-2244","111620619"
"나래플라워","금천면","전남 나주시 금천면","35.037849","126.754338","dong","화원","고유가 피해지원금","","113103031"
"행복찾기 꽃플라워","금천면","전라남도 나주시 금천면 원곡길 6","35.035907","126.745159","naver","화원","고유가 피해지원금","061)333-5568","91886425"
"농업회사법인 주식회사 자연을품다","금천면","전남 나주시 금천면","35.033301","126.755901","dong","농.수.축산물점","고유가 피해지원금","061)335-9934","121727774"
"백년면옥","금천면","전라남도 나주시 금천면 영산로 5630 주2동 1층 일부","35.035084","126.744302","naver","한식","고유가 피해지원금","061)337-7976","116804824"
"풀꽃향기","금천면","전남 나주시 금천면","35.031337","126.751485","dong","문화/취미 기타","고유가 피해지원금","","117352575"
"장미꽃백화점","금천면","전라남도 나주시 금천면 영산로 5620","35.035261","126.74305","naver","화원","고유가 피해지원금","061)336-6633","74665917"
"유한회사 우성에코","금천면","전남 나주시 금천면","35.035584","126.749133","dong","용역서비스업","고유가 피해지원금","061)111-2222","114808693"
"기원","금천면","전라남도 나주시 남고문로 86 그릇나라","35.029086","126.720188","naver","일반잡화판매점","고유가 피해지원금","","116623253"
"판다코리아","금천면","전라남도 나주시 금천면 영산로 5611 2층","35.035876","126.742302","naver","농어업용품","고유가 피해지원금","061)1600-4767","100359822"
"엔젤체험농산","금천면","전남 나주시 금천면","35.032458","126.749809","dong","농.수.축산물점","고유가 피해지원금","","116909459"
"(주)죽림","금천면","전라남도 나주시 금천면 영산로 5576-19","35.034166","126.739179","naver","정육점","고유가 피해지원금","061)337-9366","66892813"
"나주승마클럽","금천면","전라남도 나주시 금천면 원곡길 71-116","35.043305","126.743473","naver","기타 레저업소","고유가 피해지원금","","105171483"
"부자인테리어","남내동","전남 나주시 남내동","35.031595","126.719877","dong","실내장식","고유가 피해지원금","","113045276"
"하늘호수","남내동","전라남도 나주시 나주천2길 126 세왕아파트","35.032245","126.720842","naver","양품점","고유가 피해지원금","061)333-9427","112485411"
"세븐일레븐 나주남고문점","남내동","전라남도 나주시 중앙로 4","35.029737","126.720464","naver","편의점","고유가 피해지원금","02)3284-8168","75281846"
"빛가람그린정수기","남내동","전라남도 나주시 중앙로 8","35.029912","126.720364","naver","정수기판매점","고유가 피해지원금","061)333-5677","78132931"
"에덴 미용실","남내동","전라남도 나주시 남내동 79","35.029964","126.718232","naver","미용원","고유가 피해지원금","061)333-1273","72558674"
"공원대중음식점","남내동","전남 나주시 남내동","35.03217","126.720233","dong","한식","고유가 피해지원금","061)334-3264","4103102"
"워크업 나주남고문점","남내동","전라남도 나주시 중앙로 8-2 워크업 나주남고문점","35.030109","126.720383","naver","스포츠용품점","고유가 피해지원금","","118003300"
"합동장식","남내동","전라남도 나주시 중앙로 12 합동장식","35.030347","126.720291","naver","지물 및 천막","고유가 피해지원금","061)333-6206","16143843"
"테크노가구","남내동","전라남도 나주시 나주천2길 116 테크노가구","35.031712","126.720456","naver","일반가구점","고유가 피해지원금","061)333-1820","91193656"
"로지아울렛","남내동","전라남도 나주시 중앙로 13","35.030524","126.71987","naver","주방기구점","고유가 피해지원금","","115629159"
"중앙기기상사","남내동","전라남도 나주시 중앙로 14","35.030501","126.720223","naver","철물점","고유가 피해지원금","061)336-4954","21068377"
"벨루스톤힐링카페","남내동","전라남도 나주시 남내1길 1 1층 벨루스톤힐링카페 나주점","35.029809","126.719976","naver","건강식품점","고유가 피해지원금","061)332-2244","121600639"
"남문OA시스템","남내동","전라남도 나주시 남고문로 85 남문OA시스템","35.029397","126.719905","naver","컴퓨터기기","고유가 피해지원금","061)333-1140","10333995"
"내가쏜다","남내동","전라남도 나주시 나주로 83-12","35.02634","126.71565","naver","한식","고유가 피해지원금","061)332-7078","46667279"
"아까르마","남내동","전라남도 나주시 남고문로 83","35.029326","126.719789","naver","미용원","고유가 피해지원금","061)333-3997","48480543"
"비비큐치킨","남내동","전라남도 나주시 중앙로 7 비비큐치킨","35.029976","126.719997","naver","일반음식점 기타","고유가 피해지원금|온누리","061)334-0078","69632361"
"유한회사  나라투어","남내동","전남 나주시 남내동","35.03104","126.718949","dong","관광여행사","고유가 피해지원금","061)332-0025","92942675"
"내일미디어","남내동","전라남도 나주시 중앙로 20","35.031059","126.720089","naver","인쇄 및 광고","고유가 피해지원금","061)333-4656","31985271"
"굽네치킨 나주점","남내동","전라남도 나주시 중앙로 20 1층 오른쪽 첫번째칸","35.031016","126.720115","naver","일반음식점 기타","고유가 피해지원금","061)334-3070","119848511"
"동신기획","남내동","전라남도 나주시 중앙로 9","35.03014","126.71998","naver","인쇄 및 광고","고유가 피해지원금","061)333-5770","91653717"
"남문전기조명","남내동","전라남도 나주시 중앙로 1","35.029567","126.719883","naver","조명 전기기구점","고유가 피해지원금","061)333-7145","19573981"
"나주종합동물병원","남내동","전라남도 나주시 중앙로 3 나주종합동물병원","35.029677","126.71977","naver","동물병원","고유가 피해지원금","061)336-8276","111018932"
"덕수당한약방","남내동","전라남도 나주시 중앙로 24","35.031391","126.720093","naver","한약방","고유가 피해지원금","061)332-5902","16115022"
"달보드레","남내동","전라남도 나주시 남내1길 2-1","35.029991","126.719824","naver","한식","고유가 피해지원금","","114045211"
"황가네","남내동","전라남도 나주시 재신길 6-9 경천지참붕어","35.022827","126.714759","naver","한식","고유가 피해지원금","061)332-5252","32211133"
"투다리","남내동","전라남도 나주시 남내1길 3","35.029829","126.719787","naver","일반주점","고유가 피해지원금","061)336-2704","86662503"
"거울공주","남내동","전남 나주시 남내동","35.032674","126.719843","dong","기성복점","고유가 피해지원금","","97173198"
"노랑통닭 나주중앙점","남내동","전라남도 나주시 중앙로 26","35.03146","126.719972","naver","일반음식점 기타","고유가 피해지원금","061)333-5022","111119287"
"나주밧데리할인마트","남내동","전라남도 나주시 중앙로 15 나주 자동차 밧데리 할인매장","35.030646","126.719836","naver","차량 정비/부품/인테리어","고유가 피해지원금","","105013863"
"남도소식 신문","남내동","전라남도 나주시 중앙로 15 대흥빌딩 3층","35.030616","126.719739","naver","인쇄 및 광고","고유가 피해지원금","061)334-1235","107343299"
"바른몸 받들클리닉","남내동","전남 나주시 남내동","35.029355","126.721596","dong","피부미용원","고유가 피해지원금","061)332-7555","55228673"
"빛고을가든","남내동","전라남도 나주시 남내1길 4-1","35.029939","126.719642","naver","한식","고유가 피해지원금","061)333-3390","107745703"
"리홈쿠첸나주서비스","남내동","전남 나주시 남내동","35.029772","126.719002","dong","가정용품수리","고유가 피해지원금","061)331-3799","46571584"
"요술","남내동","전라남도 나주시 남내3길 2 1층","35.031117","126.719616","naver","한식","고유가 피해지원금","061)332-2244","119019844"
"남산건재사","남내동","전라남도 나주시 중앙로 7","35.030051","126.720002","naver","철물점","고유가 피해지원금","061)333-4267","27841186"
"(주)케이제이제이상사","남내동","전라남도 나주시 대호길 3","35.036151","126.718366","naver","가전제품점","고유가 피해지원금","070)4001-4990","90112948"
"남문세차장","남내동","전라남도 나주시 남고문로 77 남문 손셀프세차장","35.029473","126.719264","naver","세차장","고유가 피해지원금","061)332-2224","113444850"
"골든카크리닉","남내동","전라남도 나주시 남고문로 77","35.029473","126.719265","naver","차량 정비/부품/인테리어","고유가 피해지원금","061)962-5137","54407279"
"수일통닭 나주점","남내동","전라남도 나주시 나주로 183-5","35.033663","126.720509","naver","일반음식점 기타","고유가 피해지원금","061)333-9288","107657923"
"(공식)귀뚜라미 나주대리점","남내동","전라남도 나주시 중앙로 23","35.031419","126.719645","naver","냉난방기구","고유가 피해지원금","061)337-9019","104463230"
"(주)아뜰리에이화","남내동","전남 나주시 남내동","35.029189","126.719432","dong","제과점/아이스크림점","고유가 피해지원금","061)332-4767","80948765"
"나주 탁구 교실","남내동","전라남도 나주시 남내3길 3","35.030944","126.719528","naver","레포츠클럽","고유가 피해지원금","061)332-2244","122127690"
"농가사랑","남내동","전남 나주시 남내동","35.031952","126.718649","dong","농.수.축산물점","고유가 피해지원금|온누리|전통시장","","116891417"
"금복식육식당","남내동","전라남도 나주시 금성길 2 금복식육식당","35.029167","126.719137","naver","한식","고유가 피해지원금","061)333-0400","120932494"
"유성각모텔","남내동","전라남도 나주시 나주천2길 106","35.031404","126.719338","naver","기타숙박업","고유가 피해지원금","061)333-8638","96678234"
"퍼피홀릭","남내동","전라남도 나주시 남내1길 10","35.029936","126.719042","naver","반려동물 서비스/용품점","고유가 피해지원금","061)333-0706","57171916"
"장충왕족발보쌈","남내동","전라남도 나주시 남고문로 40","35.028168","126.715425","naver","한식","고유가 피해지원금","061)332-2880","32932101"
"남고문정육식당","남내동","전라남도 나주시 금성길 1","35.029125","126.718923","naver","한식","고유가 피해지원금","061)332-2244","110843574"
"남고문정육","남내동","전라남도 나주시 금성길 1","35.029125","126.718923","naver","정육점","고유가 피해지원금","061)332-2244","111159954"
"나주현대종합씽크","남내동","전라남도 나주시 남고문로 83","35.029309","126.719776","naver","주방기구점","고유가 피해지원금","061)332-7731","35654491"
"튼튼영어","남내동","전라남도 나주시 그린로 153 제상가 1동 106호","35.0109","126.785108","naver","학습지","고유가 피해지원금","061)333-0594","26282351"
"명가","남내동","전라남도 나주시 금성길 16","35.030455","126.718815","naver","한식","고유가 피해지원금","061)337-2833","61978031"
"(주)금화소방설비공사","남내동","전라남도 나주시 남평읍 세남로 1672","35.036697","126.836841","naver","기계류 건축설비","고유가 피해지원금","061)332-0613","44349758"
"(주)미라클리너","남내동","전라남도 나주시 금성길 14 미라클리너","35.030288","126.718941","naver","용역서비스업","고유가 피해지원금","061)333-1209","112509688"
"약손피부앤헤어샵","남내동","전남 나주시 남내동","35.031093","126.722884","dong","미용원","고유가 피해지원금","062)434-9942","87820764"
"대호타이어카센타","남내동","전남 나주시 남내동","35.032469","126.718746","dong","차량 정비/부품/인테리어","고유가 피해지원금","061)332-9987","37097286"
"SF로봇랜드","남내동","전남 나주시 남내동","35.028636","126.720881","dong","이벤트업","고유가 피해지원금","061)372-5554","92066421"
"전통식당사랑채","남내동","전남 나주시 남내동","35.032931","126.721902","dong","한식","고유가 피해지원금","061)333-0116","33244817"
"자라","남내동","전라남도 나주시 금성길 26","35.031188","126.718582","naver","일반주점","고유가 피해지원금","062)522-3838","71914456"
"무등산약손피부관리","남내동","전남 나주시 남내동","35.029789","126.722647","dong","피부미용원","고유가 피해지원금","","113399185"
"흥일떡방앗간","남내동","전남 나주시 남내동","35.033274","126.719809","dong","미곡상","고유가 피해지원금","061)333-4040","83262805"
"오렌지생돈까스","남내동","전라남도 나주시 금성길 19-1","35.03077","126.718477","naver","일반음식점 기타","고유가 피해지원금","061)333-1194","52391821"
"남파고택 박경중가옥","남내동","전라남도 나주시 남내동","35.030317","126.71865","naver","기타 레저업소","고유가 피해지원금","061)332-6100","89138295"
"지음","남내동","전라남도 나주시 중앙로 52 1층","35.033951","126.719308","naver","미곡상","고유가 피해지원금","061)332-0913","106171965"
"한(끼 잔)포차","남내동","전남 나주시 남내동","35.02879","126.721716","dong","한식","고유가 피해지원금","061)332-2244","118387770"
"컷팅헤어샵","남내동","전라남도 나주시 나주로 118","35.029301","126.717742","naver","미용원","고유가 피해지원금","061)332-7274","49353232"
"선배의 수학교습소","남외동","전남 나주시 남외동","35.027808","126.721432","dong","문리계학원","고유가 피해지원금","","120033483"
"나주역커피","남외동","전라남도 나주시 학생운동길 44 나주역커피","35.027485","126.724436","naver","기타 식품","고유가 피해지원금","","99727822"
"윤샘유통","남외동","전라남도 나주시 남외1길 61 창고","35.027239","126.724213","naver","정수기판매점","고유가 피해지원금","","120498515"
"빛가람 푸른 샘물","남외동","전라남도 나주시 남외1길 61 창","35.027239","126.724213","naver","정수기판매점","고유가 피해지원금","062)371-0000","116846420"
"스파클총판","남외동","전라남도 나주시 남외동","35.0263","126.7221","naver","정수기판매점","고유가 피해지원금","061)336-3600","49423030"
"황진이 피부관리","남외동","전라남도 나주시 학생운동길 39 1층","35.027729","126.723989","naver","피부미용원","고유가 피해지원금","","30764634"
"(주)비노월드와이드","남외동","전남 나주시 남외동","35.026049","126.721519","dong","기타 식품","고유가 피해지원금","061)336-1232","113576961"
"(주)이너서클컴퍼니","남외동","전남 나주시 남외동","35.027641","126.723352","dong","이벤트업","고유가 피해지원금","061)335-2123","108298025"
"댕기머리게스트하우스","남외동","전라남도 나주시 금천면 촌곡길 66","35.040322","126.773923","naver","기타숙박업","고유가 피해지원금","","121403988"
"죽림밥상","남외동","전라남도 나주시 학생운동길 35","35.0281","126.723746","naver","한식","고유가 피해지원금","061)337-0223","113270381"
"디자인감","남외동","전라남도 나주시 남외동 3-1","35.027967","126.723503","naver","인쇄 및 광고","고유가 피해지원금","","27714809"
"주방씽크대클리닉","남외동","전남 나주시 남외동","35.026454","126.720845","dong","기타 수리서비스","고유가 피해지원금","","121866048"
"중앙판유리상사","남외동","전남 나주시 남외동","35.026866","126.723568","dong","건축자재","고유가 피해지원금","061)332-1155","50591589"
"나주아구찜","남외동","전라남도 나주시 남고문로 106","35.028934","126.722437","naver","한식","고유가 피해지원금","061)333-5133","110466921"
"SH 커머스","남외동","전남 나주시 남외동","35.025648","126.721911","dong","기성복점","고유가 피해지원금","061)332-2244","69000868"
"상상예술창고","남외동","전라남도 나주시 남외1길 37-5 상상예술창고","35.027771","126.721533","naver","화랑","고유가 피해지원금","061)332-3111","106679226"
"타드림 커피and자판기(무인카페 가맹본점)","남외동","전남 나주시 남외동","35.027253","126.720504","dong","자동판매기 운영업","고유가 피해지원금","","105196606"
"타드림24시무인카페가맹본점","남외동","전라남도 나주시 남고문로 99 타드림24시무인카페가맹본점","35.029346","126.721653","naver","자동판매기 운영업","고유가 피해지원금","061)336-3908","106032851"
"타드림24시무인카페 가맹본점","남외동","전라남도 나주시 남고문로 99 타드림24시무인카페가맹본점","35.029346","126.721653","naver","자동판매기 운영업","고유가 피해지원금","","113019842"
"타드림&커피&자판기","남외동","전라남도 나주시 남고문로 99 타드림커피자판기","35.029346","126.721653","naver","자동판매기 운영업","고유가 피해지원금","061)336-3908","21873496"
"조은디자인","남외동","전라남도 나주시 상야4길 11 대양프라자B동 106호","35.022183","126.792795","naver","인쇄 및 광고","고유가 피해지원금|온누리","061)333-1002","64912272"
"남문소머리국밥","남외동","전라남도 나주시 남고문로 95","35.029334","126.721333","naver","한식","고유가 피해지원금","061)333-3076","77161048"
"(유)연합항공여행사","남외동","전라남도 나주시 남고문로 94","35.029093","126.720958","naver","관광여행사","고유가 피해지원금","061)333-0121","61991914"
"나주팥죽","남외동","전라남도 나주시 남고문로 96 1층","35.029082","126.721145","naver","일반음식점 기타","고유가 피해지원금","061)336-3803","113379139"
"엔커피","남외동","전라남도 나주시 학생운동길 11 1층","35.028593","126.721058","naver","커피/음료전문점","고유가 피해지원금","061)333-7275","94825797"
"성일인테리어","남외동","전라남도 나주시 남외1길 31-1","35.027765","126.720911","naver","주택/건설","고유가 피해지원금","","105125047"
"육송정면앤밥","남외동","전라남도 나주시 학생운동길 7-1","35.028694","126.720798","naver","한식","고유가 피해지원금","061)366-6366","81976451"
"삼원도장","남외동","전라남도 나주시 남고문로 89","35.029427","126.720798","naver","건축자재","고유가 피해지원금","061)332-4560","18019419"
"나주컴퓨터","남외동","전라남도 나주시 남고문로 92","35.029106","126.72073","naver","컴퓨터기기","고유가 피해지원금","061)333-8876","4783506"
"종합장식","남외동","전라남도 나주시 중앙로 2-2","35.02953","126.720711","naver","실내장식","고유가 피해지원금","061)333-7701","111066157"
"나주번개광고","남외동","전라남도 나주시 중앙로 8","35.029946","126.72037","naver","인쇄 및 광고","고유가 피해지원금","061)334-0908","65595783"
"나주종합설비타일위생기","남외동","전라남도 나주시 남고문로 90 나주종합설비타일위생기","35.02912","126.720566","naver","건축자재","고유가 피해지원금","061)336-5115","88051322"
"스쿨룩스학생복","남외동","전라남도 나주시 남고문로 90","35.029136","126.720497","naver","기성복점","고유가 피해지원금","061)334-2456","41779652"
"나주영창종합악기점","남외동","전라남도 나주시 학생운동길 1 나주영창종합악기점","35.029031","126.720546","naver","피아노판매점","고유가 피해지원금","061)332-7021","5444803"
"1839-나주","남외동","전남 나주시 남외동","35.028656","126.720751","dong","사진관","고유가 피해지원금","","107112021"
"뉴베리","남외동","전남 나주시 남외동","35.025167","126.72212","dong","서점","고유가 피해지원금","061)332-3623","73320149"
"카페북","남외동","전라남도 나주시 남고문로 86-1","35.029079","126.720309","naver","커피/음료전문점","고유가 피해지원금","061)333-3245","119663489"
"스타노래뮤비방","남외동","전라남도 나주시 남고문로 86-1","35.02908","126.720326","naver","노래방","고유가 피해지원금","061)333-3245","112640617"
"크레모나","남외동","전라남도 나주시 남고문로 86","35.029091","126.720122","naver","휴게음식점","고유가 피해지원금","061)336-0036","81112001"
"쿠쿠나주점","남외동","전라남도 나주시 남고문로 84","35.029042","126.719995","naver","가전제품점","고유가 피해지원금","061)333-3306","59101019"
"미장원","남외동","전라남도 나주시 상야1길 7 예가람타워 307호","35.022559","126.786356","naver","미용원","고유가 피해지원금","061)334-9346","106297904"
"나주플라워","남외동","전라남도 나주시 남고문로 80","35.028922","126.71955","naver","화원","고유가 피해지원금","061)332-5000","29520378"
"고려종합물류마트","남외동","전라남도 나주시 남외1길 13-8","35.028446","126.719253","naver","일반잡화판매점","고유가 피해지원금","061)333-6612","67893333"
"학생분식","남외동","전라남도 나주시 남외1길 13-2 분식점","35.027957","126.719208","naver","휴게음식점","고유가 피해지원금","","119573543"
"아르떼음악학원","남외동","전라남도 나주시 남고문로 78 1층","35.028877","126.719408","naver","예체능계학원","고유가 피해지원금","061)324-0345","110877391"
"뮤엠영어학원","남외동","전라남도 나주시 월정1길 41 3층","35.009738","126.787296","naver","외국어학원","고유가 피해지원금","061)333-3405","65831621"
"봄날","남외동","전라남도 나주시 남고문로 76 1층","35.028865","126.719205","naver","커피/음료전문점","고유가 피해지원금","061)334-7719","103796532"
"어린이문구","남외동","전라남도 나주시 남외1길 13","35.027936","126.719027","naver","문방구점","고유가 피해지원금","061)332-2244","118010862"
"남고문self주유소","남외동","전남 나주시 남외동","35.024997","126.72164","dong","주유소","고유가 피해지원금","061)337-4451","34595536"
"막둥이네 가전 Cleaning","남외동","전라남도 나주시 남고문로 70-6","35.028458","126.718502","naver","용역서비스업","고유가 피해지원금","","102096582"
"남문오토바이","남외동","전라남도 나주시 남고문로 70","35.028651","126.718441","naver","오토바이판매점","고유가 피해지원금","061)331-8940","49222201"
"아인미술교실","남외동","전라남도 나주시 대호길 12","35.037092","126.718579","naver","예체능계학원","고유가 피해지원금","061)382-8635","56561550"
"에스제이모터스","남외동","전라남도 나주시 나주로 89","35.026863","126.716745","naver","차량 정비/부품/인테리어","고유가 피해지원금","061)333-9772","83425611"
"나주유통","남외동","전라남도 나주시 황동3길 50-38 1층","35.011734","126.776255","naver","기성복점","고유가 피해지원금","","100704733"
"나주생수총판","남외동","전라남도 나주시 남외동","35.0263","126.7221","naver","정수기판매점","고유가 피해지원금","061)333-5677","24032609"
"트렉터 세상","남평읍","전라남도 나주시 남평읍 등수평야길 221","35.031783","126.829356","naver","기타 수리서비스","고유가 피해지원금","061)332-1531","84826846"
"흑염소명가","남평읍","전라남도 나주시 남평읍 세남로 1538","35.02516","126.832551","naver","한식","고유가 피해지원금","061)332-8778","90809583"
"원영자동차공업사","남평읍","전라남도 나주시 남평읍 등수평야길 250","35.030041","126.831341","naver","차량 정비/부품/인테리어","고유가 피해지원금","061)337-0113","65688071"
"씨유(CU) 남평한국점","남평읍","전라남도 나주시 남평읍 세남로 1544 (교원리)","35.025887","126.832349","naver","편의점","고유가 피해지원금","02)1577-8007","118974172"
"미소삼겹살","남평읍","전라남도 나주시 남평읍 세남로 1544","35.02587","126.832342","naver","한식","고유가 피해지원금","061)335-3616","79023691"
"송월","남평읍","전라남도 나주시 송월4길 7","35.017178","126.717069","naver","중식","고유가 피해지원금","","121440735"
"201(이공일)","남평읍","전라남도 나주시 남평읍 세남로 1585 1층","35.029706","126.832756","naver","커피/음료전문점","고유가 피해지원금","","122424605"
"이공일","남평읍","전라남도 나주시 남평읍 세남로 1585 1층","35.029706","126.832756","naver","커피/음료전문점","고유가 피해지원금","","115181332"
"일품양평해장국나주남평점","남평읍","전라남도 나주시 남평읍 세남로 1585 1호","35.029706","126.832756","naver","한식","고유가 피해지원금","061)337-9705","114582652"
"나주중기공업사","남평읍","전남 나주시 남평읍","35.044035","126.844595","dong","기타 수리서비스","고유가 피해지원금","061)332-3612","111962538"
"밝은마음병원 매점","남평읍","전남 나주시 남평읍","35.046663","126.844431","dong","일반잡화판매점","고유가 피해지원금","","108872540"
"런던히스토리","남평읍","전라남도 나주시 남평읍 세남로 1601 앤틱가구 런던히스토리","35.031031","126.833098","naver","중고물품 판매점","고유가 피해지원금","","94342006"
"방축철물","남평읍","전라남도 나주시 남평읍 세남로 1596","35.030504","126.833257","naver","철물점","고유가 피해지원금","061)333-9835","97926654"
"제라씽크","남평읍","전라남도 나주시 남평읍 세남로 1602","35.030798","126.833373","naver","주방기구점","고유가 피해지원금","061)332-9551","78340481"
"광산금속","남평읍","전라남도 나주시 남평읍 세남로 1620","35.033549","126.835402","naver","중고물품 판매점","고유가 피해지원금","061)331-9696","101350163"
"동아타이어","남평읍","전라남도 나주시 남평읍 세남로 1640","35.033779","126.835497","naver","차량 정비/부품/인테리어","고유가 피해지원금","061)331-6726","17014182"
"숲속의산책펜션","남평읍","전라남도 나주시 남평읍 방축2길 26-28","35.032554","126.836364","naver","펜션/민박","고유가 피해지원금","061)337-0114","80281120"
"현대중장비전남판매(주)","남평읍","전남 나주시 남평읍","35.044147","126.845161","dong","기계 및 장비임대업","고유가 피해지원금","062)366-8611","94717038"
"백제종합상사","남평읍","전라남도 나주시 산포면 산남로 44","35.041729","126.819054","naver","농어업용품","고유가 피해지원금","061)333-3232","51501155"
"신성","남평읍","전라남도 나주시 봉황면 봉황로 763 새신성의원","34.958656","126.785371","naver","차량 정비/부품/인테리어","고유가 피해지원금","","98360330"
"대광타이어","남평읍","전라남도 나주시 남평읍 교원교촌길 7","35.034951","126.836521","naver","차량 정비/부품/인테리어","고유가 피해지원금","061)332-9275","94703281"
"(주)부성테크","남평읍","전라남도 나주시 세남로 1667","35.036006","126.835668","naver","건축자재","고유가 피해지원금","061)336-6711","112196354"
"현대중기정비","남평읍","전라남도 나주시 남평읍 세남로 1642-1","35.034487","126.838196","naver","기타 수리서비스","고유가 피해지원금","061)333-0958","79924498"
"일급혁신자동차 주식회사","남평읍","전남 나주시 남평읍","35.046841","126.844887","dong","차량 정비/부품/인테리어","고유가 피해지원금","061)332-4300","59272844"
"씨멘","남평읍","전라남도 나주시 남평읍 교원교촌길 25","35.035765","126.838005","naver","레저용품점","고유가 피해지원금","062)681-0055","3883088"
"남평골프","남평읍","전라남도 나주시 남평읍 나주호로 442-129","34.95985","126.872937","naver","골프연습장","고유가 피해지원금","061)337-7090","41431811"
"해성자동차공업사","남평읍","전라남도 나주시 남평읍 교원교촌길 32","35.035894","126.838808","naver","차량 정비/부품/인테리어","고유가 피해지원금","061)332-5800","66846458"
"남평LPG충전소","남평읍","전라남도 나주시 남평읍 산남로 179","35.046075","126.832768","naver","충전소","고유가 피해지원금","061)337-8855","64182706"
"공단철공업공단고물상","남평읍","전남 나주시 남평읍","35.046176","126.845671","dong","철물점","고유가 피해지원금","061)331-0079","72192582"
"바이앤바이오","남평읍","전라남도 나주시 남평읍 남평향교길 130","35.030916","126.843045","naver","농어업용품","고유가 피해지원금","062)951-5657","66745389"
"농업회사법인 우리정미소(주)","남평읍","전남 나주시 남평읍","35.04368","126.845044","dong","미곡상","고유가 피해지원금","","100283942"
"농업회사법인 주식회사 윤산","남평읍","전남 나주시 남평읍","35.047215","126.844332","dong","미곡상","고유가 피해지원금","","96139930"
"명성타이어","남평읍","전남 나주시 남평읍","35.044097","126.84245","dong","차량 정비/부품/인테리어","고유가 피해지원금","061)331-1189","32069193"
"인근주유소","남평읍","전라남도 나주시 동강면 남악동강로 1432","34.9299","126.567056","naver","주유소","고유가 피해지원금","061)331-0251","8730857"
"옥이네족발냉면","남평읍","전라남도 나주시 남평읍 원촌길 3","35.037591","126.841043","naver","한식","고유가 피해지원금","061)335-8895","119352088"
"남평점 기아오토큐","남평읍","전라남도 나주시 남평읍 세남로 1771-22","35.045627","126.835019","naver","차량 정비/부품/인테리어","고유가 피해지원금","061)333-3535","103728600"
"디자인콤마","남평읍","전남 나주시 남평읍","35.046809","126.845372","dong","인쇄 및 광고","고유가 피해지원금","061)333-0013","53374542"
"공생건설","남평읍","전남 나주시 남평읍","35.045109","126.841956","dong","기타 건축자재","고유가 피해지원금","062)529-0403","122330448"
"갯벌낙지전문점","남평읍","전라남도 나주시 남평읍 세남로 1767","35.045216","126.836283","naver","한식","고유가 피해지원금","061)331-1517","20191707"
"봉황타이어","남평읍","전라남도 나주시 남평읍 세남로 1758","35.044133","126.836795","naver","차량 정비/부품/인테리어","고유가 피해지원금","061)331-8391","112029339"
"동광자동차 정비","남평읍","전라남도 나주시 남평읍 산남로 205","35.046202","126.83565","naver","차량 정비/부품/인테리어","고유가 피해지원금","061)335-1222","100742422"
"원촌뜰","남평읍","전라남도 나주시 남평읍 원촌길 28","35.037782","126.842751","naver","펜션/민박","고유가 피해지원금","","121571789"
"여수장어 한마리","남평읍","전라남도 나주시 남평읍 교원교촌길 75 1층","35.038589","126.841812","naver","한식","고유가 피해지원금","061)333-3577","116089308"
"(유)윈랩창테크","남평읍","전남 나주시 남평읍","35.043274","126.844754","dong","건축자재","고유가 피해지원금","","86549269"
"월드컵모텔","남평읍","전라남도 나주시 남평읍 세남로 1772-4","35.045114","126.837464","naver","기타숙박업","고유가 피해지원금","061)331-1723","35097548"
"(유)광남하우징","남평읍","전라남도 나주시 남평읍 산남로 213","35.04663","126.836447","naver","건축자재","고유가 피해지원금","061)335-0485","100889389"
"케이(K)-디벨로퍼공인중개사사무소K-디벨로퍼인력소개","남평읍","전남 나주시 남평읍","35.044648","126.846113","dong","부동산 중개업","고유가 피해지원금","","121761396"
"호암사이언스","남평읍","전라남도 나주시 남평읍 남평리 184-5","35.045369","126.837636","naver","교육기자재","고유가 피해지원금","061)333-9277","79758141"
"드림푸드","남평읍","전라남도 나주시 봉황면 영나로 1992","34.957041","126.73677","naver","휴게음식점","고유가 피해지원금","","121622154"
"아세아맨홀","남평읍","전라남도 나주시 남평읍 산남로 217 아세아맨홀","35.046477","126.836858","naver","건축자재","고유가 피해지원금","061)337-1165","96947447"
"너른터","남평읍","전라남도 나주시 남평읍 세남로 1772-7","35.045769","126.83762","naver","한식","고유가 피해지원금","061)331-8877","51362492"
"진매트","남평읍","전라남도 나주시 남평읍 지석로 4 1층 2호","35.045981","126.83772","naver","기타 전자제품","고유가 피해지원금","061)1577-6044","111871253"
"커피드림","남평읍","전라남도 나주시 남평읍 지석로 4 커피드림","35.045986","126.837689","naver","커피/음료전문점","고유가 피해지원금","","107537589"
"유한회사 진매트","남평읍","전남 나주시 남평읍","35.043649","126.842377","dong","기타 전자제품","고유가 피해지원금","061)333-3465","114082557"
"꿈의궁전","남평읍","전라남도 나주시 남평읍 세남로 1772-10","35.045404","126.837989","naver","기타숙박업","고유가 피해지원금","061)337-9001","20421564"
"성우상사","남평읍","전라남도 나주시 남평읍 남평2로 45-52","35.045656","126.839578","naver","건축자재","고유가 피해지원금","061)333-1114","44191377"
"봄봄메디","남평읍","전남 나주시 남평읍","35.042961","126.844329","dong","제약회사/의약품도매업체","고유가 피해지원금","061)333-2570","114349994"
"대한광고","남평읍","전라남도 나주시 남평읍 세남로 1546-13","35.025776","126.833972","naver","인쇄 및 광고","고유가 피해지원금","061)331-1091","27637444"
"(주)선교산업","남평읍","전남 나주시 남평읍","35.044763","126.841674","dong","지물 및 천막","고유가 피해지원금","","118574620"
"유림","남평읍","전라남도 나주시 내동길 9-3","35.014093","126.713323","naver","일반가구점","고유가 피해지원금","061)337-6314","26170486"
"세븐일레븐 나주남평점","남평읍","전라남도 나주시 남평읍 지석로 6","35.045971","126.837987","naver","편의점","고유가 피해지원금","02)1577-0711","106947238"
"미니스톱 나주남평점","남평읍","전남 나주시 남평읍","35.043086","126.842994","dong","편의점","고유가 피해지원금","02)1577-9621","89715381"
"만들어진음향영상","남평읍","전남 나주시 남평읍","35.046254","126.846255","dong","이벤트업","고유가 피해지원금","","114254866"
"팬타곤 엔터테인먼트","남평읍","전남 나주시 남평읍","35.04612","126.841684","dong","이벤트업","고유가 피해지원금","","108161389"
"로또맥주","남평읍","전라남도 나주시 남평읍 지석로 10 로또토토","35.045724","126.838467","naver","일반잡화판매점","고유가 피해지원금","","92714129"
"부영식육식당맛대맛","남평읍","전남 나주시 남평읍","35.047707","126.844625","dong","한식","고유가 피해지원금","061)334-9255","111817712"
"부영식육점","남평읍","전라남도 나주시 남평읍 지석로 10","35.045769","126.838262","naver","정육점","고유가 피해지원금","061)334-9255","104419408"
"애호박국밥 전문점","남평읍","전라남도 나주시 남평읍 산남로 231 탑모텔 1층","35.047122","126.837592","naver","한식","고유가 피해지원금","061)331-8514","117676672"
"탑모텔","남평읍","전라남도 나주시 남평읍 산남로 231","35.047137","126.837589","naver","기타숙박업","고유가 피해지원금","061)331-8511","32369845"
"탑모텔","남평읍","전라남도 나주시 남평읍 산남로 231","35.047137","126.837589","naver","기타숙박업","고유가 피해지원금","061)331-8511","112893929"
"파도소리","남평읍","전라남도 나주시 남평읍 지석로 13 파도소리모텔","35.0459","126.838918","naver","기타숙박업","고유가 피해지원금","","97304042"
"파도소리 모텔","남평읍","전라남도 나주시 남평읍 지석로 13 파도소리모텔","35.0459","126.838918","naver","기타숙박업","고유가 피해지원금","","119363476"
"심할머니 안흥찐빵 남평점","남평읍","전라남도 나주시 남평읍 남평1로 5","35.046567","126.838356","naver","휴게음식점","고유가 피해지원금","061)333-7561","106640626"
"승리종합기계","남평읍","전라남도 나주시 남평읍","35.034741","126.835036","naver","기타 수리서비스","고유가 피해지원금","","100830301"
"라이브노래방","남평읍","전라남도 나주시 남평읍 교원교촌길 100","35.040611","126.843134","naver","노래방","고유가 피해지원금","","104154381"
"최춘열능이버섯삼계탕(남평점)","남평읍","전라남도 나주시 남평읍 지석로 15 상가 1층","35.045756","126.839255","naver","한식","고유가 피해지원금","061)333-1987","121618223"
"COFFEE 팝콘","남평읍","전라남도 나주시 남평읍 지석로 15 COFFEE POPCORN","35.045738","126.839209","naver","일반음식점 기타","고유가 피해지원금","061)331-1976","82854858"
"노통장치킨호프","남평읍","전남 나주시 남평읍","35.042753","126.844714","dong","일반주점","고유가 피해지원금","061)334-7655","28041612"
"식물크리닉","남평읍","전라남도 나주시 남평읍 세남로 1725-80","35.040644","126.827818","naver","농어업용품","고유가 피해지원금","061)332-4544","72450355"
"부자수산","남평읍","전라남도 나주시 상야4길 16-10 1층 101호","35.023303","126.793197","naver","농.수.축산물점","고유가 피해지원금","","103349256"
"새농원농자재마트","남평읍","전남 나주시 남평읍","35.044301","126.84649","dong","기타운송기구판매점","고유가 피해지원금","061)331-2759","20297457"
"남평참숯화로구이","남평읍","전라남도 나주시 남평읍 지석로 28 1층 101호","35.044895","126.840113","naver","한식","고유가 피해지원금","","117229201"
"낙지명가","남평읍","전라남도 나주시 남평읍 지석로 28","35.044956","126.839963","naver","한식","고유가 피해지원금","062)333-1026","88221344"
"앗싸노래방","남평읍","전라남도 나주시 남평읍 교원교촌길 105","35.041136","126.843023","naver","노래방","고유가 피해지원금","061)331-0076","44497652"
"배달통닭","남평읍","전라남도 나주시 남평읍 남평1로 9-1 지도","35.046618","126.838728","naver","일반음식점 기타","고유가 피해지원금","","88742115"
"남평조명전업사","남평읍","전라남도 나주시 남평읍 남평1로 18","35.046564","126.839579","naver","조명 전기기구점","고유가 피해지원금","061)333-1900","63433609"
"연화식당","남평읍","전라남도 나주시 남평읍 남평2로 45-52 남도종합건축","35.045692","126.839625","naver","한식","고유가 피해지원금","061)333-9333","46281965"
"봉쓰헤어","남평읍","전라남도 나주시 남평읍 남평2로 45-53","35.045431","126.839965","naver","미용원","고유가 피해지원금","061)331-0323","94421146"
"제이오(주)","남평읍","전라남도 나주시 월정1길 10 영무예다음아파트 상가동 112호","35.012789","126.786873","naver","주택/건설","고유가 피해지원금","061)334-8070","107255594"
"남평로또점","남평읍","전라남도 나주시 남평읍 남평1로 12","35.046476","126.839083","naver","일반잡화판매점","고유가 피해지원금","","97469286"
"제일건강원","남평읍","전라남도 나주시 건재로 539","35.065982","126.751384","naver","건강식품점","고유가 피해지원금","061)331-6503","121717299"
"보리밭","남평읍","전라남도 나주시 남평읍 남평1로 12 103, 104, 105호","35.046476","126.839083","naver","한식","고유가 피해지원금","061)332-2244","121083863"
"남선전기","남평읍","전라남도 나주시 남평읍 교원교촌길 106","35.041089","126.843178","naver","차량 정비/부품/인테리어","고유가 피해지원금","070)7614-3579","94144367"
"에스엠텍","남평읍","전남 나주시 남평읍","35.043704","126.846344","dong","과학기자재점","고유가 피해지원금","062)233-3050","74882977"
"별미향","남평읍","전라남도 나주시 남평읍 남평1로 11","35.046654","126.838814","naver","한식","고유가 피해지원금","061)337-4545","32889882"
"공오렉카","남평읍","전남 나주시 남평읍","35.042808","126.842607","dong","차량견인업","고유가 피해지원금","","109396394"
"(주)한은에이씨","남평읍","전남 나주시 남평읍","35.046197","126.846726","dong","농어업용품","고유가 피해지원금|온누리","061)820-7720","112840624"
"엔(n)카페","남평읍","전라남도 나주시 그린로 339 1층 102호","35.016705","126.794169","naver","커피/음료전문점","고유가 피해지원금","","108432722"
"남평카센터","남평읍","전라남도 나주시 남평읍 남평1로 1 타이어뱅크 남평점","35.046707","126.838105","naver","차량 정비/부품/인테리어","고유가 피해지원금","062)375-0552","86673649"
"송하","남평읍","전라남도 나주시 남평읍 강변2길 20 상가 1동 105호, 106호","35.041084","126.852615","naver","커피/음료전문점","고유가 피해지원금","061)333-0466","101798701"
"피드넷","남평읍","전라남도 나주시 남평읍 남평리 270-7","35.045386","126.840435","naver","농어업용품","고유가 피해지원금","061)332-8021","50650885"
"송림","남평읍","전라남도 나주시 남평읍 지석로 59","35.042897","126.842287","naver","한식","고유가 피해지원금","061)333-3285","85284392"
"대촌국밥","남평읍","전라남도 나주시 남평읍 지석로 59","35.042876","126.842319","naver","한식","고유가 피해지원금","061)331-7503","111676353"
"소문난밥집","남평읍","전라남도 나주시 남평읍 남평1로 16","35.046538","126.839367","naver","한식","고유가 피해지원금","061)332-5306","103240371"
"부일건강원","남평읍","전라남도 나주시 남평읍 남평1로 16","35.04655","126.839429","naver","건강식품점","고유가 피해지원금","061)331-1813","62706966"
"동남하우징","남평읍","전남 나주시 남평읍","35.045515","126.841046","dong","주택/건설","고유가 피해지원금","070)7614-3579","120657761"
"행복이불","남평읍","전라남도 나주시 남평읍 남평1로 13","35.046682","126.839223","naver","침구/커튼/카펫트점","고유가 피해지원금","","103508921"
"건강밥상","남평읍","전남 나주시 남평읍","35.048285","126.843959","dong","한식","고유가 피해지원금","","112453583"
"빛가람실버카페","남평읍","전남 나주시 남평읍","35.04306","126.842011","dong","커피/음료전문점","고유가 피해지원금","061)334-7090","100679381"
"강변카랜드","남평읍","전라남도 나주시 남평읍 남평1로 11-4","35.047261","126.839006","naver","차량 정비/부품/인테리어","고유가 피해지원금","061)333-0865","85895495"
"전남원예자재","남평읍","전라남도 나주시 남평읍 지석로 29","35.045239","126.840471","naver","농어업용품","고유가 피해지원금","061)331-9809","16615481"
"황구엄마네집","남평읍","전라남도 나주시 남평읍 남평2로 45-40","35.045777","126.840342","naver","한식","고유가 피해지원금","061)331-9110","59281732"
"장원","남평읍","전라남도 나주시 남평읍 남평1로 18","35.04657","126.839629","naver","한식","고유가 피해지원금","061)331-9967","69853810"
"장수한의원","남평읍","전라남도 나주시 남평읍 남평1로 18 1층","35.046613","126.839721","naver","일반.치과.한의원","고유가 피해지원금","061)331-1075","119390831"
"중국관","남평읍","전라남도 나주시 남평읍 남평2로 3","35.042604","126.843014","naver","중식","고유가 피해지원금","061)331-9996","29738222"
"너울네트웍스","남평읍","전라남도 나주시 남평읍 남평2로 5-1 너울네트웍스","35.042845","126.843016","naver","정보통신기기","고유가 피해지원금","061)336-2307","66155770"
"청용씽크대.가구","남평읍","전남 나주시 남평읍","35.042435","126.84287","dong","주방기구점","고유가 피해지원금","061)332-9240","49149415"
"평화의료기기","남평읍","전남 나주시 남평읍","35.046649","126.846782","dong","의료기기 및 용품","고유가 피해지원금","061)336-0708","117376510"
"산지농산","남평읍","전라남도 나주시 남평읍 교원교촌길 94","35.040264","126.843119","naver","농.수.축산물점","고유가 피해지원금","","100526720"
"가인","남평읍","전라남도 나주시 중앙로 34 미르샘빌딩","35.032305","126.719766","naver","주택/건설","고유가 피해지원금","061)333-7107","120434185"
"영평카센타","남평읍","전라남도 나주시 남평읍 남평2로 7","35.042825","126.842787","naver","차량 정비/부품/인테리어","고유가 피해지원금","061)334-6060","18343560"
"황금손세차장","남평읍","전라남도 나주시 남평읍 남평2로 7","35.042977","126.842865","naver","세차장","고유가 피해지원금","061)336-4789","117424320"
"그린유통","남평읍","전라남도 나주시 상야4길 16-16","35.023917","126.793042","naver","농.수.축산물점","고유가 피해지원금","061)332-2244","119511937"
"장작호프","남평읍","전라남도 나주시 남평읍 남평2로 15","35.043659","126.842902","naver","일반주점","고유가 피해지원금","061)331-1590","26156587"
"준타이어","남평읍","전남 나주시 남평읍","35.04214","126.843919","dong","차량 정비/부품/인테리어","고유가 피해지원금","","120577921"
"(주)세강식품","남평읍","전라남도 나주시 남평읍 남평향교길 65","35.034952","126.847494","naver","기타 식품","고유가 피해지원금","061)334-5833","113189832"
"세강해태화입","남평읍","전남 나주시 남평읍","35.045106","126.84083","dong","농.수.축산물점","고유가 피해지원금","061)334-5833","122210713"
"현호상회","남평읍","전남 나주시 남평읍","35.043292","126.846481","dong","주방 및 가정용품점","고유가 피해지원금","","86924666"
"김선수의 회포장","남평읍","전남 나주시 남평읍","35.048463","126.84353","dong","일식/생선회집","고유가 피해지원금","061)334-3360","87952282"
"김선수의 계절따라","남평읍","전라남도 나주시 남평읍 지석로 77","35.042336","126.843462","naver","일식/생선회집","고유가 피해지원금","061)334-3360","87911174"
"남평약국","남평읍","전라남도 나주시 남평읍 남평1로 22","35.046663","126.839995","naver","약국","고유가 피해지원금","061)334-2261","89759654"
"집 꾸미는 남자","남평읍","전남 나주시 남평읍","35.046863","126.841179","dong","실내장식","고유가 피해지원금","","115866915"
"남평신통의원","남평읍","전라남도 나주시 남평읍 남평1로 22 남평신통의원","35.046639","126.840018","naver","일반.치과.한의원","고유가 피해지원금","061)334-7576","89748266"
"미조식품","남평읍","전라남도 나주시 남평읍 남평1로 12-70","35.046323","126.840429","naver","기타 식품","고유가 피해지원금|온누리","061)331-2280","75390412"
"남평연합의원","남평읍","전라남도 나주시 남평읍 남평2로 9-1","35.043196","126.842939","naver","일반.치과.한의원","고유가 피해지원금","061)334-9995","22329200"
"청아미인","남평읍","전남 나주시 남평읍","35.044239","126.847092","dong","화장품점","고유가 피해지원금","061)234-5678","113098282"
"삼천리자전거 남평점","남평읍","전남 나주시 남평읍","35.048175","126.842437","dong","자전거판매점","고유가 피해지원금","061)332-1697","71294485"
"무등표구사","남평읍","전남 나주시 남평읍","35.042111","126.843212","dong","표구사","고유가 피해지원금","070)4686-9412","95865719"
"(유)부광철물","남평읍","전라남도 나주시 남평읍 남평1로 21 부광건재철물","35.046906","126.840033","naver","철물점","고유가 피해지원금","061)331-1217","84785310"
"수분식","남평읍","전라남도 나주시 남평읍 남평1로 22-1","35.046704","126.840099","naver","휴게음식점","고유가 피해지원금","061)332-1275","90662987"
"대동철물","남평읍","전라남도 나주시 남평읍 남평2로 6-1","35.04284","126.843236","naver","철물점","고유가 피해지원금","070)7614-3579","90818465"
"씨유남평중앙점","남평읍","전라남도 나주시 남평읍 남평1로 24-1 (남평리)","35.046751","126.840375","naver","편의점","고유가 피해지원금","061)331-5386","57946737"
"오리날개","남평읍","전라남도 나주시 상야4길 22 대양스퀘어 120호","35.022471","126.79161","naver","한식","고유가 피해지원금","","117008321"
"세아축산물판매","남평읍","전라남도 나주시 남평읍 남평1로 24","35.046736","126.840249","naver","정육점","고유가 피해지원금","061)333-5272","67424295"
"배가네족발보쌈","남평읍","전라남도 나주시 남평읍 남평2로 15","35.043659","126.842902","naver","일반음식점 기타","고유가 피해지원금|온누리","061)333-4820","101814078"
"청자남평점","남평읍","전라남도 나주시 남평읍 남평1로 22-1 한전공인중개사사무소","35.046706","126.840162","naver","커피/음료전문점","고유가 피해지원금","062)267-2009","90015111"
"태호스포츠","남평읍","전남 나주시 남평읍","35.048011","126.845999","dong","스포츠용품점","고유가 피해지원금","","101721485"
"제이엠루브테크","남평읍","전남 나주시 남평읍","35.044646","126.84069","dong","차량 정비/부품/인테리어","고유가 피해지원금","070)7079-2959","102678826"
"커피스토리","남평읍","전라남도 나주시 남평읍 남평1로 23","35.046968","126.840232","naver","일반음식점 기타","고유가 피해지원금","061)061-0911","73321575"
"하나로노래연습장","남평읍","전라남도 나주시 남평읍 남평1로 23 . 4층 401호","35.04703","126.840164","naver","노래방","고유가 피해지원금","061)331-5606","76440409"
"치순이통닭남평점","남평읍","전라남도 나주시 남평읍 남평1로 23","35.046941","126.840193","naver","일반음식점 기타","고유가 피해지원금","","119875987"
"치순이통닭남평점","남평읍","전라남도 나주시 남평읍 남평1로 23","35.046941","126.840193","naver","한식","고유가 피해지원금","","122085912"
"남평정보통신","남평읍","전라남도 나주시 남평읍 교원교촌길 111-6 무등자원","35.041832","126.842468","naver","정보통신기기","고유가 피해지원금","061)331-7649","72992800"
"건강약국","남평읍","전라남도 나주시 남평읍 남평2로 14 건강약국","35.043412","126.843151","naver","약국","고유가 피해지원금","061)333-5210","29912101"
"솔약국","남평읍","전라남도 나주시 남평읍 남평1로 23","35.04693","126.840238","naver","약국","고유가 피해지원금","061)332-0116","51937369"
"비엔바이오(BnB)","남평읍","전라남도 나주시 남평읍 남평2로 14","35.043403","126.843151","naver","과학기자재점","고유가 피해지원금","061)333-9963","100561876"
"조은치과","남평읍","전라남도 나주시 남평읍 남평1로 22","35.04662","126.840023","naver","일반.치과.한의원","고유가 피해지원금","061)337-2755","61037931"
"대신세탁소","남평읍","전라남도 나주시 남평읍 남평1로 26","35.046799","126.840584","naver","세탁소","고유가 피해지원금","061)331-0811","90340618"
"2층 미용실","남평읍","전라남도 나주시 남평읍 남평1로 26 현아대리점(주)","35.0468","126.840555","naver","미용원","고유가 피해지원금","","96010071"
"농업회사법인 주식회사 평산들녘","남평읍","전남 나주시 남평읍","35.047595","126.846622","dong","농.수.축산물점","고유가 피해지원금","","115558098"
"나치과의원","남평읍","전라남도 나주시 남평읍 남평1로 28 ,","35.046841","126.840871","naver","일반.치과.한의원","고유가 피해지원금","061)334-2804","46226336"
"이내과의원","남평읍","전라남도 나주시 남평읍 남평1로 28","35.046816","126.840744","naver","일반.치과.한의원","고유가 피해지원금","061)331-7570","21079575"
"대광철물","남평읍","전라남도 나주시 남평읍 남평2로 45-20 대광철물농자재","35.046002","126.841328","naver","철물점","고유가 피해지원금|온누리","061)331-9392","53957947"
"복천식당","남평읍","전라남도 나주시 남평읍 남평1로 12-39 복천식당","35.046603","126.840899","naver","한식","고유가 피해지원금","061)331-9213","115526713"
"성모약국","남평읍","전라남도 나주시 남평읍 남평1로 28","35.046828","126.840806","naver","약국","고유가 피해지원금","061)333-8773","70919645"
"몽블랑과자점","남평읍","전남 나주시 남평읍","35.047261","126.841063","dong","제과점/아이스크림점","고유가 피해지원금","061)332-0233","63033066"
"곱창명가","남평읍","전라남도 나주시 남평읍 남평2로 41-15 곱창명가","35.045499","126.842014","naver","한식","고유가 피해지원금","061)336-9293","60656960"
"우리국밥","남평읍","전라남도 나주시 남평읍 남평2로 54 가위소리","35.046895","126.842045","naver","한식","고유가 피해지원금","061)337-1379","35426694"
"남평이불","남평읍","전라남도 나주시 남평읍 지석로 21 남평시장","35.045904","126.841533","naver","침구/커튼/카펫트점","고유가 피해지원금|온누리|전통시장","070)7614-3579","98175421"
"이모네","남평읍","전라남도 나주시 남평읍 지석로 21","35.045783","126.8409","naver","한식","고유가 피해지원금|온누리|전통시장","","99516295"
"이리오리탕","남평읍","전라남도 나주시 남평읍 지석로 21 바동 58호, 59호","35.045822","126.841539","naver","한식","고유가 피해지원금|전통시장","","118532391"
"선진의류","남평읍","전남 나주시 남평읍","35.041902","126.842855","dong","기성복점","고유가 피해지원금|온누리","070)7614-3579","115939054"
"성아네","남평읍","전남 나주시 남평읍","35.047033","126.847151","dong","한식","고유가 피해지원금|온누리|전통시장","","88345837"
"남평야채","남평읍","전라남도 나주시 남평읍 교원교촌길 108-3","35.041187","126.843508","naver","농.수.축산물점","고유가 피해지원금|온누리|전통시장","","112964069"
"장터식당","남평읍","전라남도 나주시 남평읍 지석로 21","35.04576","126.841555","naver","한식","고유가 피해지원금|온누리|전통시장","061)333-8857","97997840"
"자연약초","남평읍","전남 나주시 남평읍","35.048877","126.844546","dong","농.수.축산물점","고유가 피해지원금|온누리|전통시장","","99654693"
"휴림","남평읍","전라남도 나주시 남평읍 지석로 85-1 리바트 집테리어 휴림점","35.042158","126.844526","naver","주택/건설","고유가 피해지원금","061)336-0450","93050868"
"남평그릇종합유통","남평읍","전라남도 나주시 남평읍 남평2로 45-18 남평그릇종합유통","35.046196","126.841457","naver","주방 및 가정용품점","고유가 피해지원금","070)7614-3579","109463486"
"신세계농자재","남평읍","전남 나주시 남평읍","35.047925","126.841477","dong","농어업용품","고유가 피해지원금","","120095434"
"남평미곡상회","남평읍","전라남도 나주시 남평읍 남평1로 30-9","35.046558","126.841073","naver","미곡상","고유가 피해지원금|온누리","061)337-2306","23850276"
"남평낚시","남평읍","전라남도 나주시 남평읍 남평2로 29","35.044861","126.842713","naver","레저용품점","고유가 피해지원금","061)331-1353","14865468"
"나주농원","남평읍","전라남도 나주시 남평읍 지석로 24-2","35.045042","126.83968","naver","화원","고유가 피해지원금","061)332-1599","83533391"
"하나미장원","남평읍","전라남도 나주시 남평읍 남평1로 30","35.046895","126.841034","naver","미용원","고유가 피해지원금","061)331-1896","119284987"
"에이스부동산 중개사무소","남평읍","전라남도 나주시 남평읍 남평2로 24-1","35.044484","126.843015","naver","부동산 중개업","고유가 피해지원금","070)7614-3579","119840521"
"재다센싱","남평읍","전남 나주시 남평읍","35.042136","126.842098","dong","컴퓨터기기","고유가 피해지원금","070)4468-3330","112443154"
"나이스데이 그린e","남평읍","전라남도 나주시 남평읍 남평2로 24-2 나이스데이그린e","35.044513","126.842975","naver","한식","고유가 피해지원금","061)332-9759","91843514"
"헨델피아노음악학원","남평읍","전라남도 나주시 남평읍 남평2로 24-1 PC골뱅이","35.044488","126.843146","naver","예체능계학원","고유가 피해지원금","061)334-9886","92687468"
"아 옛날이여","남평읍","전라남도 나주시 남평읍 남평2로 29-1","35.044967","126.84269","naver","한식","고유가 피해지원금","061)331-5567","116079071"
"건강흑염소가든","남평읍","전라남도 나주시 남평읍 지석로 92","35.041758","126.845139","naver","한식","고유가 피해지원금","061)331-2155","107816839"
"루베르루나(Ruber Luna)","남평읍","전남 나주시 남평읍","35.043635","126.840662","dong","기타 신변잡화","고유가 피해지원금","","95835406"
"삼수식당","남평읍","전라남도 나주시 남평읍 남평2로 29-1 올림픽문구체육사","35.04508","126.842701","naver","일반음식점 기타","고유가 피해지원금|온누리","061)334-6366","104526413"
"하나로농약사","남평읍","전라남도 나주시 남평읍 남평1로 32","35.046904","126.841126","naver","농어업용품","고유가 피해지원금","061)331-5996","19488456"
"김밥하우스","남평읍","전라남도 나주시 남평읍 남평1로 34","35.046939","126.841228","naver","휴게음식점","고유가 피해지원금","061)334-2902","96279393"
"제일슈퍼","남평읍","전라남도 나주시 남평읍 남평1로 34","35.04694","126.841264","naver","슈퍼마켓","고유가 피해지원금","061)331-1346","16426498"
"염진상회","남평읍","전남 나주시 남평읍","35.045693","126.840251","dong","주방 및 가정용품점","고유가 피해지원금","","108398786"
"우리참기름","남평읍","전라남도 나주시 남평읍 남평2로 41-10","35.045958","126.842019","naver","미곡상","고유가 피해지원금|전통시장","061)331-2061","120525113"
"화순수산","남평읍","전남 나주시 남평읍","35.049086","126.844067","dong","농.수.축산물점","고유가 피해지원금","","111188006"
"탤런트미용실","남평읍","전라남도 나주시 남평읍 남평2로 30","35.044873","126.842952","naver","미용원","고유가 피해지원금","","113070851"
"제이헤어","남평읍","전라남도 나주시 남평읍 남평1로 30-21","35.046574","126.841532","naver","미용원","고유가 피해지원금","061)331-1358","96688853"
"언니네마카롱","남평읍","전라남도 나주시 남평읍 남평2로 28 언니네마카롱","35.044799","126.842959","naver","일반음식점 기타","고유가 피해지원금","061)332-1192","64292963"
"만남","남평읍","전라남도 나주시 남평읍 강변1길 73-6","35.045375","126.848651","naver","한식","고유가 피해지원금","061)331-1191","58675685"
"사랑방","남평읍","전라남도 나주시 남평읍 남평2로 37","35.04549","126.842611","naver","일반음식점 기타","고유가 피해지원금","061)332-1679","85824287"
"꽃돼지삼겹살","남평읍","전라남도 나주시 남평읍 남평2로 37","35.045507","126.842643","naver","한식","고유가 피해지원금","061)333-3786","68185170"
"(주)윤스키친","남평읍","전라남도 나주시 대호길 45-36 1층 일부","35.040533","126.717577","naver","한식","고유가 피해지원금","","107233510"
"지오안경마트","남평읍","전라남도 나주시 남평읍 남평1로 28","35.046807","126.840685","naver","안경점","고유가 피해지원금","061)331-9997","34281655"
"카페인더문","남평읍","전라남도 나주시 남평읍 남평2로 37-1","35.045576","126.842537","naver","커피/음료전문점","고유가 피해지원금|온누리","061)332-5067","96603276"
"피노키오","남평읍","전라남도 나주시 남평읍 남평2로 37-1 카페인더문","35.045571","126.842583","naver","기성복점","고유가 피해지원금|온누리","061)331-1104","94470367"
"위니아에이드","남평읍","전남 나주시 남평읍","35.046521","126.840328","dong","기타 수리서비스","고유가 피해지원금","062)956-9589","109020072"
"헬스앤케어 전남티엠에스","남평읍","전남 나주시 남평읍","35.041909","126.845891","dong","건강식품점","고유가 피해지원금","061)332-4797","92103153"
"남평주유소","남평읍","전라남도 나주시 남평읍 산남로 295 현대오일뱅크남평제1주유소","35.052244","126.84119","naver","주유소","고유가 피해지원금","061)331-2008","78287556"
"홍어카페","남평읍","전라남도 나주시 영산2길 21 1층","34.999644","126.711012","naver","기타 식품","고유가 피해지원금","","108238378"
"생활용품할인점","남평읍","전남 나주시 남평읍","35.044732","126.847865","dong","일반잡화판매점","고유가 피해지원금|온누리","061)334-6002","25771968"
"도서관마트","남평읍","전라남도 나주시 남평읍 남평3로 14-11","35.042706","126.844769","naver","일반잡화판매점","고유가 피해지원금","061)333-7812","77999471"
"파레스웰빙","남평읍","전라남도 나주시 남평읍 남평2로 41-4","35.046024","126.842252","naver","한식","고유가 피해지원금","061)331-1637","23411107"
"스완세탁소","남평읍","전라남도 나주시 강변2길 20 에스티엑스칸 중우하나린","35.039206","126.853534","naver","세탁소","고유가 피해지원금","061)333-0417","109557044"
"무등떡방앗간","남평읍","전라남도 나주시 남평읍 남평1로 30-22","35.046417","126.841658","naver","미곡상","고유가 피해지원금","061)331-8784","70840231"
"하랑헤어","남평읍","전라남도 나주시 남평읍 남평2로 41-1","35.045907","126.842328","naver","미용원","고유가 피해지원금","061)331-3434","76635912"
"중앙반점","남평읍","전라남도 나주시 남평읍 남평2로 45","35.046262","126.842195","naver","중식","고유가 피해지원금","061)332-1688","117533180"
"연합정보통신","남평읍","전라남도 나주시 남평읍 남평2로 45","35.046246","126.842124","naver","컴퓨터기기","고유가 피해지원금","061)333-7975","23251416"
"세종체육도장","남평읍","전라남도 나주시 남평읍 남평2로 34 세종태권도","35.045288","126.84293","naver","예체능계학원","고유가 피해지원금","061)331-9660","62537340"
"100세실버타운","남평읍","전남 나주시 남평읍","35.047331","126.840592","dong","시설대여업","고유가 피해지원금","061)334-2050","77250290"
"중앙원예사","남평읍","전라남도 나주시 남평읍 남평2로 43","35.046117","126.842282","naver","농어업용품","고유가 피해지원금","061)331-2120","75378063"
"카페 보리","남평읍","전라남도 나주시 남평읍 남평1로 30-27 1층 오른쪽 칸","35.046647","126.84186","naver","커피/음료전문점","고유가 피해지원금","","109099552"
"윤미용실","남평읍","전라남도 나주시 남평읍 남평2로 50-2","35.046654","126.842295","naver","미용원","고유가 피해지원금","061)337-1915","86422388"
"종함화장품","남평읍","전남 나주시 남평읍","35.043881","126.847743","dong","화장품점","고유가 피해지원금","061)331-1190","15133208"
"보해","남평읍","전라남도 나주시 남평읍 남평1로 30-27 보해일반음식점","35.046644","126.841847","naver","일반음식점 기타","고유가 피해지원금","061)331-2021","80760981"
"남평민물장어","남평읍","전라남도 나주시 남평읍 강변1길 59-7 1층","35.044105","126.849741","naver","한식","고유가 피해지원금","061)331-0992","81669480"
"염영신치과의원","남평읍","전라남도 나주시 남평읍 남평2로 40","35.045824","126.842688","naver","일반.치과.한의원","고유가 피해지원금","061)331-1275","11780251"
"힐링뷰티#","남평읍","전라남도 나주시 남평읍 남평2로 38-2 남평양화정","35.045669","126.842732","naver","미용원","고유가 피해지원금|온누리","061)332-7775","88837519"
"남평꽃화원","남평읍","전라남도 나주시 남평읍 남평1로 50","35.047278","126.843102","naver","화원","고유가 피해지원금","061)332-7200","120204648"
"한끼밥상","남평읍","전라남도 나주시 남평읍 남평2로 38-1 한끼밥상","35.045613","126.84279","naver","한식","고유가 피해지원금","061)334-6511","105640622"
"씽씽모터스","남평읍","전남 나주시 남평읍","35.042599","126.840983","dong","오토바이판매점","고유가 피해지원금","061)333-0393","13933354"
"선화미용실","남평읍","전남 나주시 남평읍","35.04525","126.848061","dong","미용원","고유가 피해지원금","061)331-2058","100607300"
"남영지업사","남평읍","전라남도 나주시 남평읍 남평2로 42","35.045948","126.842594","naver","지물 및 천막","고유가 피해지원금","061)331-0217","48433436"
"종합엘이디전기조명","남평읍","전남 나주시 남평읍","35.041238","126.84431","dong","조명 전기기구점","고유가 피해지원금","061)334-3045","77929873"
"남평비와이씨","남평읍","전라남도 나주시 남평읍 남평1로 26 현아대리점(주)","35.046797","126.840598","naver","내의판매점","고유가 피해지원금","061)331-4470","35938836"
"취화원","남평읍","전라남도 나주시 남평읍 남평2로 42","35.045995","126.842626","naver","중식","고유가 피해지원금","061)332-7793","76347077"
"유한회사 함성","남평읍","전남 나주시 남평읍","35.04306","126.84743","dong","용역서비스업","고유가 피해지원금","061)337-5567","113199092"
"옷나라신발나라","남평읍","전라남도 나주시 남평읍 남평2로 42 민물장어도소매","35.045989","126.842583","naver","기성복점","고유가 피해지원금","061)333-4723","87923066"
"(주)디디지","남평읍","전남 나주시 남평읍","35.041676","126.842065","dong","일반음식점 기타","고유가 피해지원금","","104699908"
"협동원예사","남평읍","전라남도 나주시 남평읍 남평2로 48-1","35.046509","126.842295","naver","농어업용품","고유가 피해지원금","061)331-2041","16880605"
"카페로와","남평읍","전라남도 나주시 남평읍 남평2로 44","35.046097","126.842523","naver","휴게음식점","고유가 피해지원금","","95063935"
"월연대 행정사","남평읍","전남 나주시 남평읍","35.041538","126.845708","dong","열쇠/도장","고유가 피해지원금","","109085367"
"(유)에스앤케이렌트카","남평읍","전라남도 나주시 혁신로 306 1층","35.025127","126.800321","naver","렌트카","고유가 피해지원금","070)8739-3904","58373771"
"모닭불남평점","남평읍","전라남도 나주시 남평읍 남평2로 44","35.046136","126.842613","naver","일반주점","고유가 피해지원금","061)332-7792","44192486"
"강선정헤어디자이너공방","남평읍","전라남도 나주시 남평읍 남평3로 18 강선정 헤어디자이너 공방","35.043378","126.844877","naver","문화/취미 기타","고유가 피해지원금","061)333-7112","91837694"
"이자비레스토랑","남평읍","전라남도 나주시 남평읍 남평2로 54","35.046931","126.842053","naver","양식","고유가 피해지원금","061)331-1808","29249158"
"유한약국","남평읍","전라남도 나주시 남평읍 남평2로 50-5","35.046804","126.84228","naver","한약방","고유가 피해지원금","061)331-2235","52604688"
"GS25 나주남평점","남평읍","전라남도 나주시 남평읍 남평2로 50-1 Family Mart","35.046737","126.842176","naver","편의점","고유가 피해지원금","061)332-3474","67519441"
"컴포즈커피 나주남평로중앙점","남평읍","전라남도 나주시 남평읍 남평2로 54-1 좌측코너","35.047034","126.842014","naver","커피/음료전문점","고유가 피해지원금","","120226537"
"원다낚시","남평읍","전라남도 나주시 남평읍 남평2로 54-1","35.047015","126.842001","naver","레저용품점","고유가 피해지원금","061)331-2090","26212511"
"대한과학","남평읍","전라남도 나주시 남평읍 남평2로 54-1 할인마트","35.046988","126.841989","naver","과학기자재점","고유가 피해지원금","061)371-0820","42918285"
"믿음참기름","남평읍","전라남도 나주시 남평읍 남평2로 42-6 미듬참기름","35.046072","126.842982","naver","미곡상","고유가 피해지원금","061)332-3380","71751421"
"옛맛드림","남평읍","전라남도 나주시 남평읍 남평2로 50-8 옛맛드림","35.046713","126.842422","naver","기타 식품","고유가 피해지원금","061)337-2140","79822216"
"에이치에스연구소","남평읍","전남 나주시 남평읍","35.047747","126.840574","dong","한식","고유가 피해지원금","061)332-7338","116197572"
"빛그린농원","남평읍","전남 나주시 남평읍","35.041171","126.844879","dong","화원","고유가 피해지원금","061)264-2192","31387202"
"우리동네힐링샵","남평읍","전남 나주시 남평읍","35.048941","126.846149","dong","피부미용원","고유가 피해지원금","","120418910"
"와우(WOW)헤어샵","남평읍","전남 나주시 남평읍","35.044061","126.839954","dong","미용원","고유가 피해지원금","061)332-2244","113083980"
"느루","남평읍","전라남도 나주시 남평읍 남평1로 39 광신프로그레스아파트","35.047206","126.841946","naver","기성복점","고유가 피해지원금","","114818563"
"남평운동화빨래방","남평읍","전라남도 나주시 남평읍 강변2길 22 103호","35.041291","126.852336","naver","세탁소","고유가 피해지원금","061)332-5248","68361691"
"이산아시아타이마트","남평읍","전남 나주시 남평읍","35.041314","126.842515","dong","슈퍼마켓","고유가 피해지원금","02)1577-0000","121095415"
"네일 윤","남평읍","전라남도 나주시 남평읍 남평1로 39 광신프로그레스 상가동 106호","35.047272","126.84219","naver","피부미용원","고유가 피해지원금","062)512-0209","98083728"
"누나김밥and토스트","남평읍","전남 나주시 남평읍","35.046437","126.83989","dong","한식","고유가 피해지원금","","109392782"
"씨유(CU)남평로드점","남평읍","전라남도 나주시 남평읍 회재로 5 (광이리)","35.050255","126.838982","naver","편의점","고유가 피해지원금","02)1577-8007","113185949"
"호남천막사","남평읍","전라남도 나주시 남평읍 회재로 5","35.050394","126.839148","naver","지물 및 천막","고유가 피해지원금","061)331-1868","56290861"
"우남식당","남평읍","전라남도 나주시 남평읍 남평2로 50-12 우남식당","35.046814","126.842628","naver","한식","고유가 피해지원금","061)331-2104","90362571"
"드들돈가스","남평읍","전라남도 나주시 남평읍 지석로 380","35.02061","126.852445","naver","한식","고유가 피해지원금","061)332-4201","100757203"
"약식동원","남평읍","전라남도 나주시 남평읍 남평2로 50-14 1층","35.046871","126.84273","naver","건강식품점","고유가 피해지원금","061)333-4622","110458324"
"건우하우징랜드(주)","남평읍","전라남도 나주시 남평읍 회재로 12","35.051067","126.838589","naver","건축자재","고유가 피해지원금","061)331-5511","63607284"
"비즈니스모텔","남평읍","전라남도 나주시 배멧3길 5-4 1~6층 숙박 1호~6호","35.01891","126.785731","naver","기타숙박업","고유가 피해지원금","061)283-9972","25423405"
"카페일루이스 남평점","남평읍","전라남도 나주시 남평읍 산남로 270 현대미석","35.049874","126.840349","naver","커피/음료전문점","고유가 피해지원금","061)332-3311","97860068"
"강남장어","남평읍","전남 나주시 남평읍","35.042641","126.847419","dong","일반음식점 기타","고유가 피해지원금","","106277847"
"박한의원","남평읍","전라남도 나주시 남평읍 남평1로 46","35.047195","126.842689","naver","일반.치과.한의원","고유가 피해지원금","061)337-0095","61940222"
"광주공구종합철물","남평읍","전라남도 나주시 남평읍 남평1로 45","35.047336","126.842547","naver","철물점","고유가 피해지원금","061)331-9799","89342251"
"대성종합광고","남평읍","전라남도 나주시 남평읍 회재로 62 인기pc게임방","35.053649","126.836059","naver","인쇄 및 광고","고유가 피해지원금","061)337-3797","89053014"
"착한고기집","남평읍","전라남도 나주시 남평읍 남평2로 46-9","35.046696","126.843233","naver","한식","고유가 피해지원금","061)331-4121","65595748"
"남평열쇠","남평읍","전라남도 나주시 남평읍 남평1로 47","35.047348","126.842678","naver","열쇠/도장","고유가 피해지원금","","85223872"
"남평꽃배달서비스","남평읍","전라남도 나주시 남평읍 강변1길 21-28 1층","35.043342","126.84957","naver","화원","고유가 피해지원금","061)331-4584","106818391"
"실비식당","남평읍","전라남도 나주시 월정1길 30 상가2동 1층 120호","35.011079","126.786873","naver","한식","고유가 피해지원금|전통시장","","120670763"
"남평국밥집","남평읍","전라남도 나주시 남평읍 남평1로 50","35.047244","126.842933","naver","한식","고유가 피해지원금","061)333-7766","94939625"
"하림맥시칸","남평읍","전라남도 나주시 남평읍 강변1길 41-7 맥시칸치킨 남평점","35.043484","126.850359","naver","일반주점","고유가 피해지원금","061)335-9288","60919270"
"나주남평파크골프장1구장","남평읍","전라남도 나주시 남평읍","35.034943","126.856345","naver","골프장","고유가 피해지원금","061)339-4705","122095172"
"금호휀스","남평읍","전라남도 나주시 남평읍 회재로 67","35.054639","126.834932","naver","기타 건축자재","고유가 피해지원금","061)331-8082","71559911"
"남평요양보호사교육원","남평읍","전라남도 나주시 남평읍 남평2로 49 3층","35.046494","126.842058","naver","기술/사무/가정계학원","고유가 피해지원금","","102278997"
"현 미용실","남평읍","전라남도 나주시 남평읍 남평1로 49 풀입헤어","35.047409","126.842959","naver","미용원","고유가 피해지원금","061)336-6334","75704452"
"용전사","남평읍","전라남도 나주시 남평읍 남평2로 30-3","35.04502","126.8429","naver","가전제품점","고유가 피해지원금","061)331-2231","55112926"
"코끼리 광고기획","남평읍","전남 나주시 남평읍","35.042184","126.840858","dong","인쇄 및 광고","고유가 피해지원금","","102823235"
"광남슈퍼","남평읍","전라남도 나주시 남평읍 남평2로 50-28","35.047268","126.84343","naver","슈퍼마켓","고유가 피해지원금","061)337-0232","107516947"
"광남주유소","남평읍","전라남도 나주시 남평읍 남평1로 54 광남 현대 오일뱅크","35.047337","126.843527","naver","주유소","고유가 피해지원금","061)331-2331","34326741"
"삼아상공사","남평읍","전남 나주시 남평읍","35.040888","126.844564","dong","기타운송기구판매점","고유가 피해지원금","061)333-4048","89202551"
"남평철물","남평읍","전라남도 나주시 남평읍 남평2로 44-1","35.046205","126.842482","naver","철물점","고유가 피해지원금","061)331-2062","17167983"
"남평치과","남평읍","전라남도 나주시 남평읍 남평1로 55","35.047634","126.843432","naver","일반.치과.한의원","고유가 피해지원금","061)331-0005","14025161"
"남평의원","남평읍","전라남도 나주시 남평읍 남평2로 9-1","35.043196","126.842939","naver","일반.치과.한의원","고유가 피해지원금","061)337-0339","14002641"
"한솔약국","남평읍","전라남도 나주시 남평읍 남평1로 55","35.047632","126.843532","naver","약국","고유가 피해지원금","061)331-7889","16995168"
"디자인  애드","남평읍","전라남도 나주시 남평읍 남평1로 56-1 디자인애드","35.047398","126.843791","naver","인쇄 및 광고","고유가 피해지원금","061)331-2507","53260374"
"새로나종합상사","남평읍","전라남도 나주시 남평읍 회재로 70","35.054601","126.836045","naver","냉난방기구","고유가 피해지원금","061)334-4478","90640862"
"세진상사","남평읍","전남 나주시 남평읍","35.04685","126.839788","dong","과학기자재점","고유가 피해지원금","062)603-4990","72219016"
"삼락원","남평읍","전라남도 나주시 남평읍 지석로 334 삼락원","35.024698","126.853676","naver","일반음식점 기타","고유가 피해지원금","061)331-1330","18316549"
"별하스튜디오사진관","남평읍","전라남도 나주시 남평읍 지석로 17 1층_ (남평오거리~부영식당 ~ 남평초교 방면 50m)","35.045651","126.839395","naver","사진관","고유가 피해지원금","061)222-2222","119131946"
"에비뉴449","남평읍","전라남도 나주시 남평읍 지석로 449 에비뉴449","35.013947","126.853176","naver","커피/음료전문점","고유가 피해지원금","","119497027"
"드들강","남평읍","전라남도 나주시 남평읍 남석리 779","35.017574","126.854396","naver","한식","고유가 피해지원금","061)333-1800","122179741"
"남도카인테리어","남평읍","전라남도 나주시 남평읍 남평3로 59-4","35.046385","126.845772","naver","차량 정비/부품/인테리어","고유가 피해지원금","061)331-1031","18165701"
"맛디아농장","남평읍","전라남도 나주시 남평읍 남평3로 59-28","35.046661","126.844848","naver","농.수.축산물점","고유가 피해지원금","","108237753"
"홍익한의원","남평읍","전라남도 나주시 남평읍 남평1로 59","35.047629","126.844089","naver","일반.치과.한의원","고유가 피해지원금","061)331-0339","9527157"
"(주)그린케어","남평읍","전남 나주시 남평읍","35.04531","126.839461","dong","용역서비스업","고유가 피해지원금","061)100-1000","120460293"
"유호당옹기","남평읍","전라남도 나주시 남평읍 광이길 25","35.05497","126.836442","naver","주방 및 가정용품점","고유가 피해지원금","061)334-6185","93173291"
"아그네스","남평읍","전라남도 나주시 남평읍 지석로 467","35.012975","126.853664","naver","기타숙박업","고유가 피해지원금","061)337-2267","29787126"
"나주남평파크골프장2구장","남평읍","전라남도 나주시 남평읍","35.023772","126.855255","naver","골프장","고유가 피해지원금","061)339-4705","122098199"
"광이오토카독크","남평읍","전남 나주시 남평읍","35.046084","126.848502","dong","차량 정비/부품/인테리어","고유가 피해지원금","061)333-1880","46458724"
"촌닭집","남평읍","전라남도 나주시 남평읍 지석로 331","35.024523","126.854651","naver","한식","고유가 피해지원금","061)331-0408","29670829"
"라피네","남평읍","전라남도 나주시 남평읍 지석로 478","35.011791","126.854008","naver","양식","고유가 피해지원금","061)333-7775","111364396"
"명문플란트치과의원","남평읍","전라남도 나주시 남평읍 강변2길 5-11 2층","35.040585","126.850195","naver","일반.치과.한의원","고유가 피해지원금","061)820-7528","101057054"
"강변약국","남평읍","전라남도 나주시 남평읍 강변2길 5-11","35.040701","126.850104","naver","약국","고유가 피해지원금","061)930-9992","107922516"
"(주)보광","남평읍","전라남도 나주시 남평읍 작수길 38","35.050375","126.829602","naver","슈퍼마켓","고유가 피해지원금","061)335-4800","99752511"
"강변서울의원","남평읍","전라남도 나주시 남평읍 강변2길 5-11","35.040612","126.850073","naver","일반.치과.한의원","고유가 피해지원금","061)332-0600","107871571"
"PARIS BAGUETTE","남평읍","전라남도 나주시 남평읍 강변2길 5-11 1층","35.040714","126.850143","naver","제과점/아이스크림점","고유가 피해지원금","061)333-8701","97580521"
"샤론의꽃","남평읍","전라남도 나주시 남평읍 강변1길 73-21 104호","35.043742","126.848303","naver","화원","고유가 피해지원금","","118903655"
"올리브 앤","남평읍","전라남도 나주시 남평읍 강변1길 73-21 1층 101호","35.043742","126.848303","naver","커피/음료전문점","고유가 피해지원금","","117989945"
"원더영어학원","남평읍","전라남도 나주시 남평읍 강변1길 73-21 2층","35.043742","126.848303","naver","외국어학원","고유가 피해지원금","061)333-3178","103922649"
"나주남평센터유니팝미술학원","남평읍","전라남도 나주시 남평읍 강변1길 73-21 1층 유니팝 미술학원","35.04372","126.848274","naver","예체능계학원","고유가 피해지원금","","105287598"
"바른 스킨케어","남평읍","전남 나주시 남평읍","35.042316","126.840447","dong","화장품점","고유가 피해지원금","061)332-2244","120410216"
"교반 남평점","남평읍","전라남도 나주시 남평읍 강변1길 21-29 양우내안애 리버시티 1차 상 가동 117동 107호","35.043025","126.84951","naver","한식","고유가 피해지원금","","117464751"
"초록맘푸드","남평읍","전남 나주시 남평읍","35.04859","126.840712","dong","기타 식품","고유가 피해지원금","","114393532"
"이마트24 나주남평점","남평읍","전남 나주시 남평읍","35.040643","126.844207","dong","편의점","고유가 피해지원금","061)381-1257","90307823"
"김가네남평점","남평읍","전라남도 나주시 남평읍 강변2길 5-9","35.040344","126.850437","naver","한식","고유가 피해지원금","061)331-5455","115519179"
"컴포즈커피 나주남평점","남평읍","전라남도 나주시 남평읍 강변2길 5-9","35.040369","126.850399","naver","커피/음료전문점","고유가 피해지원금","","112656156"
"양우수학전문학원","남평읍","전라남도 나주시 남평읍 강변1길 59-13","35.043635","126.849541","naver","문리계학원","고유가 피해지원금","061)332-0579","88879811"
"고사리손","남평읍","전라남도 나주시 남평읍 지석로 180 2층 거사리손","35.037244","126.852163","naver","완구점","고유가 피해지원금","","91767367"
"프랭크버거 나주남평지점","남평읍","전남 나주시 남평읍","35.041235","126.841661","dong","패스트푸드점","고유가 피해지원금","061)331-5689","107591429"
"윤선생우리집앞영어남평양우교습소","남평읍","전남 나주시 남평읍","35.046716","126.848481","dong","외국어학원","고유가 피해지원금","061)332-0579","88876375"
"이응시옷","남평읍","전남 나주시 남평읍","35.047282","126.839739","dong","일반신발점","고유가 피해지원금","","119079635"
"더선율음악교습소","남평읍","전라남도 나주시 남평읍 강변1길 21-29 117동 206호, 207호","35.043025","126.84951","naver","예체능계학원","고유가 피해지원금","062)961-1498","68609309"
"나주에어컨세탁기청소우렁총각","남평읍","전라남도 나주시 남평읍 강변1길 21-31 103동 2006호","35.042512","126.849167","naver","용역서비스업","고유가 피해지원금","","119671631"
"다이소 나주남평점","남평읍","전남 나주시 남평읍","35.043113","126.839819","dong","일반잡화판매점","고유가 피해지원금","","104092961"
"달","남평읍","전라남도 나주시 전력로 2 5층","35.021572","126.785331","naver","일반음식점 기타","고유가 피해지원금","","109916128"
"양우리버시티어린이집","남평읍","전라남도 나주시 남평읍 강변1길 21-31 양우내안애1차 관리동","35.042512","126.849167","naver","아이행복 어린이집","고유가 피해지원금","061)331-3118","113811165"
"프랭크버거 나주남평점","남평읍","전라남도 나주시 남평읍 강변2길 5-9 1층","35.040356","126.850414","naver","패스트푸드점","고유가 피해지원금","061)331-5689","117950723"
"건헤어","남평읍","전라남도 나주시 남평읍 강변1길 21-29 양우내안애 리버시티 1차 상가동 106호","35.042656","126.849188","naver","미용원","고유가 피해지원금","","90879175"
"지에스25 남평리리버시티점","남평읍","전남 나주시 남평읍","35.045703","126.83927","dong","편의점","고유가 피해지원금","","102571167"
"양우해법","남평읍","전라남도 나주시 남평읍 강변1길 21-31 양우내안애1차 101동","35.042068","126.85062","naver","문리계학원","고유가 피해지원금","070)7638-1999","88556184"
"더 케이엠","남평읍","전남 나주시 남평읍","35.050062","126.843991","dong","실내장식","고유가 피해지원금","","116166547"
"광이슈퍼식당","남평읍","전남 나주시 남평읍","35.041775","126.840791","dong","한식","고유가 피해지원금","","106149884"
"도로시","남평읍","전남 나주시 남평읍","35.045728","126.848758","dong","이벤트업","고유가 피해지원금","061)333-6725","113922968"
"홉플로우","남평읍","전라남도 나주시 남평읍 지석로 252-15 에코힐로지교육센터 102호","35.030718","126.854243","naver","문화/취미 기타","고유가 피해지원금","","112773152"
"북경마라탕","남평읍","전남 나주시 남평읍","35.040588","126.844848","dong","중식","고유가 피해지원금","","111636331"
"(주)동진이앤씨","남평읍","전남 나주시 남평읍","35.049349","126.846565","dong","주택/건설","고유가 피해지원금","062)526-4057","111330223"
"현대수산","남평읍","전라남도 나주시 남평읍 지석로 180","35.037244","126.852163","naver","농.수.축산물점","고유가 피해지원금","","106748791"
"광나루","남평읍","전라남도 나주시 남평읍 지석로 176 1층","35.037511","126.851917","naver","한식","고유가 피해지원금","061)335-0523","114745353"
"드들강장어","남평읍","전라남도 나주시 남평읍 지석로 180","35.03732","126.852151","naver","한식","고유가 피해지원금","","118427304"
"들깨랑팥이랑","남평읍","전라남도 나주시 남평읍 지석로 180","35.037146","126.852257","naver","일반음식점 기타","고유가 피해지원금","061)332-1617","72787990"
"남평제1주유소","남평읍","전라남도 나주시 남평읍 산남로 295 현대오일뱅크남평제1주유소","35.052244","126.84119","naver","주유소","고유가 피해지원금","061)337-8861","97479876"
"유한회사 일구산업","남평읍","전남 나주시 남평읍","35.046732","126.839393","dong","차량 정비/부품/인테리어","고유가 피해지원금","061)333-9489","110829590"
"티엔(TN)","남평읍","전남 나주시 남평읍","35.041123","126.846437","dong","기성복점","고유가 피해지원금","070)7614-3579","107638474"
"알파나주남평점","남평읍","전라남도 나주시 남평읍 강변1길 21-40","35.04362","126.848679","naver","문방구점","고유가 피해지원금","061)333-8463","98550425"
"청진동해장국","남평읍","전라남도 나주시 남평읍 강변1길 73-18 102호","35.044397","126.848193","naver","일반음식점 기타","고유가 피해지원금","061)331-2080","47506901"
"장미가든","남평읍","전라남도 나주시 남평읍 지석로 479","35.012062","126.854291","naver","일반잡화판매점","고유가 피해지원금","061)333-0514","102102850"
"비에이치씨치킨남평점","남평읍","전라남도 나주시 남평읍 강변1길 21-36 101호 bhc","35.043543","126.848932","naver","일반음식점 기타","고유가 피해지원금","061)337-8889","80312861"
"논스톱학원","남평읍","전라남도 나주시 남평읍 강변1길 73-16 3층","35.044571","126.848266","naver","문리계학원","고유가 피해지원금","061)331-8666","118339893"
"리온","남평읍","전라남도 나주시 남평읍 강변1길 8 투에이치빌딩 4층","35.040919","126.850618","naver","요가","고유가 피해지원금","070)4118-0834","117098477"
"필아트미술공감음악학원 나주남평점","남평읍","전라남도 나주시 남평읍 강변1길 8 201호","35.040919","126.850618","naver","예체능계학원","고유가 피해지원금","061)332-0038","113325059"
"원갤러리","남평읍","전라남도 나주시 남평읍 강변1길 8 2층","35.040919","126.850618","naver","커피/음료전문점","고유가 피해지원금","","111392658"
"디에임","남평읍","전남 나주시 남평읍","35.05014","126.843339","dong","기성복점","고유가 피해지원금","070)7614-3579","112440432"
"아이스타운 남평 양우내안애1차점","남평읍","전남 나주시 남평읍","35.041277","126.841219","dong","기타 식품","고유가 피해지원금","","114780049"
"청년피자 나주남평점","남평읍","전라남도 나주시 남평읍 강변1길 21-32","35.04341","126.849146","naver","패스트푸드점","고유가 피해지원금","061)336-7889","102421286"
"두드림플러스학원","남평읍","전라남도 나주시 남평읍 강변1길 21-32","35.043446","126.849186","naver","문리계학원","고유가 피해지원금","061)333-7279","103406109"
"취하면도레미","남평읍","전라남도 나주시 남평읍 강변1길 21-32","35.043414","126.849185","naver","일반주점","고유가 피해지원금","","99655387"
"데니스어학원","남평읍","전라남도 나주시 남평읍 강변1길 21-32 4층, 데니스 어학원","35.043469","126.849231","naver","외국어학원","고유가 피해지원금","","104253831"
"제이키즈(J.kids)","남평읍","전남 나주시 남평읍","35.043388","126.839469","dong","아동 및 유아복점","고유가 피해지원금","","100893880"
"시골청년협동조합","남평읍","전남 나주시 남평읍","35.043643","126.848642","dong","농.수.축산물점","고유가 피해지원금","","110529495"
"클린윈도우","남평읍","전남 나주시 남평읍","35.049659","126.841698","dong","주택/건설","고유가 피해지원금","","120871337"
"헤어살롱 레브","남평읍","전라남도 나주시 남평읍 강변1길 21-30","35.043368","126.849409","naver","미용원","고유가 피해지원금","061)334-0880","91721960"
"혜림이네반찬","남평읍","전라남도 나주시 남평읍 강변1길 59-14","35.043672","126.849328","naver","기타 식품","고유가 피해지원금","","95729234"
"아뜰리에 드 정글","남평읍","전라남도 나주시 남평읍 강변2길 7","35.040356","126.851262","naver","제과점/아이스크림점","고유가 피해지원금","","97439514"
"강변태권도","남평읍","전라남도 나주시 남평읍 강변1길 21-28","35.043348","126.849549","naver","예체능계학원","고유가 피해지원금","061)335-8973","85540454"
"하랑","남평읍","전라남도 나주시 남평읍 남평2로 41-1","35.045907","126.842328","naver","정보통신기기","고유가 피해지원금","","115462761"
"젊음,꽃 집","남평읍","전라남도 나주시 남평읍 강변1길 21-28 1층","35.043342","126.84957","naver","화원","고유가 피해지원금","","122106367"
"월드크리닝 나주 남평점","남평읍","전라남도 나주시 남평읍 강변1길 21-28 102호","35.043303","126.849537","naver","세탁소","고유가 피해지원금","061)332-1353","112687054"
"루다음악교습소","남평읍","전라남도 나주시 남평읍 강변1길 21-42 102호 루다음악교습소","35.043659","126.848565","naver","예체능계학원","고유가 피해지원금","","113353461"
"마마스롱","남평읍","전라남도 나주시 남평읍 강변1길 65-13 1층","35.043897","126.84921","naver","커피/음료전문점","고유가 피해지원금","070)4616-3278","87262275"
"제이에스 글로벌","남평읍","전남 나주시 남평읍","35.04928","126.847009","dong","일반주점","고유가 피해지원금","","91987137"
"제이에스 글로벌","남평읍","전남 나주시 남평읍","35.044393","126.839092","dong","휴게음식점","고유가 피해지원금","061)332-5453","117935099"
"서쌤수학뮤엠영어학원","남평읍","전남 나주시 남평읍","35.042647","126.848241","dong","문리계학원","고유가 피해지원금","061)331-9682","91193092"
"슈퍼마켓 자연숲 남평점","남평읍","전라남도 나주시 남평읍 강변1길 33-19","35.043234","126.849757","naver","슈퍼마켓","고유가 피해지원금","061)333-2708","103120554"
"늘품합기도","남평읍","전라남도 나주시 남평읍 강변1길 33-19 2층","35.04329","126.849741","naver","예체능계학원","고유가 피해지원금","070)7614-3579","94793482"
"나루터","남평읍","전라남도 나주시 남평읍 강변1길 65-10 나루터","35.044301","126.849127","naver","일반음식점 기타","고유가 피해지원금","061)332-5006","98928749"
"숯불과연탄불","남평읍","전라남도 나주시 남평읍 강변1길 59-13","35.043598","126.849559","naver","한식","고유가 피해지원금","061)930-0638","98380871"
"티롤도너츠(TIROL)","남평읍","전라남도 나주시 남평읍 강변1길 59-13 1층","35.043616","126.849502","naver","커피/음료전문점","고유가 피해지원금","","101986961"
"오하라","남평읍","전라남도 나주시 남평읍 강변1길 21-22","35.043233","126.849926","naver","기성복점","고유가 피해지원금","061)332-9582","76936199"
"어부의식탁","남평읍","전라남도 나주시 남평읍 강변1길 55-12 1층","35.043596","126.849686","naver","일반음식점 기타","고유가 피해지원금","","118790915"
"카페누보","남평읍","전라남도 나주시 남평읍 남평1로 82-10","35.047322","126.846999","naver","커피/음료전문점","고유가 피해지원금","061)333-6301","103615471"
"남평한우촌","남평읍","전라남도 나주시 남평읍 남평1로 82-10","35.047319","126.846944","naver","정육점","고유가 피해지원금","061)333-6300","113359192"
"남평한우촌","남평읍","전라남도 나주시 남평읍 남평1로 82-10","35.047319","126.846944","naver","한식","고유가 피해지원금","061)333-6300","83704441"
"다비드 헤어","남평읍","전라남도 나주시 남평읍 강변1길 65-7 보라빌","35.0442","126.849304","naver","미용원","고유가 피해지원금","061)331-2226","101534250"
"매직닥터 자동차 성형외과","남평읍","전라남도 나주시 남평읍 강변1길 73-6","35.045367","126.848599","naver","차량 정비/부품/인테리어","고유가 피해지원금","061)336-6226","106858228"
"온기테이블","남평읍","전라남도 나주시 남평읍 강변1길 59-9 1층 102호","35.043932","126.849669","naver","패스트푸드점","고유가 피해지원금","","121651335"
"다송어린이집","남평읍","전라남도 나주시 남평읍 산남로 302-16","35.051617","126.843325","naver","아이행복 어린이집","고유가 피해지원금","061)337-5626","100626408"
"즐거운하누","남평읍","전라남도 나주시 남평읍 강변1길 33-20 1층","35.04352","126.849891","naver","정육점","고유가 피해지원금","061)332-8265","116273765"
"즐거운하누","남평읍","전라남도 나주시 남평읍 강변1길 33-20 1층","35.04352","126.849891","naver","한식","고유가 피해지원금","061)332-8265","116191598"
"모던헤어","남평읍","전라남도 나주시 남평읍 강변1길 33-18","35.043444","126.850078","naver","미용원","고유가 피해지원금","061)331-5871","86450218"
"에이치와이(HY)바른자세 나주남평점","남평읍","전라남도 나주시 남평읍 강변1길 33-18 1층 102호","35.043444","126.850112","naver","피부미용원","고유가 피해지원금","","119011923"
"남평강변장어","남평읍","전라남도 나주시 남평읍 남평1로 82-12","35.046982","126.847577","naver","한식","고유가 피해지원금","","82779221"
"강변장어","남평읍","전라남도 나주시 남평읍 남평1로 82-12","35.046982","126.847577","naver","농.수.축산물점","고유가 피해지원금","","95941741"
"대박통닭","남평읍","전라남도 나주시 남평읍 강변1길 59-6","35.044324","126.849589","naver","일반음식점 기타","고유가 피해지원금","061)337-9113","81497832"
"스시신조","남평읍","전라남도 나주시 남평읍 강변1길 59-7 1층","35.044105","126.849741","naver","일식/생선회집","고유가 피해지원금","","119439362"
"오케이 편의점","남평읍","전라남도 나주시 남평읍 동촌로 45","35.050253","126.845009","naver","편의점","고유가 피해지원금","","111886761"
"땅스부대찌개 나주남평점","남평읍","전라남도 나주시 남평읍 강변1길 33-16 1층","35.043327","126.850318","naver","기타 식품","고유가 피해지원금","061)336-8599","105481131"
"프리덤맨즈헤어","남평읍","전라남도 나주시 남평읍 강변2길 15 2층 201호","35.040838","126.851816","naver","미용원","고유가 피해지원금","","117867946"
"포유앤유","남평읍","전라남도 나주시 남평읍 강변2길 15 3층","35.040838","126.851816","naver","반려동물 서비스/용품점","고유가 피해지원금","","117965101"
"한우잡는날","남평읍","전라남도 나주시 남평읍 강변2길 15 한우잡는날","35.040799","126.85187","naver","정육점","고유가 피해지원금","","115568262"
"교촌치킨 남평점","남평읍","전라남도 나주시 남평읍 강변2길 15","35.040838","126.851816","naver","일반음식점 기타","고유가 피해지원금","061)331-3999","119662560"
"강변맛집","남평읍","전라남도 나주시 남평읍 남평1로 82-12","35.046982","126.847577","naver","한식","고유가 피해지원금","","116185531"
"육회야문연어 나주남평점","남평읍","전라남도 나주시 남평읍 강변1길 41-7","35.04349","126.850377","naver","일식/생선회집","고유가 피해지원금","061)2781-1272","120323500"
"아띠몽","남평읍","전라남도 나주시 남평읍 강변1길 33-14","35.043262","126.850513","naver","커피/음료전문점","고유가 피해지원금","","113302666"
"척추교정","남평읍","전라남도 나주시 남평읍 강변1길 33-18 1층 102호","35.043444","126.850112","naver","피부미용원","고유가 피해지원금","","104490123"
"홍춘천 치즈닭갈비","남평읍","전라남도 나주시 남평읍 강변1길 33-14","35.043245","126.850538","naver","한식","고유가 피해지원금","061)332-9297","90172365"
"부리나치킨 남평점","남평읍","전라남도 나주시 남평읍 강변1길 21-12 1층 101호","35.042768","126.850831","naver","일반음식점 기타","고유가 피해지원금","070)7614-3579","121066919"
"헤어카페","남평읍","전라남도 나주시 남평읍 강변1길 33-12 . 103호","35.043154","126.850717","naver","미용원","고유가 피해지원금","","55663832"
"네일in이유","남평읍","전라남도 나주시 남평읍 강변1길 21-12 103호","35.042794","126.850892","naver","피부미용원","고유가 피해지원금","","119251128"
"비채나","남평읍","전라남도 나주시 남평읍 강변1길 21-10","35.042747","126.850981","naver","피부미용원","고유가 피해지원금","","92442011"
"노랑통닭 남평점","남평읍","전라남도 나주시 남평읍 강변1길 21-10","35.042706","126.850938","naver","일반음식점 기타","고유가 피해지원금","061)333-3258","103824636"
"스완퀸크리닝","남평읍","전라남도 나주시 남평읍 강변1길 21-10 102호","35.042673","126.850925","naver","세탁소","고유가 피해지원금","061)332-3395","93308265"
"(주)다온애드디자인그룹","남평읍","전남 나주시 남평읍","35.050148","126.845935","dong","인쇄 및 광고","고유가 피해지원금","061)333-9777","118251511"
"복온","남평읍","전남 나주시 남평읍","35.043027","126.839298","dong","한식","고유가 피해지원금","070)7614-3579","120156091"
"뷰티나 헤어카페2호점","남평읍","전라남도 나주시 남평읍 강변1길 33-12 . 103호","35.043154","126.850717","naver","미용원","고유가 피해지원금","061)336-2642","96210071"
"오직새우","남평읍","전남 나주시 남평읍","35.049796","126.841323","dong","농.수.축산물점","고유가 피해지원금","","120706680"
"피아노리 음악교습소","남평읍","전라남도 나주시 남평읍 지석로 167 양우내안애 리버시티2차 상가 205호","35.038876","126.853614","naver","예체능계학원","고유가 피해지원금","061)337-2705","93422412"
"한중일국제수산","남평읍","전남 나주시 남평읍","35.048368","126.848257","dong","농.수.축산물점","고유가 피해지원금","","93442642"
"아람태권도도장","남평읍","전남 나주시 남평읍","35.04591","126.838787","dong","예체능계학원","고유가 피해지원금","061)332-8118","110859281"
"라라감성","남평읍","전남 나주시 남평읍","35.041321","126.84744","dong","악세사리점","고유가 피해지원금","","119287352"
"씨유(CU)나주드들강점","남평읍","전라남도 나주시 남평읍 지석로 167 양우내안애리버시티2차","35.038905","126.853541","naver","편의점","고유가 피해지원금","02)1577-8007","113343031"
"잇따","남평읍","전남 나주시 남평읍","35.04152","126.840333","dong","기타 식품","고유가 피해지원금","061)1111-1141","117579917"
"나주옷","남평읍","전라남도 나주시 빛가람로 838","35.021094","126.802575","naver","기성복점","고유가 피해지원금","","109140325"
"꽃담다육","남평읍","전남 나주시 남평읍","35.048631","126.83991","dong","화원","고유가 피해지원금","","109984735"
"삼성영어 남평sb영어교습소","남평읍","전남 나주시 남평읍","35.040072","126.844771","dong","외국어학원","고유가 피해지원금","","95963928"
"남평집(천순복장인)","남평읍","전라남도 나주시 남평읍 지석로 10","35.045863","126.838212","naver","한식","고유가 피해지원금","","117971682"
"눈썹언니","남평읍","전라남도 나주시 남평읍 강변1길 21-12 103호","35.042768","126.850831","naver","화장품점","고유가 피해지원금","","109194152"
"콩쥬","남평읍","전남 나주시 남평읍","35.042721","126.848633","dong","반려동물 서비스/용품점","고유가 피해지원금","","114101693"
"영재들의미술상자미술교습소","남평읍","전남 나주시 남평읍","35.050332","126.842329","dong","예체능계학원","고유가 피해지원금","","97396807"
"이안 (l AN)","남평읍","전라남도 나주시 문화로 234 104호","35.019628","126.785225","naver","기성복점","고유가 피해지원금","031)796-2554","92366807"
"도언회수산","남평읍","전남 나주시 남평읍","35.047411","126.84888","dong","일식/생선회집","고유가 피해지원금","061)333-0141","99837901"
"위가네(남평점)","남평읍","전라남도 나주시 남평읍 강변1길 59-2","35.044665","126.849734","naver","한식","고유가 피해지원금","061)332-3125","98824181"
"메가MGC커피 나주남평점","남평읍","전라남도 나주시 남평읍 강변2길 27-1","35.041496","126.851828","naver","커피/음료전문점","고유가 피해지원금","061)332-1782","102246611"
"맘스터치 나주남평점","남평읍","전라남도 나주시 남평읍 강변2길 27-1","35.041384","126.851926","naver","패스트푸드점","고유가 피해지원금","061)331-7707","100997952"
"라라코인노래연습장","남평읍","전남 나주시 남평읍","35.042359","126.839551","dong","노래방","고유가 피해지원금","","114926401"
"역전할머니맥주 나주남평점","남평읍","전라남도 나주시 남평읍 강변2길 27-1","35.041353","126.85195","naver","일반음식점 기타","고유가 피해지원금","061)333-9877","107149197"
"공부인 스터디카페","남평읍","전라남도 나주시 남평읍 강변2길 27-1 3층 301호","35.041403","126.851873","naver","독서실","고유가 피해지원금","","118582831"
"오소감자탕","남평읍","전라남도 나주시 남평읍 강변2길 21 2층 202호","35.041077","126.852068","naver","한식","고유가 피해지원금","","113647671"
"선샤인뷰티","남평읍","전라남도 나주시 남평읍 강변2길 21 1층 104호","35.041142","126.852085","naver","피부미용원","고유가 피해지원금","","113442867"
"리비에르(RIVIERE)","남평읍","전라남도 나주시 남평읍 강변1길 76 리비에르","35.046","126.84891","naver","커피/음료전문점","고유가 피해지원금","","105966551"
"리얼펍살얼음맥주남평점","남평읍","전라남도 나주시 남평읍 강변2길 21 102호, 103호","35.041077","126.852068","naver","한식","고유가 피해지원금","061)443-7375","119434400"
"소달구지","남평읍","전라남도 나주시 남평읍 강변2길 21 . 105호 ,106호 1층 소달구지 식육식당","35.041182","126.852058","naver","한식","고유가 피해지원금","","109546930"
"풍산","남평읍","전라남도 나주시 나주로 142-29","35.03166","126.718235","naver","미곡상","고유가 피해지원금","","113795811"
"미니마르","남평읍","전남 나주시 남평읍","35.046327","126.849286","dong","양품점","고유가 피해지원금","","121620801"
"나주 에어컨 청소 세탁기 청소 일당백","남평읍","전라남도 나주시 남평읍 강변2길 20 106동 2204호","35.044947","126.844978","naver","용역서비스업","고유가 피해지원금","","109474033"
"농업회사법인주식회사또바기농부","남평읍","전남 나주시 남평읍","35.040116","126.845492","dong","보관 및 창고업","고유가 피해지원금","061)1522-2669","78968820"
"포레","남평읍","전라남도 나주시 빛가람동 그린로 379","35.020388","126.793732","naver","기성복점","고유가 피해지원금","","119221846"
"구름자전거","남평읍","전남 나주시 남평읍","35.043359","126.83896","dong","가정용품수리","고유가 피해지원금|온누리","","113406781"
"드들헤어샵","남평읍","전라남도 나주시 남평읍 강변2길 20","35.040674","126.852152","naver","미용원","고유가 피해지원금","061)331-1997","113186217"
"하루미","남평읍","전라남도 나주시 남평읍 강변2길 20 에스티엑스칸 중우하나린","35.039236","126.853572","naver","미용원","고유가 피해지원금","","88028253"
"다함플러스","남평읍","전남 나주시 남평읍","35.040102","126.84247","dong","용역서비스업","고유가 피해지원금","","106219145"
"뜨락호프","남평읍","전라남도 나주시 남평읍 강변2길 20","35.041197","126.852751","naver","일반주점","고유가 피해지원금","","114021945"
"지은이네반찬","남평읍","전남 나주시 남평읍","35.046374","126.838682","dong","기타 식품","고유가 피해지원금","061)334-2425","101668952"
"노란머리 베스트원 탄성","남평읍","전남 나주시 남평읍","35.040908","126.847204","dong","건축자재","고유가 피해지원금","","102116240"
"난타5000피자남평점","남평읍","전라남도 나주시 남평읍 강변1길 59-8 1층 102호","35.044186","126.849546","naver","패스트푸드점","고유가 피해지원금","061)332-4747","85318321"
"솔잎정원","남평읍","전남 나주시 남평읍","35.04172","126.839901","dong","화원","고유가 피해지원금","070)4223-1918","118973541"
"바로","남평읍","전라남도 나주시 남평읍 강변2길 20 중우하나린 후문상가 3동 306호","35.039221","126.853501","naver","미용원","고유가 피해지원금","","104269173"
"리오","남평읍","전라남도 나주시 남평읍 지석로 167 210동 1104호","35.037592","126.853674","naver","악세사리점","고유가 피해지원금","","94838441"
"송하숯불구이","남평읍","전라남도 나주시 남평읍 강변2길 20 상가 1동 105호, 106호","35.041084","126.852615","naver","한식","고유가 피해지원금","","98380795"
"에이치에스연구소","남평읍","전남 나주시 남평읍","35.049554","126.847432","dong","기타 학습자재","고유가 피해지원금","","107980343"
"지에스25 남평강변점","남평읍","전라남도 나주시 남평읍 강변2길 20 상가동 201, 202호","35.040726","126.852221","naver","편의점","고유가 피해지원금","","109279087"
"명가김밥","남평읍","전라남도 나주시 남평읍 강변2길 20 stx중우하나린상가1층","35.040516","126.852041","naver","일반음식점 기타","고유가 피해지원금","061)332-7877","115525070"
"아이스타운 남평 에스티엑스칸점","남평읍","전남 나주시 남평읍","35.050624","126.842709","dong","기타 식품","고유가 피해지원금","","114802022"
"펫스토리","남평읍","전라남도 나주시 남평읍 강변2길 20 제상가2동1층203호 펫스토리","35.040696","126.852187","naver","반려동물 서비스/용품점","고유가 피해지원금","062)955-0279","88956249"
"황포냉면","남평읍","전라남도 나주시 남평읍 강변1길 70 1층","35.045519","126.849404","naver","한식","고유가 피해지원금","061)333-5706","121170091"
"무등왕돈까스 나주남평점","남평읍","전라남도 나주시 남평읍 강변1길 70 2층","35.045519","126.849404","naver","한식","고유가 피해지원금","061)820-8820","117355176"
"한일일반음식점","남평읍","전라남도 나주시 남평읍 강변1길 41-1","35.043195","126.850964","naver","한식","고유가 피해지원금","061)331-0581","41080978"
"굽네치킨나주남평점","남평읍","전라남도 나주시 남평읍 강변1길 21-6","35.042261","126.851463","naver","일반음식점 기타","고유가 피해지원금","061)331-9294","102045841"
"프렌즈스크린 남평점","남평읍","전라남도 나주시 남평읍 강변1길 21-6 301호","35.042338","126.85153","naver","골프연습장","고유가 피해지원금","061)333-3379","111643341"
"조아식당","남평읍","전라남도 나주시 남평읍 강변1길 64 1층 101호","35.045003","126.849875","naver","휴게음식점","고유가 피해지원금","061)337-2320","115740417"
"남평이태리","남평읍","전라남도 나주시 남평읍 강변1길 64 2층","35.04504","126.849882","naver","양식","고유가 피해지원금","061)980-1816","111864335"
"제이네일","남평읍","전라남도 나주시 남평읍 강변1길 64 픙경채 102호","35.045025","126.849858","naver","피부미용원","고유가 피해지원금","","106530561"
"미유뷰티","남평읍","전라남도 나주시 남평읍 강변1길 64 1층","35.045025","126.849857","naver","화장품점","고유가 피해지원금","","114163759"
"드림즈컴퍼니","남평읍","전남 나주시 남평읍","35.045662","126.83848","dong","기타 학습자재","고유가 피해지원금","","122376853"
"포앤시드니(나주점)","남평읍","전남 나주시 남평읍","35.041297","126.847834","dong","한식","고유가 피해지원금","061)332-5770","115920085"
"마선생얼큰국밥 나주남평점","남평읍","전라남도 나주시 남평읍 강변1길 60 1층","35.044758","126.850133","naver","한식","고유가 피해지원금","061)336-3366","121253355"
"이태리중식당","남평읍","전라남도 나주시 남평읍 강변1길 58 태양빌 1층","35.044609","126.850253","naver","양식","고유가 피해지원금","070)4414-4215","113732019"
"뷰티하니","남평읍","전남 나주시 남평읍","35.045906","126.849525","dong","피부미용원","고유가 피해지원금","","118818856"
"카페이스텔","남평읍","전라남도 나주시 남평읍 강변1길 56 1, 2층","35.044531","126.850338","naver","커피/음료전문점","고유가 피해지원금","","111514758"
"농업주유소","남평읍","전라남도 나주시 남평읍 지석로 504 지석주유소","35.010394","126.855881","naver","주유소","고유가 피해지원금","061)333-5155","117444445"
"큐 당구장","남평읍","전라남도 나주시 남평읍 강변2길 22","35.041196","126.852367","naver","당구장","고유가 피해지원금","","100891131"
"요거트퍼플 남평점","남평읍","전라남도 나주시 남평읍 강변1길 50 1층","35.043963","126.850804","naver","휴게음식점","고유가 피해지원금","","116101230"
"송촌꼬마김밥 남평점","남평읍","전라남도 나주시 남평읍 강변2길 22 105호","35.041331","126.852259","naver","휴게음식점","고유가 피해지원금","061)333-7979","104124412"
"그집앞","남평읍","전라남도 나주시 남평읍 강변2길 22 1층 101호","35.041179","126.852358","naver","한식","고유가 피해지원금","","102065148"
"피자스쿨 남평점","남평읍","전라남도 나주시 남평읍 강변1길 50 1층","35.043963","126.850804","naver","패스트푸드점","고유가 피해지원금","061)332-0078","111325598"
"남평24시빨래방","남평읍","전라남도 나주시 남평읍 강변2길 22 103호","35.041291","126.852336","naver","세탁소","고유가 피해지원금","","116817347"
"강물위에쓴시","남평읍","전라남도 나주시 남평읍 강변1길 50","35.043971","126.850815","naver","일반음식점 기타","고유가 피해지원금","061)335-8558","82105461"
"플라쥬","남평읍","전라남도 나주시 남평읍 강변1길 44-1 1, 2층","35.043617","126.851091","naver","양식","고유가 피해지원금","061)335-2233","109549098"
"이태리 빵집","남평읍","전라남도 나주시 남평읍 강변1길 38 . 강변1상가 1층","35.043153","126.85145","naver","제과점/아이스크림점","고유가 피해지원금","","119496327"
"유딜라이트(UDelight)","남평읍","전라남도 나주시 남평읍 강변1길 36 U:DELIGHT","35.043038","126.851495","naver","커피/음료전문점","고유가 피해지원금","","97759021"
"나무와새","남평읍","전남 나주시 남평읍","35.044699","126.84959","dong","한식","고유가 피해지원금","","119964784"
"유딜라이트베이","남평읍","전남 나주시 남평읍","35.049519","126.840285","dong","제과점/아이스크림점","고유가 피해지원금","","99487928"
"충만치킨 남평점","남평읍","전라남도 나주시 남평읍 강변2길 20-3 105호 충만치킨 남평점","35.041397","126.852432","naver","일반음식점 기타","고유가 피해지원금","061)930-5270","121633784"
"신사동 전과함께","남평읍","전라남도 나주시 남평읍 강변2길 20-3 103호","35.041397","126.852432","naver","한식","고유가 피해지원금","061)337-3378","95399607"
"강변당구장","남평읍","전라남도 나주시 남평읍 강변2길 20-3 202호","35.041397","126.852432","naver","당구장","고유가 피해지원금","","116518397"
"이치방이자카야","남평읍","전라남도 나주시 남평읍 강변2길 20-3 1층 101호","35.041397","126.852432","naver","일식/생선회집","고유가 피해지원금","070)7614-3579","119580017"
"나주오렌지LPG충전소","남평읍","전라남도 나주시 남평읍 영산로 6645","35.058322","126.840698","naver","충전소","고유가 피해지원금","061)333-5182","114442284"
"평산LPG충전소","남평읍","전남 나주시 남평읍","35.040588","126.840877","dong","충전소","고유가 피해지원금","061)333-5182","86139397"
"유한회사  태준렌트카","남평읍","전남 나주시 남평읍","35.046662","126.849495","dong","렌트카","고유가 피해지원금","061)332-1230","66155728"
"대동통닭","남평읍","전라남도 나주시 남평읍 남평2로 46-5","35.046557","126.842921","naver","일반주점","고유가 피해지원금","061)333-9985","70762701"
"형제카  인테리어","남평읍","전라남도 나주시 남평읍 남평2로 45-53","35.045435","126.839939","naver","차량 정비/부품/인테리어","고유가 피해지원금","061)331-1131","61852351"
"남평어린이집","남평읍","전라남도 나주시 남평읍 산남로 302-16","35.051617","126.843325","naver","아이행복 어린이집","고유가 피해지원금","061)331-4599","61650626"
"시티가정의학과의원","남평읍","전라남도 나주시 남평읍 남평1로 23","35.046924","126.840185","naver","일반.치과.한의원","고유가 피해지원금","061)334-8575","69719491"
"달떡제과점","남평읍","전남 나주시 남평읍","35.043494","126.849391","dong","휴게음식점","고유가 피해지원금","061)331-2373","83959624"
"혁신도시산업 주식회사","남평읍","전남 나주시 남평읍","35.050274","126.841247","dong","충전소","고유가 피해지원금","070)7614-3579","107858866"
"카페 리버트리","남평읍","전라남도 나주시 남평읍 풍림남석길 16-49 1층","35.048584","126.851204","naver","커피/음료전문점","고유가 피해지원금","","108837877"
"들꽃물꽃","남평읍","전남 나주시 남평읍","35.048485","126.848726","dong","화원","고유가 피해지원금","","113530492"
"퍼드림","남평읍","전남 나주시 남평읍","35.046141","126.838363","dong","건축자재","고유가 피해지원금","","114161410"
"정가네식당","남평읍","전라남도 나주시 남평읍 남평1로 30-25 일등보양탕식당","35.046598","126.841666","naver","한식","고유가 피해지원금","061)331-4988","70241008"
"그린 앤 데코","남평읍","전남 나주시 남평읍","35.051","126.844349","dong","화원","고유가 피해지원금","061)332-1615","101827563"
"369셀프세차장","남평읍","전라남도 나주시 남평읍 산남로 371","35.056216","126.847534","naver","세차장","고유가 피해지원금","061)333-3691","86413333"
"드들강장어양식장","남평읍","전라남도 나주시 남평읍 지석로 557-20","35.007839","126.861019","naver","농.수.축산물점","고유가 피해지원금","","100771119"
"미강","남평읍","전라남도 나주시 남평읍 수원금당길 24-25 미강숯불갈비","35.055631","126.84844","naver","한식","고유가 피해지원금","061)332-8452","46706028"
"유한회사 토탈에너지","남평읍","전남 나주시 남평읍","35.039605","126.844657","dong","연탄 및 유류판매점","고유가 피해지원금","061)337-5900","99575461"
"유한회사 일등에너지","남평읍","전남 나주시 남평읍","35.049943","126.84737","dong","주유소","고유가 피해지원금","061)337-5900","98726922"
"엠앤제이푸드","남평읍","전라남도 나주시 남평읍 풍림남석길 111","35.040028","126.860419","naver","기타 식품","고유가 피해지원금","061)1522-0372","85323106"
"인포젠","남평읍","전남 나주시 남평읍","35.042346","126.848932","dong","과학기자재점","고유가 피해지원금","062)603-2457","33182097"
"토굴촌 민박","남평읍","전남 나주시 남평읍","35.05081","126.842362","dong","펜션/민박","고유가 피해지원금","061)337-5577","59029043"
"행복주유소","남평읍","전라남도 나주시 남평읍 영산로 6688","35.061973","126.842135","naver","주유소","고유가 피해지원금","061)337-5525","77579567"
"마중","남평읍","전남 나주시 남평읍","35.047419","126.849359","dong","펜션/민박","고유가 피해지원금","","119691705"
"해든","남평읍","전라남도 나주시 교육길 13 D-6동 108호","35.020228","126.779196","naver","한식","고유가 피해지원금","","121324210"
"농업회사법인 유한회사 서준","남평읍","전남 나주시 남평읍","35.040141","126.846588","dong","농.수.축산물점","고유가 피해지원금","","119917717"
"삼신인테리어","남평읍","전남 나주시 남평읍","35.050853","126.845583","dong","일반가구점","고유가 피해지원금","","119548878"
"성일육모 영농조합법인","남평읍","전남 나주시 남평읍","35.042268","126.839082","dong","화원","고유가 피해지원금","061)337-2887","55326225"
"광림서비스","남평읍","전남 나주시 남평읍","35.044209","126.849683","dong","기타 수리서비스","고유가 피해지원금","","95771516"
"남양육묘장","남평읍","전라남도 나주시 남평읍 지석로 585","35.005535","126.862113","naver","농어업용품","고유가 피해지원금","061)337-8695","27933298"
"(주)전진","남평읍","전라남도 나주시 왕건길 33-8 102호","35.01749","126.712054","naver","차량 정비/부품/인테리어","고유가 피해지원금","061)331-0601","115574128"
"(주)에스에스팀버","남평읍","전라남도 나주시 남평읍 풍림남석길 55-38","35.042777","126.862026","naver","기타 건축자재","고유가 피해지원금","061)331-1425","39979045"
"나주랜드","남평읍","전라남도 나주시 남평읍 수청길 18 나주랜드","35.050779","126.856582","naver","기타 레저업소","고유가 피해지원금","061)336-6363","92670596"
"가구세탁소","남평읍","전남 나주시 남평읍","35.041314","126.848228","dong","용역서비스업","고유가 피해지원금","","113007731"
"유한회사 중앙씽크","남평읍","전남 나주시 남평읍","35.051096","126.843579","dong","일반가구점","고유가 피해지원금","061)332-8527","80797524"
"성진양행","남평읍","전남 나주시 남평읍","35.040734","126.840397","dong","의료기기 및 용품","고유가 피해지원금","062)944-0666","101262401"
"하늘가구산업","남평읍","전남 나주시 남평읍","35.04623","126.84975","dong","일반가구점","고유가 피해지원금","061)333-7830","91874160"
"임자건일중기","남평읍","전남 나주시 남평읍","35.048497","126.839133","dong","기계 및 장비임대업","고유가 피해지원금","062)603-0370","109149044"
"유니원유한회사농업회사법인","남평읍","전남 나주시 남평읍","35.039646","126.845435","dong","기타 식품","고유가 피해지원금","","122003611"
"가야석재주식회사","남평읍","전남 나주시 남평읍","35.050439","126.846768","dong","건축자재","고유가 피해지원금","061)335-7785","80186058"
"(주)파인","남평읍","전라남도 나주시 송월13길 9","35.017744","126.718394","naver","이벤트업","고유가 피해지원금","","112658996"
"우리퍼니쳐","남평읍","전남 나주시 남평읍","35.042991","126.849373","dong","주방기구점","고유가 피해지원금","","111648626"
"금당주유소","남평읍","전라남도 나주시 남평읍 산남로 438","35.06087","126.852323","naver","주유소","고유가 피해지원금","061)334-9555","35766585"
"마당","남평읍","전라남도 나주시 나주로 83-4 104호","35.026486","126.716519","naver","기타 신변잡화","고유가 피해지원금","","121336959"
"카페 마당","남평읍","전남 나주시 남평읍","35.048163","126.849115","dong","커피/음료전문점","고유가 피해지원금","","101375684"
"대궐 갈비","남평읍","전라남도 나주시 남평읍 풍림죽림길 86","35.044123","126.866186","naver","한식","고유가 피해지원금","","121352039"
"쌍둥이식육식당","남평읍","전남 나주시 남평읍","35.04045","126.847308","dong","한식","고유가 피해지원금","061)337-1992","50731298"
"글로리 팜 가든(G.G.T POT)","남평읍","전남 나주시 남평읍","35.051112","126.844842","dong","커피/음료전문점","고유가 피해지원금","070)7614-3579","118168111"
"나주은행나무수목원","남평읍","전라남도 나주시 남평읍 동촌로 236-42","35.051412","126.870503","naver","기타 레저업소","고유가 피해지원금","070)7614-3579","120024861"
"퍼피DISNEY","남평읍","전라남도 나주시 남평읍 동촌로 236-42 2층 201호","35.051412","126.870503","naver","반려동물 서비스/용품점","고유가 피해지원금","070)7614-3579","120000950"
"남평507","남평읍","전라남도 나주시 남평읍 동촌로 283 남평507","35.054065","126.868074","naver","커피/음료전문점","고유가 피해지원금","","121536309"
"골드레이크 승마클럽","남평읍","전라남도 나주시 남평읍 지석로 807-91","35.004858","126.876305","naver","기타 레저업소","고유가 피해지원금","","100658398"
"(주)정주","남평읍","전라남도 나주시 남평읍 지석로 757-26","35.002305","126.876889","naver","농어업용품","고유가 피해지원금","061)337-2306","20162929"
"신촌옥","남평읍","전남 나주시 남평읍","35.044597","126.838143","dong","한식","고유가 피해지원금","061)331-1245","16060931"
"동일주유소","남평읍","전라남도 나주시 남평읍 지석로 764 동일주유소","35.000628","126.87965","naver","주유소","고유가 피해지원금","061)337-5329","30049029"
"우산","남평읍","전라남도 나주시 남평읍 나주호로 942-9","34.999984","126.881826","naver","한식","고유가 피해지원금","","104929074"
"해븐목장(HEAVEN목장)","남평읍","전라남도 나주시 남평읍 지석로 765-34","35.002267","126.880626","naver","기타 레저업소","고유가 피해지원금","","118495601"
"스테이튠(stay tuned)","남평읍","전라남도 나주시 남평읍 광촌길 80-4","35.060732","126.870226","naver","커피/음료전문점","고유가 피해지원금","","109742978"
"웃음꽃다육사랑","남평읍","전남 나주시 남평읍","35.047862","126.838661","dong","화원","고유가 피해지원금","02)2222-2222","93953255"
"고운옷","남평읍","전남 나주시 남평읍","35.039797","126.846213","dong","기성복점","고유가 피해지원금","062)671-9705","76180378"
"피어","남평읍","전라남도 나주시 남평읍 지석로 784 1층","35.00033","126.88175","naver","커피/음료전문점","고유가 피해지원금","","109061440"
"길목","남평읍","전라남도 나주시 남평읍 나주호로 885 길목","34.994712","126.880207","naver","한식","고유가 피해지원금","070)7614-3579","117084943"
"포시즌캠프닉","남평읍","전라남도 나주시 남평읍 산남로 602","35.075063","126.859092","naver","한식","고유가 피해지원금","","119811220"
"마이크로맥스 영농조합법인","남평읍","전라남도 나주시 남평읍 지석로 802-1","34.999836","126.884102","naver","농어업용품","고유가 피해지원금","061)337-6601","59259887"
"꽃씨도둑","남평읍","전라남도 나주시 남평읍 광촌길 182","35.06927","126.871482","naver","일반음식점 기타","고유가 피해지원금","061)334-4913","86135331"
"코카산장","남평읍","전라남도 나주시 남평읍 나주호로 671 웰빙춘천막국수","34.97887","126.877104","naver","한식","고유가 피해지원금","061)337-6651","90369861"
"인암떡방앗간","남평읍","전남 나주시 남평읍","35.045877","126.838069","dong","미곡상","고유가 피해지원금","061)337-6010","104165589"
"다미식당","남평읍","전라남도 나주시 남평읍 나주호로 556","34.970345","126.872672","naver","한식","고유가 피해지원금","061)337-0570","88056580"
"인암 통닭","남평읍","전남 나주시 남평읍","35.05127","126.84406","dong","일반잡화판매점","고유가 피해지원금","","105443896"
"나비의꿈","남평읍","전라남도 나주시 남평읍 인암2길 9-16","34.971359","126.877512","naver","펜션/민박","고유가 피해지원금","070)7079-2949","100695744"
"숲아래잠","남평읍","전라남도 나주시 남평읍 인암2길 9-14 숲아래잠","34.97079","126.877505","naver","펜션/민박","고유가 피해지원금","061)337-7855","88458919"
"유일 농장","노안면","전라남도 나주시 노안면 학산동산길 46-67 충남 천안시 동남구 풍세로 614 (제1농장)","35.055594","126.746958","naver","건강식품점","고유가 피해지원금","031)321-4346","117358981"
"유한회사 내일드림","노안면","전남 나주시 노안면","35.079513","126.717518","dong","용역서비스업","고유가 피해지원금","","95043763"
"(주)해성가설산업","노안면","전라남도 나주시 노안면 건재로 492 해성가설산업","35.062125","126.750189","naver","건축자재","고유가 피해지원금","061)336-3877","100468699"
"형제종합상사","노안면","전남 나주시 노안면","35.080321","126.716307","dong","철물점","고유가 피해지원금","061)335-3196","62819484"
"원조나주곰탕","노안면","전라남도 나주시 노안면 건재로 480 원조나주곰탕","35.061275","126.749172","naver","한식","고유가 피해지원금","","43544971"
"광일전동지게차","노안면","전남 나주시 노안면","35.081716","126.717108","dong","기타운송기구판매점","고유가 피해지원금","061)334-0881","51960041"
"(유)광림오토","노안면","전남 나주시 노안면","35.079382","126.716839","dong","중고자동차판매점","고유가 피해지원금","061)337-8832","118415406"
"비클래시 베이커리","노안면","전라남도 나주시 노안면 건재로 524-11 비클래시","35.064298","126.752572","naver","제과점/아이스크림점","고유가 피해지원금","061)334-0074","90711210"
"품장","노안면","전라남도 나주시 노안면 건재로 524-11","35.064414","126.752246","naver","한식","고유가 피해지원금","061)332-1239","90816564"
"대림이조공예","노안면","전라남도 나주시 노안면 학산동산길 20-3","35.060625","126.747769","naver","일반가구점","고유가 피해지원금","061)335-0071","18837597"
"새우표식품","노안면","전라남도 나주시 노안면 건재로 493","35.062668","126.749703","naver","농.수.축산물점","고유가 피해지원금","061)336-2201","12084726"
"유한회사 노안에너지","노안면","전남 나주시 노안면","35.079787","126.716165","dong","충전소","고유가 피해지원금","061)336-7179","91306760"
"씰리침대 한솔숯침대","노안면","전남 나주시 노안면","35.080199","126.718888","dong","일반가구점","고유가 피해지원금","061)332-3154","87308913"
"이노센트가구나주점","노안면","전라남도 나주시 노안면 건재로 487","35.062272","126.748849","naver","일반가구점","고유가 피해지원금","061)335-8579","82485161"
"나주가구박람회","노안면","전라남도 나주시 노안면 건재로 487 마동 102호~104호 나주가구박람회 메블드메종","35.061902","126.748184","naver","일반가구점","고유가 피해지원금","061)361-8586","99212474"
"올매트리스","노안면","전남 나주시 노안면","35.081538","126.718638","dong","일반가구점","고유가 피해지원금","","115419167"
"점보볼링","노안면","전남 나주시 노안면","35.080586","126.715824","dong","용역서비스업","고유가 피해지원금","061)332-2244","121172487"
"편백가구공방","노안면","전라남도 나주시 노안면 건재로 487 나주가구단지내 종합가구백화점","35.062921","126.74957","naver","일반가구점","고유가 피해지원금","","104940281"
"메블드메종","노안면","전라남도 나주시 노안면 건재로 487 마동 102호~104호 나주가구박람회 메블드메종","35.061902","126.748184","naver","일반가구점","고유가 피해지원금","062)332-8586","110470685"
"(주)엠지","노안면","전라남도 나주시 노안면 건재로 487","35.062816","126.748833","naver","일반가구점","고유가 피해지원금","061)335-8188","73700002"
"월드소파","노안면","전라남도 나주시 노안면 건재로 487","35.062321","126.748249","naver","일반가구점","고유가 피해지원금","","90690103"
"호남가구단지","노안면","전라남도 나주시 노안면 건재로 487 호남가구단지","35.062508","126.74881","naver","일반가구점","고유가 피해지원금","","109603523"
"두란퍼니처","노안면","전남 나주시 노안면","35.078808","126.717815","dong","일반가구점","고유가 피해지원금","061)335-5270","86120497"
"(주) 지상모터스","노안면","전라남도 나주시 노안면 학산길 73","35.059215","126.744768","naver","차량 정비/부품/인테리어","고유가 피해지원금","061)333-9001","89178616"
"(주)칠원창호나라","노안면","전라남도 나주시 노안면 학산길 63-10","35.060141","126.744509","naver","지물 및 천막","고유가 피해지원금","061)336-0004","38854118"
"가구챔피언","노안면","전라남도 나주시 노안면 노안로 570","35.065383","126.75128","naver","일반가구점","고유가 피해지원금","061)332-3680","97023524"
"노안농협학산지점","노안면","전라남도 나주시 노안면 학산길 1","35.064013","126.749278","naver","주유소","고유가 피해지원금","061)335-0003","16661973"
"형제스키드로더","노안면","전라남도 나주시 노안면 학산길 7 공장","35.063839","126.748816","naver","기타 수리서비스","고유가 피해지원금","062)433-0078","83683196"
"어우동퓨전통닭","노안면","전라남도 나주시 노안면 건재로 539","35.06618","126.751395","naver","슈퍼마켓","고유가 피해지원금","061)336-1257","18519013"
"노안역전슈퍼","노안면","전라남도 나주시 노안면 학산길 28","35.062817","126.74691","naver","일반잡화판매점","고유가 피해지원금","061)335-8833","75745601"
"우승개발","노안면","전라남도 나주시 노안면 학산길 16-1","35.063609","126.747812","naver","주택/건설","고유가 피해지원금","","101029680"
"(주)푸드나무","노안면","전라남도 나주시 노안면 학산길 48","35.061596","126.74505","naver","기타 식품","고유가 피해지원금","062)961-6776","113268570"
"고향떡방앗간","노안면","전라남도 나주시 노안면 학산리 504-192","35.065029","126.748707","naver","미곡상","고유가 피해지원금","061)335-8305","95641554"
"삼삼숯불갈비","노안면","전라남도 나주시 노안면 학산길 70-10 삼삼숯불갈비","35.059972","126.742846","naver","한식","고유가 피해지원금","061)336-3333","112209060"
"맛본","노안면","전라남도 나주시 노안면 만호길 16 맛본","35.066465","126.750272","naver","농.수.축산물점","고유가 피해지원금","062)432-2636","58776679"
"동복메기탕","노안면","전라남도 나주시 노안면 노안로 535 동복메기탕","35.065211","126.748442","naver","한식","고유가 피해지원금","061)332-3241","120731608"
"란제리 양말","노안면","전남 나주시 노안면","35.08203","126.718799","dong","내의판매점","고유가 피해지원금","061)332-2244","106445035"
"해송가든","노안면","전라남도 나주시 노안면 건재로 656 해송가든","35.074166","126.759622","naver","한식","고유가 피해지원금","061)335-0142","98628271"
"노안가든","노안면","전라남도 나주시 노안면 건재로 647 노안가든","35.07384","126.758533","naver","한식","고유가 피해지원금","061)335-2759","92436041"
"농업회사법인 주식회사 해찬향기","노안면","전남 나주시 노안면","35.082578","126.717056","dong","농.수.축산물점","고유가 피해지원금","","115855308"
"(주)참농가푸드","노안면","전라남도 나주시 노안면 도산길 4","35.074582","126.759072","naver","기타 식품","고유가 피해지원금","061)820-7146","121263093"
"(주)그린타임","노안면","전남 나주시 노안면","35.081082","126.71948","dong","건강식품점","고유가 피해지원금","070)4102-6870","120783321"
"미 시스템","노안면","전남 나주시 노안면","35.081498","126.715524","dong","화장품점","고유가 피해지원금","062)946-3456","71806285"
"(주)대원노안제일주유소","노안면","전라남도 나주시 노안면 건재로 683","35.076167","126.761061","naver","주유소","고유가 피해지원금","061)333-7319","98572493"
"케이노안서비스","노안면","전남 나주시 노안면","35.082535","126.71825","dong","세차장","고유가 피해지원금","061)333-7319","116137540"
"지에스25 나주노안점","노안면","전라남도 나주시 노안면 건재로 689 1층","35.076693","126.761805","naver","편의점","고유가 피해지원금","","110098845"
"예림농장","노안면","전라남도 나주시 노안면 건재로 691","35.07683","126.761971","naver","농.수.축산물점","고유가 피해지원금","061)335-7923","80856238"
"청정이엔지 주식회사(나주점)","노안면","전남 나주시 노안면","35.082439","126.716305","dong","주유소","고유가 피해지원금","070)7614-3579","118522434"
"더늘푸른(주)용봉주유소","노안면","전남 나주시 노안면","35.07833","126.71696","dong","주유소","고유가 피해지원금","070)7614-3579","90103248"
"거북이집","노안면","전라남도 나주시 노안면 건재로 747-5","35.080975","126.765175","naver","한식","고유가 피해지원금","062)944-5746","91118707"
"씨유 나주노안점","노안면","전라남도 나주시 노안면 노안로 453","35.068129","126.740566","naver","편의점","고유가 피해지원금","02)1577-8007","93780102"
"신북농약사","노안면","전남 나주시 노안면","35.078779","126.718912","dong","농어업용품","고유가 피해지원금","061)472-9066","15499286"
"농업회사법인 늘품 주식회사","노안면","전남 나주시 노안면","35.08282","126.717514","dong","농.수.축산물점","고유가 피해지원금","061)334-8558","120116655"
"친절백반","노안면","전남 나주시 노안면","35.07887","126.715804","dong","한식","고유가 피해지원금","061)335-9241","84464281"
"농업회사법인 몽 스페이스주식회사","노안면","전남 나주시 노안면","35.080639","126.719759","dong","기타 식품","고유가 피해지원금","061)335-2111","107867224"
"노안아시아마트","노안면","전남 나주시 노안면","35.082015","126.715621","dong","슈퍼마켓","고유가 피해지원금","02)1577-0000","98058990"
"부자돼야지","노안면","전남 나주시 노안면","35.078182","126.717756","dong","한식","고유가 피해지원금","02)1577-0000","122046129"
"빛고을에너지","노안면","전남 나주시 노안면","35.082477","126.718777","dong","기계류 건축설비","고유가 피해지원금","","121626090"
"청송각","노안면","전라남도 나주시 노안면 유곡로 230","35.073119","126.732735","naver","중식","고유가 피해지원금","061)335-0807","103263143"
"댕마실","노안면","전라남도 나주시 노안면 노안로 359 1층","35.073602","126.733117","naver","휴게음식점","고유가 피해지원금","","117701553"
"나주배원예영농조합법인","노안면","전라남도 나주시 노안면 도산길 155 정토농산영농조합","35.085995","126.752339","naver","농.수.축산물점","고유가 피해지원금","061)336-9464","12361488"
"소정공작소","노안면","전라남도 나주시 금남길 45 성실인력대기소","35.032428","126.714545","naver","실내장식","고유가 피해지원금","","99550942"
"노안오토바이","노안면","전라남도 나주시 노안면 노안로 357","35.073544","126.732941","naver","기타 수리서비스","고유가 피해지원금","061)333-1134","80467307"
"청건스치로폼","노안면","전라남도 나주시 노안면 노안로 354 가동","35.073608","126.730944","naver","건축자재","고유가 피해지원금","","101358314"
"노안포차","노안면","전라남도 나주시 노안면 금산로 6","35.075047","126.731795","naver","일반주점","고유가 피해지원금","061)335-6683","85712423"
"농업회사법인(주)나물사랑","노안면","전라남도 나주시 노안면 노안로 338","35.074491","126.730962","naver","농.수.축산물점","고유가 피해지원금","061)333-5588","85924512"
"목사골","노안면","전라남도 나주시 노안면 노안로 336 노안건설","35.074783","126.731216","naver","한식","고유가 피해지원금","061)336-7892","29080633"
"노안로336 카페","노안면","전라남도 나주시 노안면 노안로 336 노안로336카페","35.074775","126.731204","naver","커피/음료전문점","고유가 피해지원금","","116786931"
"노안국밥","노안면","전라남도 나주시 노안면 노안로 334","35.074933","126.731102","naver","한식","고유가 피해지원금","061)335-9925","102214776"
"노안카센터","노안면","전라남도 나주시 노안면 노안로 335","35.075177","126.731273","naver","차량 정비/부품/인테리어","고유가 피해지원금","061)333-4972","17248684"
"노안농협하나로마트","노안면","전라남도 나주시 노안면 금산로 12","35.075548","126.731498","naver","농.수.축협직판장","고유가 피해지원금","061)335-7444","19434399"
"노안기업","노안면","전라남도 나주시 노안면 노안로 514-20","35.064619","126.74516","naver","기계류 건축설비","고유가 피해지원금","061)335-5525","16526061"
"노안한의원","노안면","전라남도 나주시 노안면 금산로 24","35.076596","126.730827","naver","일반.치과.한의원","고유가 피해지원금","061)333-0200","93051113"
"미주기획","노안면","전남 나주시 노안면","35.0831","126.717178","dong","인쇄 및 광고","고유가 피해지원금","","102594827"
"행복한약국","노안면","전라남도 나주시 노안면 금산로 23-1","35.07644","126.730373","naver","약국","고유가 피해지원금","061)336-3364","35261936"
"하나의원","노안면","전라남도 나주시 노안면 금산로 23-1","35.076424","126.730364","naver","일반.치과.한의원","고유가 피해지원금","061)334-7582","66429328"
"풍년농약사","노안면","전라남도 나주시 노안면 금산로 2","35.074761","126.731971","naver","농어업용품","고유가 피해지원금","061)336-2626","15501405"
"농업회사법인(주) 개미와베짱이","노안면","전남 나주시 노안면","35.077974","126.718141","dong","농.수.축산물점","고유가 피해지원금","061)336-4117","88672105"
"탐진 농기계","노안면","전라남도 나주시 노안면 노안로 314","35.075865","126.728486","naver","기타운송기구판매점","고유가 피해지원금","061)336-8464","107792310"
"천하식육식당","노안면","전남 나주시 노안면","35.079581","126.714933","dong","한식","고유가 피해지원금","061)331-9589","113847240"
"마리아미용실","노안면","전라남도 나주시 노안면 금산로 40-29","35.07771","126.730569","naver","미용원","고유가 피해지원금","061)333-7760","86432483"
"슈퍼노바","노안면","전남 나주시 노안면","35.082947","126.716265","dong","차량 정비/부품/인테리어","고유가 피해지원금","","120738991"
"금암떡방앗간","노안면","전남 나주시 노안면","35.077932","126.716646","dong","미곡상","고유가 피해지원금","","108814021"
"신세계어린이집","노안면","전라남도 나주시 노안면 금산로 62 신세계어린이집","35.079039","126.728474","naver","아이행복 어린이집","고유가 피해지원금","061)335-1230","60448787"
"전남건설기계운전","노안면","전라남도 나주시 노안면 금산로 76 전남건설기계운전학원","35.079917","126.728428","naver","기술/사무/가정계학원","고유가 피해지원금","061)331-6114","77096479"
"새마을기업","노안면","전라남도 나주시 노안면 구축길 68-18","35.073655","126.713643","naver","건축자재","고유가 피해지원금","061)335-8585","101864425"
"가브리엘농원","노안면","전남 나주시 노안면","35.083253","126.717757","dong","농.수.축산물점","고유가 피해지원금","","115918441"
"평화축산","노안면","전라남도 나주시 동강면 옥정로 335 화정부화장","34.922081","126.521193","naver","농.수.축산물점","고유가 피해지원금","062)941-8623","85860560"
"(주)나나컴퍼니","노안면","전남 나주시 노안면","35.080432","126.720204","dong","가전제품점","고유가 피해지원금","","103934121"
"농업회사법인 주식회사 춘추시대","노안면","전남 나주시 노안면","35.082467","126.715435","dong","반려동물 서비스/용품점","고유가 피해지원금","","106593574"
"경평산업 주식회사","노안면","전남 나주시 노안면","35.077726","126.717586","dong","건축자재","고유가 피해지원금","061)337-1400","112658260"
"(주)오케이","노안면","전라남도 나주시 북망문길 21","35.037839","126.716348","naver","주유소","고유가 피해지원금","061)335-7943","80244730"
"(주)케이아이","노안면","전라남도 나주시 노안면 구축길 68-16","35.073992","126.713962","naver","일반잡화판매점","고유가 피해지원금","061)335-7943","27163434"
"그린피에스","노안면","전남 나주시 노안면","35.078925","126.719771","dong","주방 및 가정용품점","고유가 피해지원금","061)333-4670","103663100"
"수연조경","노안면","전남 나주시 노안면","35.083289","126.716779","dong","화원","고유가 피해지원금","","106002738"
"유한회사우리가스","노안면","전남 나주시 노안면","35.078029","126.716034","dong","가스판매점","고유가 피해지원금","061)332-1147","51067171"
"이랑이미용실","노안면","전라남도 나주시 노안면 월송2길 9","35.076813","126.704127","naver","미용원","고유가 피해지원금","061)332-2270","86378622"
"금안동맛집","노안면","전라남도 나주시 노안면 월송2길 9","35.076839","126.704195","naver","한식","고유가 피해지원금","","119970247"
"기말리방앗간","노안면","전라남도 나주시 노안면 금안1길 3","35.075718","126.70302","naver","미곡상","고유가 피해지원금","061)336-5050","63448150"
"미나건축","노안면","전라남도 나주시 노안면 월송2길 5","35.076608","126.703756","naver","주택/건설","고유가 피해지원금","02)1577-0000","122312592"
"(주)해온푸드","노안면","전라남도 나주시 노안면 노안삼도로 358","35.077228","126.703793","naver","농.수.축산물점","고유가 피해지원금","061)332-2244","121118975"
"나주삼화젓갈상회","노안면","전남 나주시 노안면","35.079803","126.720262","dong","농.수.축산물점","고유가 피해지원금|온누리|전통시장","061)361-7797","75390350"
"부형자동차공업사","노안면","전남 나주시 노안면","35.082971","126.71582","dong","차량 정비/부품/인테리어","고유가 피해지원금","061)336-5335","46352221"
"농업회사법인주식회사쌍둥이농산","노안면","전남 나주시 노안면","35.077614","126.71696","dong","미곡상","고유가 피해지원금","061)335-8998","73267046"
"리시안셔스","노안면","전라남도 나주시 노안면 금안2길 144-5","35.06932","126.69173","naver","커피/음료전문점","고유가 피해지원금","","114353677"
"동우꽃농원","노안면","전남 나주시 노안면","35.080736","126.714473","dong","화원","고유가 피해지원금","062)961-6682","70187453"
"나주아이씨주유소","노안면","전남 나주시 노안면","35.078355","126.719472","dong","주유소","고유가 피해지원금","061)335-7001","10074675"
"소나무정","노안면","전라남도 나주시 노안면 노안삼도로 407-281 소나무정 한옥으로 잇다","35.07585","126.689101","naver","펜션/민박","고유가 피해지원금","","93869801"
"지연농장","노안면","전남 나주시 노안면","35.078281","126.715438","dong","농.수.축산물점","고유가 피해지원금","","120627809"
"희락정민박","노안면","전라남도 나주시 노안면 금안한옥길 55","35.076593","126.687041","naver","펜션/민박","고유가 피해지원금","061)335-5933","76639681"
"안산정미소","노안면","전라남도 나주시 노안면 노안삼도로 502","35.088345","126.696492","naver","미곡상","고유가 피해지원금","061)336-8510","100627955"
"즐거운 소매점","노안면","전남 나주시 노안면","35.077546","126.718001","dong","일반잡화판매점","고유가 피해지원금","061)332-3500","86968513"
"운영상회","노안면","전남 나주시 노안면","35.083107","126.719023","dong","농.수.축산물점","고유가 피해지원금","","96376540"
"무인시스템 (나주점)","노안면","전남 나주시 노안면","35.079686","126.714497","dong","자동판매기 운영업","고유가 피해지원금","","117794955"
"삼성종합가스판매조합  주식회사","노안면","전남 나주시 노안면","35.07915","126.720165","dong","가스판매점","고유가 피해지원금","061)336-1147","65437748"
"아이에스오일주식회사","노안면","전남 나주시 노안면","35.083388","126.716335","dong","연탄 및 유류판매점","고유가 피해지원금","","37360181"
"관동농원","노안면","전라남도 나주시 노안면 양천리 산42-5","35.102039","126.690843","naver","화원","고유가 피해지원금","","110150465"
"오정농원","노안면","전남 나주시 노안면","35.08187","126.720209","dong","농.수.축산물점","고유가 피해지원금","","119906577"
"한지꽃이피었습니다","노안면","전라남도 나주시 노안면 오리길 7 한지꽃이 피었습니다","35.094115","126.68099","naver","민예.공예.토산품","고유가 피해지원금","032)545-9609","81177854"
"농업회사법인 주식회사 나주시골농장","노안면","전남 나주시 노안면","35.077852","126.719029","dong","농.수.축산물점","고유가 피해지원금","061)335-6535","88936394"
"남산가스설비","노안면","전남 나주시 노안면","35.083577","126.718055","dong","기계류 건축설비","고유가 피해지원금","061)337-7117","94269382"
"이슬촌미","노안면","전남 나주시 노안면","35.078683","126.714896","dong","민예.공예.토산품","고유가 피해지원금","061)336-2422","77407774"
"카페림","다도면","전라남도 나주시 다도면 세남로 1304 1층","35.007365","126.819704","naver","커피/음료전문점","고유가 피해지원금","070)7614-3579","95415671"
"다도로60","다도면","전라남도 나주시 다도면 다도로 60","35.002632","126.821579","naver","한식","고유가 피해지원금","061)336-8721","109802951"
"서기당(홍기창가옥)","다도면","전라남도 나주시 다도면 동력길 20","34.99888","126.823462","naver","기타 레저업소","고유가 피해지원금","","93053211"
"산에는 꽃이피네","다도면","전라남도 나주시 다도면 동력길 20-1 산에는꽃이피네","34.998649","126.823292","naver","기타숙박업","고유가 피해지원금","","97802110"
"고택산에는 꽃이피네","다도면","전라남도 나주시 다도면 동력길 20-1 산에는꽃이피네","34.998649","126.823292","naver","커피/음료전문점","고유가 피해지원금","","109990233"
"도래미","다도면","전라남도 나주시 다도면 동력길 18-26","34.997536","126.824603","naver","기타숙박업","고유가 피해지원금","061)336-3646","102382859"
"해피니스","다도면","전라남도 나주시 다도면 다도로 171-60","34.996035","126.83272","naver","세차장","고유가 피해지원금","","107149462"
"해피니스 프로샵","다도면","전라남도 나주시 다도면 다도로 171-4","34.992661","126.82245","naver","레저용품점","고유가 피해지원금","061)330-5199","121579658"
"은성복지회(빛고을매점)","다도면","전남 나주시 다도면","34.942259","126.832213","dong","일반잡화판매점","고유가 피해지원금","","107895187"
"이쁜여우","다도면","전남 나주시 다도면","34.940476","126.834062","dong","기성복점","고유가 피해지원금","","112511113"
"그린","다도면","전라남도 나주시 내동길 6","35.014333","126.71295","naver","농.수.축산물점","고유가 피해지원금","070)7614-3579","116196244"
"미림농원","다도면","전라남도 나주시 다도면 나주호로 95-14","34.966058","126.836145","naver","농.수.축산물점","고유가 피해지원금","061)337-7022","70588980"
"다도숲","다도면","전라남도 나주시 다도면 나주호로 141-15","34.965368","126.841966","naver","펜션/민박","고유가 피해지원금","","119245112"
"호수가든","다도면","전라남도 나주시 다도면 다도로 594 호수가든","34.959639","126.830056","naver","한식","고유가 피해지원금","","117208529"
"궁원230","다도면","전라남도 나주시 다도면 다도로 605 흰색건물","34.958741","126.829823","naver","패스트푸드점","고유가 피해지원금","","119436657"
"블루리버","다도면","전라남도 나주시 다도면 나주호로 318","34.965915","126.853282","naver","자동판매기 운영업","고유가 피해지원금","061)336-0428","107935834"
"나주 도겸유통","다도면","전남 나주시 다도면","34.941806","126.831864","dong","기타 식품","고유가 피해지원금","","118416901"
"버드나무집","다도면","전라남도 나주시 다도면 나주호로 162 버드나무집","34.963602","126.84131","naver","한식","고유가 피해지원금","061)337-4136","10608047"
"금어마을펜션","다도면","전라남도 나주시 다도면 신방로 209-71","34.959352","126.845135","naver","펜션/민박","고유가 피해지원금","061)337-8859","84795657"
"고마리농원","다도면","전남 나주시 다도면","34.940447","126.832391","dong","농.수.축산물점","고유가 피해지원금","061)336-8624","118353302"
"산길가든","다도면","전라남도 나주시 다도면 신방로 98","34.953828","126.835222","naver","한식","고유가 피해지원금","061)337-3071","47591069"
"다도상회","다도면","전남 나주시 다도면","34.942729","126.832048","dong","슈퍼마켓","고유가 피해지원금","","103090353"
"크로바푸드","다도면","전라남도 나주시 다도면 신방로 255","34.9552","126.847595","naver","일반잡화판매점","고유가 피해지원금","061)331-2520","88884230"
"마이킹","다도면","전라남도 나주시 다도면 다도로 752","34.948014","126.827068","naver","한식","고유가 피해지원금","061)337-3068","81839938"
"다이마트","다도면","전라남도 나주시 다도면 다도로 749","34.948001","126.827412","naver","슈퍼마켓","고유가 피해지원금","061)337-0707","96206901"
"다도회관","다도면","전라남도 나주시 다도면 다도로 754","34.947776","126.82705","naver","일식/생선회집","고유가 피해지원금","061)337-1360","29709860"
"광주전남양봉사회적협동조합","다도면","전남 나주시 다도면","34.94344","126.832758","dong","건강식품점","고유가 피해지원금","061)332-2244","120684880"
"나주시니어클럽카페다","다도면","전남 나주시 다도면","34.939986","126.832839","dong","커피/음료전문점","고유가 피해지원금","061)334-7909","100681997"
"다도헤어샵","다도면","전라남도 나주시 다도면 다도로 764-1","34.946845","126.826943","naver","미용원","고유가 피해지원금","","111418894"
"다도한우촌","다도면","전라남도 나주시 다도면 다도로 792 다도한우촌","34.94439","126.826312","naver","한식","고유가 피해지원금","061)332-8400","117739194"
"다도한우촌","다도면","전라남도 나주시 다도면 다도로 792 다도한우촌","34.94439","126.826312","naver","정육점","고유가 피해지원금","061)332-8400","117741834"
"남평농협 다도지점 하나로마트","다도면","전남 나주시 다도면","34.943656","126.833799","dong","농.수.축협직판장","고유가 피해지원금","061)338-1507","120526308"
"참주가컬쳐스페이스","다도면","전남 나주시 다도면","34.940538","126.831917","dong","슈퍼마켓","고유가 피해지원금","","122141708"
"남평농협다도지점","다도면","전라남도 나주시 다도면 다도로 791","34.944281","126.82705","naver","연탄 및 유류판매점","고유가 피해지원금","061)337-0996","40753755"
"(주)별다만","다도면","전라남도 나주시 다도면 다도로 857","34.938171","126.827286","naver","반려동물 서비스/용품점","고유가 피해지원금","061)337-1230","118402130"
"다도농원","다도면","전라남도 나주시 다도면 다도로 857","34.938171","126.827286","naver","농.수.축산물점","고유가 피해지원금","061)336-7777","114497559"
"별다만 광주전남","다도면","전라남도 나주시 다도면 다도로 857","34.938171","126.827286","naver","반려동물 서비스/용품점","고유가 피해지원금","","120836998"
"위스테리아(WISTERIA)","다도면","전라남도 나주시 다도면 다도로 867 위스테리아","34.938078","126.827077","naver","슈퍼마켓","고유가 피해지원금","061)336-7777","115918965"
"씨유(CU)나주골드스파리조트점","다도면","전라남도 나주시 다도면 나주호로 558-314","34.947589","126.871702","naver","편의점","고유가 피해지원금","02)1577-8007","121977638"
"플랜티","다도면","전라남도 나주시 다도면 나주호로 558-314","34.947785","126.871633","naver","커피/음료전문점","고유가 피해지원금","070)7614-3579","93389297"
"슈퍼마켓 자연숲","다도면","전라남도 나주시 다도면 나주호로 558-314","34.947785","126.871633","naver","슈퍼마켓","고유가 피해지원금","062)339-5387","92971391"
"야미야미","다도면","전남 나주시 다도면","34.942302","126.83552","dong","패스트푸드점","고유가 피해지원금","","118936016"
"포세이돈레저","다도면","전라남도 나주시 다도면 방산리 1474-2","34.946306","126.870574","naver","기타 레저업소","고유가 피해지원금","061)337-2009","83310644"
"에코팜 영농조합법인","다도면","전남 나주시 다도면","34.939715","126.834221","dong","농.수.축산물점","고유가 피해지원금","","119522968"
"다도중기","다도면","전라남도 나주시 다도면 다도로 760 호수다방","34.947142","126.826965","naver","중고물품 판매점","고유가 피해지원금","","105203959"
"다소영농조합법인","다도면","전남 나주시 다도면","34.940801","126.831489","dong","기타 식품","고유가 피해지원금","061)337-3440","118803159"
"다도반점","다도면","전라남도 나주시 다도면 마산로 360","34.913075","126.847995","naver","중식","고유가 피해지원금","061)337-0050","100035640"
"정가네","다도면","전라남도 나주시 금성길 59","35.034261","126.717521","naver","한식","고유가 피해지원금","061)337-3323","102486368"
"농업회사법인 주식회사 천지개미골","다도면","전남 나주시 다도면","34.93955","126.833","dong","농.수.축산물점","고유가 피해지원금","061)331-3885","115026647"
"레삐호남지사","다도면","전남 나주시 다도면","34.943046","126.835309","dong","화장품점","고유가 피해지원금","062)351-7749","55629703"
"가나설비","다도면","전라남도 나주시 다도면 덕림로 497-9","34.890413","126.807711","naver","기계류 건축설비","고유가 피해지원금","","105848037"
"(주)퍼스트펫","다시면","전라남도 나주시 다시면 영산로 4952","35.019584","126.678521","naver","반려동물 서비스/용품점","고유가 피해지원금","061)337-0991","118916980"
"농업회사법인 주식회사 지율","다시면","전남 나주시 다시면","35.007893","126.637118","dong","기타 레저업소","고유가 피해지원금","","118880131"
"루루  블루베리  체험농장","다시면","전라남도 나주시 다시면 신광로 62 루루블루베리체험농장","35.023794","126.676631","naver","기타 레저업소","고유가 피해지원금","061)371-8845","103663018"
"한옥펜션 누마루","다시면","전라남도 나주시 다시면 신광로 282-78 독채","35.042305","126.67769","naver","기타숙박업","고유가 피해지원금","","99344131"
"에스지라온개발(편백숲힐링캠프)","다시면","전남 나주시 다시면","35.00826","126.638036","dong","기타숙박업","고유가 피해지원금","061)335-2617","119321196"
"시아네민박","다시면","전남 나주시 다시면","35.010096","126.636708","dong","펜션/민박","고유가 피해지원금","061)356-5164","110466155"
"대승장어","다시면","전라남도 나주시 다시면 구진포로 91","35.004516","126.675292","naver","한식","고유가 피해지원금","061)336-1265","82301350"
"단풍나무","다시면","전라남도 나주시 다시면 신광로 282-9 번지","35.042949","126.67596","naver","기타숙박업","고유가 피해지원금","","108308411"
"구진포제일장어","다시면","전라남도 나주시 다시면 구진포로 92","35.004414","126.674827","naver","한식","고유가 피해지원금","061)336-0579","114313367"
"(유)전남한옥목재","다시면","전남 나주시 다시면","35.007636","126.637622","dong","건축자재","고유가 피해지원금","061)452-6410","100921361"
"신흥장어","다시면","전라남도 나주시 다시면 구진포로 58","35.006771","126.672547","naver","한식","고유가 피해지원금|온누리","061)335-9109","68737238"
"동아토기","다시면","전라남도 나주시 다시면 영산로 4848","35.013185","126.671285","naver","철물점","고유가 피해지원금","061)335-6051","39456040"
"아림","다시면","전라남도 나주시 다시면 영산로 4848","35.012781","126.671038","naver","커피/음료전문점","고유가 피해지원금","061)335-3505","91443103"
"문암가든","다시면","전라남도 나주시 다시면 영산로 4844 문암가든","35.012484","126.670773","naver","한식","고유가 피해지원금","061)335-7679","35334829"
"희망농업기계 서비스","다시면","전남 나주시 다시면","35.007361","126.636831","dong","기타 수리서비스","고유가 피해지원금","061)332-0905","91845087"
"주시회사 에코그린","다시면","전남 나주시 다시면","35.009918","126.638238","dong","레저용품점","고유가 피해지원금","061)336-8592","112332877"
"하이가스산업","다시면","전남 나주시 다시면","35.008966","126.635424","dong","가스판매점","고유가 피해지원금","","114098954"
"성호사슴방목장","다시면","전라남도 나주시 다시면 문암길 43-19","35.016108","126.669585","naver","건강식품점","고유가 피해지원금","061)335-9367","16408130"
"신성충전소","다시면","전라남도 나주시 다시면 영산로 4837 현대오일신성충전소","35.012594","126.670135","naver","충전소","고유가 피해지원금","061)336-5128","17546341"
"나주자동차운전전문학원","다시면","전라남도 나주시 다시면 구진포로 28","35.008348","126.669618","naver","자동차학원","고유가 피해지원금","061)336-7711","64133042"
"행복한토종닭","다시면","전라남도 나주시 다시면 영산로 4796-13 나주시다시면영산로4796ㅡ13","35.009409","126.667759","naver","한식","고유가 피해지원금","061)336-8683","70231334"
"나주민속품경매장","다시면","전라남도 나주시 다시면 영산로 4793","35.010543","126.666645","naver","민예.공예.토산품","고유가 피해지원금","061)336-8071","74391921"
"나비앉다","다시면","전라남도 나주시 다시면 회진길 14-15","34.997802","126.66742","naver","문화/취미 기타","고유가 피해지원금","","95421254"
"동화석유","다시면","전남 나주시 다시면","35.010442","126.637914","dong","연탄 및 유류판매점","고유가 피해지원금","061)333-7166","119219557"
"뜨랑","다시면","전라남도 나주시 다시면 영산로 4747 뜨랑","35.01189","126.662005","naver","한식","고유가 피해지원금","061)335-4787","85966003"
"신광양봉원","다시면","전남 나주시 다시면","35.008136","126.638684","dong","건강식품점","고유가 피해지원금","","110347454"
"천농장","다시면","전남 나주시 다시면","35.0106","126.636318","dong","농.수.축산물점","고유가 피해지원금","","107581156"
"(주)꼬바에느","다시면","전라남도 나주시 학생운동길 5-1 (A-4) 주식회사 꼬바에느","35.028737","126.720616","naver","주택/건설","고유가 피해지원금","061)417-5557","75798272"
"동네방네주유소","다시면","전라남도 나주시 다시면 영산로 4732","35.011738","126.659971","naver","주유소","고유가 피해지원금","061)334-1919","116449202"
"유한회사 창연","다시면","전남 나주시 다시면","35.009386","126.635188","dong","기타 신변잡화","고유가 피해지원금","061)336-0027","89549685"
"목사골공방","다시면","전남 나주시 다시면","35.007281","126.638071","dong","양품점","고유가 피해지원금","061)334-3690","55421568"
"재단법인나주시천연염색문화재단","다시면","전남 나주시 다시면","35.010816","126.637359","dong","공연장/전시장","고유가 피해지원금","061)335-0160","41034001"
"시니어카페나주손","다시면","전남 나주시 다시면","35.007698","126.635477","dong","커피/음료전문점","고유가 피해지원금","061)334-7090","100679368"
"자미공방","다시면","전남 나주시 다시면","35.008736","126.639006","dong","민예.공예.토산품","고유가 피해지원금","061)334-4652","52836402"
"어울리기","다시면","전라남도 나주시 다시면 백호로 379","34.994154","126.66279","naver","민예.공예.토산품","고유가 피해지원금","061)335-0160","55242382"
"진양","다시면","전남 나주시 다시면","35.00688","126.63704","dong","인쇄 및 광고","고유가 피해지원금","061)336-1001","71028043"
"킨디자인","다시면","전라남도 나주시 다시면 백호로 369 12호","34.993398","126.661633","naver","문화/취미 기타","고유가 피해지원금","","111562415"
"수리감성","다시면","전남 나주시 다시면","35.00871","126.634983","dong","문화/취미 기타","고유가 피해지원금","","102046027"
"레아공방","다시면","전라남도 나주시 다시면 백호로 369 레아공방","34.993398","126.661633","naver","민예.공예.토산품","고유가 피해지원금","061)334-5134","102417080"
"쪽가람","다시면","전남 나주시 다시면","35.010958","126.636656","dong","기타 의류","고유가 피해지원금","","112858939"
"수수공방","다시면","전남 나주시 다시면","35.007115","126.635907","dong","문화/취미 기타","고유가 피해지원금","070)7614-3579","98702199"
"제이-콘텐츠스토리","다시면","전남 나주시 다시면","35.009462","126.63908","dong","주방 및 가정용품점","고유가 피해지원금","","118978620"
"화락전","다시면","전남 나주시 다시면","35.009878","126.635124","dong","민예.공예.토산품","고유가 피해지원금","","114355198"
"손뜨개 천연염색 정은경공방","다시면","전남 나주시 다시면","35.006875","126.637781","dong","문화/취미 기타","고유가 피해지원금","070)7614-3579","82590103"
"가삿골공방","다시면","전남 나주시 다시면","35.010915","126.63785","dong","침구/커튼/카펫트점","고유가 피해지원금","061)335-7292","41942211"
"다시어린이집","다시면","전라남도 나주시 다시면 가운길 48","35.017613","126.656544","naver","아이행복 어린이집","고유가 피해지원금","061)335-4554","60403848"
"틀 공방","다시면","전남 나주시 다시면","35.008249","126.63914","dong","기타 직물","고유가 피해지원금","061)334-7233","69219971"
"랑동한옥스테이","다시면","전라남도 나주시 다시면 랑동길 29-3","34.997213","126.656703","naver","펜션/민박","고유가 피해지원금","061)336-0105","116943451"
"월광카센타","다시면","전라남도 나주시 다시면 다시로 295","35.015624","126.649568","naver","차량 정비/부품/인테리어","고유가 피해지원금","061)335-4022","17318279"
"이지인력개발","다시면","전남 나주시 다시면","35.010206","126.638869","dong","일반잡화판매점","고유가 피해지원금","","113519460"
"나주대학교","다시면","전라남도 나주시 다시면 백호로 125","35.007872","126.649045","naver","휴게음식점","고유가 피해지원금","061)330-7343","74954208"
"순이오겹살","다시면","전라남도 나주시 다시면 백호로 95-5","35.011033","126.648891","naver","한식","고유가 피해지원금","061)336-0112","105719938"
"짜장나라","다시면","전라남도 나주시 다시면 백호로 97","35.010769","126.648162","naver","중식","고유가 피해지원금","061)331-0110","76385716"
"우석농장","다시면","전남 나주시 다시면","35.00725","126.635404","dong","농.수.축산물점","고유가 피해지원금","","119679932"
"몽마르뜨","다시면","전남 나주시 다시면","35.009019","126.639359","dong","레저용품점","고유가 피해지원금","","111600925"
"다시석재","다시면","전라남도 나주시 다시면 원동길 1","35.017973","126.646006","naver","건축자재","고유가 피해지원금","061)331-6698","101899056"
"엘림포도원","다시면","전라남도 나주시 다시면 영산로 4592 엘림포도원","35.017025","126.645994","naver","농.수.축산물점","고유가 피해지원금","","98700649"
"(주)다시오케이충전소","다시면","전라남도 나주시 다시면 영산로 4581 다시OK충전소","35.018103","126.645395","naver","충전소","고유가 피해지원금","070)7614-3579","120669911"
"나주 가설재","다시면","전라남도 나주시 금천면 영산로 5891-7","35.035269","126.772183","naver","건축자재","고유가 피해지원금","061)332-9910","81616111"
"농협회사법인 주식회사 케이","다시면","전남 나주시 다시면","35.007715","126.639122","dong","농.수.축산물점","고유가 피해지원금","061)336-7111","90594580"
"광주사랑방식당","다시면","전남 나주시 다시면","35.0112","126.636284","dong","한식","고유가 피해지원금","061)336-0075","66115856"
"알뜰식당","다시면","전라남도 나주시 다시면 다시로 209 알뜰식당","35.017043","126.640426","naver","한식","고유가 피해지원금","061)335-6582","14722672"
"다시터미널작은마트","다시면","전남 나주시 다시면","35.009855","126.639282","dong","일반잡화판매점","고유가 피해지원금","061)335-7979","113672847"
"나주삼화광고","다시면","전남 나주시 다시면","35.009721","126.634711","dong","인쇄 및 광고","고유가 피해지원금","061)335-7979","114247545"
"다시여객자동차터미널","다시면","전라남도 나주시 영산로 4526","35.019977","126.63985","naver","고속.시외버스","고유가 피해지원금","061)335-7979","113647727"
"봄날헤어","다시면","전남 나주시 다시면","35.011308","126.637652","dong","미용원","고유가 피해지원금","","110936144"
"복암기사식당","다시면","전남 나주시 다시면","35.007537","126.634933","dong","한식","고유가 피해지원금","061)335-5527","44248292"
"(주)대진건설","다시면","전라남도 나주시 다시면 대용길 12","35.019487","126.639095","naver","주택/건설","고유가 피해지원금","061)337-9734","119791936"
"정다운식당","다시면","전라남도 나주시 다시면 대용길 6-3","35.01986","126.639076","naver","한식","고유가 피해지원금","061)335-8966","92320414"
"다시당구클럽","다시면","전라남도 나주시 다시면 대용길 29","35.017997","126.638563","naver","당구장","고유가 피해지원금","","97284022"
"드림약국","다시면","전라남도 나주시 다시면 대용길 31","35.017763","126.638412","naver","약국","고유가 피해지원금","061)335-7566","74925269"
"고은상사","다시면","전라남도 나주시 다시면 영산로 4508 고은종합철물건제","35.020819","126.638236","naver","건축자재","고유가 피해지원금","061)335-1158","26789717"
"191카페","다시면","전라남도 나주시 다시면 다시로 191 1층","35.017358","126.638183","naver","커피/음료전문점","고유가 피해지원금","","109977801"
"메이퀸","다시면","전남 나주시 다시면","35.01148","126.636778","dong","한식","고유가 피해지원금","061)335-7592","31225786"
"현대미용실","다시면","전라남도 나주시 공산면 공산로 124-7","34.942862","126.608736","naver","미용원","고유가 피해지원금","061)335-9399","103062603"
"비타민마켓다시점","다시면","전남 나주시 다시면","35.009381","126.639603","dong","슈퍼마켓","고유가 피해지원금","","121546031"
"비타민마켓 다시점","다시면","전남 나주시 다시면","35.01029","126.634797","dong","슈퍼마켓","고유가 피해지원금","061)333-5323","73153932"
"더 초록 디자인","다시면","전라남도 나주시 다시면 무숙로 776-16 단독","35.015747","126.638245","naver","화원","고유가 피해지원금","061)332-2244","122341813"
"현대식육식당","다시면","전라남도 나주시 다시면 다시로 191 현대식육식당","35.017336","126.638216","naver","한식","고유가 피해지원금","061)336-0484","17149321"
"다시 옴","다시면","전남 나주시 다시면","35.007961","126.634533","dong","커피/음료전문점","고유가 피해지원금","061)331-2777","107109584"
"카페오르","다시면","전라남도 나주시 다시면 다시로 190 1층","35.017149","126.638075","naver","커피/음료전문점","고유가 피해지원금","","116038821"
"국과밥과국수","다시면","전라남도 나주시 다시면 다시로 188 1층 음식점","35.017124","126.637947","naver","한식","고유가 피해지원금","","116644004"
"오고파미장원","다시면","전라남도 나주시 다시면 무숙로 802-1","35.016641","126.636759","naver","미용원","고유가 피해지원금","061)335-3413","83446592"
"강미용실","다시면","전라남도 나주시 다시면 다시로 188-1","35.017005","126.637919","naver","미용원","고유가 피해지원금","061)336-8282","86327720"
"이천슈퍼","다시면","전라남도 나주시 다시면 다시로 186","35.017186","126.637813","naver","슈퍼마켓","고유가 피해지원금","061)335-5100","35850731"
"딸부잣집","다시면","전남 나주시 다시면","35.006674","126.638628","dong","한식","고유가 피해지원금","061)336-5522","94318617"
"향미식당","다시면","전라남도 나주시 다시면 다시로 181 향미식당","35.017403","126.637335","naver","한식","고유가 피해지원금","061)336-7776","58623609"
"건강한약국","다시면","전라남도 나주시 다시면 다시로 180","35.017225","126.63705","naver","약국","고유가 피해지원금","061)335-7559","28463837"
"늘푸른의원","다시면","전라남도 나주시 다시면 다시로 180","35.017217","126.637163","naver","일반.치과.한의원","고유가 피해지원금","061)336-7776","75120970"
"우리들의원","다시면","전라남도 나주시 다시면 대용길 31","35.017726","126.638448","naver","일반.치과.한의원","고유가 피해지원금","061)336-4000","55440891"
"다시농협주유소","다시면","전라남도 나주시 다시면 다시로 175-14","35.018667","126.636773","naver","주유소","고유가 피해지원금","061)335-6002","91924814"
"다시농협 하나로마트","다시면","전라남도 나주시 다시면 다시로 177","35.017571","126.637209","naver","농.수.축협직판장","고유가 피해지원금","061)335-4073","121149487"
"박지우 플란트치과의원","다시면","전라남도 나주시 다시면 다시로 178 1층 박지우플란트치과의원","35.017197","126.636918","naver","일반.치과.한의원","고유가 피해지원금","061)337-8828","82998032"
"영진건재사","다시면","전라남도 나주시 다시면 무숙로 795-2","35.01615","126.636962","naver","철물점","고유가 피해지원금","061)335-4069","63478031"
"장미사","다시면","전라남도 나주시 다시면 무숙로 802 다시마트","35.016596","126.636759","naver","세탁소","고유가 피해지원금","061)335-5462","106411981"
"컬투치킨 나주다시점","다시면","전라남도 나주시 다시면 무숙로 804 컬투치킨","35.016713","126.636716","naver","일반음식점 기타","고유가 피해지원금","","110119087"
"삼성전자","다시면","전라남도 나주시 다시면 무숙로 797-2","35.016275","126.636687","naver","가전제품점","고유가 피해지원금","061)335-4030","96318349"
"다시식당","다시면","전라남도 나주시 다시면 다시로 170-35","35.015886","126.636323","naver","한식","고유가 피해지원금","061)335-9090","102302781"
"대한철강","다시면","전라남도 나주시 다시면 송촌동곡길 7","35.029999","126.604516","naver","주택/건설","고유가 피해지원금","","117280013"
"현대의원","다시면","전라남도 나주시 다시면 다시로 169 현대의원","35.017491","126.635854","naver","일반.치과.한의원","고유가 피해지원금","061)335-7250","12017977"
"카페오르","다시면","전라남도 나주시 다시면 다시로 190 1층","35.017149","126.638075","naver","기타 식품","고유가 피해지원금","","113140711"
"리스통닭","다시면","전라남도 나주시 다시면 다시로 168-24","35.016421","126.635794","naver","일반주점","고유가 피해지원금","061)335-1487","30087974"
"리스노래연습장","다시면","전남 나주시 다시면","35.011351","126.63542","dong","노래방","고유가 피해지원금","061)335-1487","98638975"
"칸슈즈","다시면","전남 나주시 다시면","35.005994","126.63656","dong","기성복점","고유가 피해지원금","","119073477"
"다시약국","다시면","전라남도 나주시 다시면 다시로 169","35.017484","126.635888","naver","약국","고유가 피해지원금","061)336-8638","25172302"
"어쩌다치킨","다시면","전남 나주시 다시면","35.009116","126.634073","dong","일반음식점 기타","고유가 피해지원금|전통시장","070)7614-3579","121921006"
"다시식당","다시면","전라남도 나주시 다시면 다시로 170-35","35.015886","126.636323","naver","한식","고유가 피해지원금","061)336-0665","86670386"
"청학동국밥","다시면","전라남도 나주시 다시면 영산로 4480 청학동국밥","35.021883","126.635614","naver","일반음식점 기타","고유가 피해지원금","061)336-1914","85607279"
"다온","다시면","전라남도 나주시 다시면 영산로 4480","35.021934","126.635512","naver","일반음식점 기타","고유가 피해지원금","061)336-0400","76147751"
"농업회사법인  주식회사  한울타리영농","다시면","전남 나주시 다시면","35.009207","126.640022","dong","농.수.축산물점","고유가 피해지원금","070)7776-4775","65480074"
"복희네식당","다시면","전라남도 나주시 다시면 다시로 168-33","35.015971","126.635985","naver","한식","고유가 피해지원금","062)335-7768","95288426"
"무안","다시면","전라남도 나주시 다시면 월곡길 39-15","35.014576","126.635507","naver","한식","고유가 피해지원금","061)335-4014","13121481"
"일성루","다시면","전라남도 나주시 다시면 월곡길 23-21 일성루","35.01637","126.635514","naver","중식","고유가 피해지원금","061)335-4046","114531213"
"수민이네 포차","다시면","전남 나주시 다시면","35.008066","126.634097","dong","일반음식점 기타","고유가 피해지원금","","117425969"
"다담식당","다시면","전라남도 나주시 영산로 4471 신토불이식당","35.022917","126.635021","naver","한식","고유가 피해지원금","","110920104"
"세진중기","다시면","전남 나주시 다시면","35.011768","126.635935","dong","기계 및 장비임대업","고유가 피해지원금","","117967267"
"월광주유소","다시면","전라남도 나주시 다시면 영산로 4469","35.022984","126.634687","naver","주유소","고유가 피해지원금","","111963653"
"송이나라","다시면","전남 나주시 다시면","35.01025","126.639809","dong","농.수.축산물점","고유가 피해지원금","","120008334"
"우정자동차종합정비","다시면","전라남도 나주시 다시면 동옥선로 25","35.024288","126.634036","naver","차량 정비/부품/인테리어","고유가 피해지원금","061)336-6080","48032401"
"한국농약사","다시면","전라남도 나주시 다시면 다시로 168-49","35.015284","126.635971","naver","농어업용품","고유가 피해지원금","061)335-8080","16126197"
"풍정","다시면","전라남도 나주시 다시면 무숙로 607","35.000672","126.635672","naver","커피/음료전문점","고유가 피해지원금","","96590427"
"농업회사법인 초동골 유한회사","다시면","전남 나주시 다시면","35.007063","126.634496","dong","미곡상","고유가 피해지원금","","102166373"
"산넘어바다회","다시면","전라남도 나주시 다시면 무숙로 465","34.990927","126.631881","naver","한식","고유가 피해지원금","061)335-9105","83224454"
"동뫼골","다시면","전라남도 나주시 다시면","34.986017","126.627131","naver","문화/취미 기타","고유가 피해지원금","062)332-2244","118474987"
"동뫼골스테이","다시면","전라남도 나주시 다시면 신석동산길 28","34.986326","126.624511","naver","펜션/민박","고유가 피해지원금","061)332-2244","119357575"
"나주시 죽산보 오토캠핑장","다시면","전라남도 나주시 다시면 죽산리 123-3 죽산보오토캠핑장","34.970595","126.62799","naver","일반잡화판매점","고유가 피해지원금","","113112967"
"황금미소","다시면","전라남도 나주시 다시면 조등길 23-17","34.986216","126.621674","naver","미곡상","고유가 피해지원금","","107870600"
"황금축산","다시면","전라남도 나주시 공산로 121-1 송림회관","34.942326","126.608729","naver","농.수.축산물점","고유가 피해지원금","","97275249"
"무지개LPG충전소","다시면","전라남도 나주시 다시면 영산로 4738 E1무지개LPG충전소","35.011542","126.660567","naver","충전소","고유가 피해지원금","061)336-5196","42285481"
"초원의집","다시면","전라남도 나주시 다시면 무숙로 776-25","35.016634","126.638368","naver","한식","고유가 피해지원금","061)336-4566","68842889"
"자작나무 관광농원","다시면","전남 나주시 다시면","35.009652","126.640159","dong","일반잡화판매점","고유가 피해지원금","","103860902"
"나주에이티브이(ATV)","다시면","전남 나주시 다시면","35.010464","126.634206","dong","기타 레저업소","고유가 피해지원금","061)443-7375","105841831"
"에벨 농수산","다시면","전남 나주시 다시면","35.005831","126.638059","dong","농.수.축산물점","고유가 피해지원금","","121823068"
"창연 공방","다시면","전라남도 나주시 다시면 월서길 58 창연공방","34.985967","126.604795","naver","수예점","고유가 피해지원금","","114356170"
"나주중고장터","다시면","전라남도 나주시 다시면 영산로 4123 상가3호 야적장","35.030965","126.598339","naver","중고물품 판매점","고유가 피해지원금","","120802192"
"유한회사 한국태양광재활용센터","다시면","전남 나주시 다시면","35.00784","126.640119","dong","일반잡화판매점","고유가 피해지원금","061)331-3383","102496181"
"나주샛골나이","다시면","전라남도 나주시 다시면 동당리","35.000781","126.598163","naver","기술/사무/가정계학원","고유가 피해지원금","02)157-7000","105807442"
"뷰티풀농장","대기동","전라남도 나주시 대기1길 265-29","34.97587","126.726114","naver","농.수.축산물점","고유가 피해지원금","","99530891"
"해오름영농조합법인","대기동","전라남도 나주시 대기1길 244","34.97511","126.72068","naver","농.수.축산물점","고유가 피해지원금","","107283931"
"모텔리치","대호동","전남 나주시 대호동","35.049001","126.715952","dong","기타숙박업","고유가 피해지원금","061)334-9777","58762886"
"그린하우스","대호동","전라남도 나주시 건재로 228 그린하우스","35.05084","126.725741","naver","일반음식점 기타","고유가 피해지원금","061)331-7100","113633031"
"심온농장","대호동","전남 나주시 대호동","35.049238","126.717288","dong","농.수.축산물점","고유가 피해지원금","061)333-4578","82394394"
"나주볼테기","대호동","전라남도 나주시 건재로 225 나주볼테기","35.051471","126.725079","naver","한식","고유가 피해지원금","061)333-2633","37395219"
"광주라디에터","대호동","전라남도 나주시 건재로 215","35.051214","126.724165","naver","차량 정비/부품/인테리어","고유가 피해지원금","062)945-8615","45597023"
"진우유통","대호동","전남 나주시 대호동","35.049576","126.716308","dong","일반잡화판매점","고유가 피해지원금","061)820-8949","109396774"
"서영푸드","대호동","전라남도 나주시 건재로 202","35.050263","126.723006","naver","기타 식품","고유가 피해지원금","061)333-7942","88533249"
"(유)승하 광라주유소","대호동","전남 나주시 대호동","35.048834","126.717872","dong","주유소","고유가 피해지원금","061)332-9270","115186767"
"킹콩장어","대호동","전라남도 나주시 대호길 56 1층","35.040825","126.718295","naver","한식","고유가 피해지원금|온누리","","120440506"
"킹콩노래연습장","대호동","전라남도 나주시 대호길 56","35.040824","126.71832","naver","노래방","고유가 피해지원금","061)334-0056","48667875"
"킹콩장어(원)","대호동","전라남도 나주시 대호길 56 1층","35.040825","126.718295","naver","농.수.축산물점","고유가 피해지원금","","120441903"
"아이젠","대호동","전남 나주시 대호동","35.047647","126.715365","dong","과학기자재점","고유가 피해지원금","061)741-0973","89785537"
"서진축산","대호동","전라남도 나주시 대호길 47 서진축산물판매장","35.040163","126.7179","naver","정육점","고유가 피해지원금|온누리","061)333-8293","69893163"
"인생막창","대호동","전남 나주시 대호동","35.049626","126.715754","dong","일반음식점 기타","고유가 피해지원금","061)333-0225","86081621"
"걸궁돼지숯불구이","대호동","전라남도 나주시 대호길 47 걸궁돼지숯불구이","35.040236","126.717927","naver","한식","고유가 피해지원금|온누리","061)332-8184","108246635"
"짱분식","대호동","전라남도 나주시 대호길 47 대호동 1040-9","35.040164","126.717764","naver","휴게음식점","고유가 피해지원금","","117307749"
"이민창칼국수","대호동","전라남도 나주시 대호길 49 1층","35.040335","126.717924","naver","한식","고유가 피해지원금|온누리","061)332-8893","104376264"
"윤스 플라워","대호동","전라남도 나주시 건재로 205","35.050952","126.723018","naver","화원","고유가 피해지원금","061)337-7897","103070215"
"교촌치킨","대호동","전라남도 나주시 대호길 49-1","35.040443","126.717902","naver","일반음식점 기타","고유가 피해지원금|온누리","061)334-1991","74728572"
"돈뼈","대호동","전라남도 나주시 건재로 194 돈뼈감자탕","35.050261","126.722111","naver","한식","고유가 피해지원금","061)332-6332","76546729"
"제이제이클리닉","대호동","전남 나주시 대호동","35.048608","126.718323","dong","용역서비스업","고유가 피해지원금","","116662892"
"풍전푸드트럭","대호동","전남 나주시 대호동","35.049369","126.715208","dong","휴게음식점","고유가 피해지원금","","119406275"
"진샤브","대호동","전라남도 나주시 대호길 51 진샤브","35.04056","126.717895","naver","한식","고유가 피해지원금|온누리","061)332-9119","118541700"
"씨유(CU)나주동신호반점","대호동","전라남도 나주시 건재로 209 (대호동, 호반아파트) 호반아파트","35.051228","126.723245","naver","편의점","고유가 피해지원금","02)1577-8007","113611089"
"이장군 뒷고기 숯불구이","대호동","전라남도 나주시 대호길 53-1","35.040779","126.717897","naver","한식","고유가 피해지원금","062)941-7898","99392599"
"플랜트숍 동산","대호동","전라남도 나주시 영산1길 27 2층","34.998685","126.710489","naver","화원","고유가 피해지원금","","104968534"
"까리한닭갈비","대호동","전라남도 나주시 대호길 55 까리한닭갈비","35.040872","126.717899","naver","한식","고유가 피해지원금|온누리","061)930-8287","80230475"
"술창고","대호동","전라남도 나주시 대호길 55","35.040886","126.717869","naver","일반주점","고유가 피해지원금|온누리","061)332-4519","94718602"
"뜨락","대호동","전라남도 나주시 남평읍 강변2길 20","35.041197","126.852751","naver","커피/음료전문점","고유가 피해지원금","061)331-1479","113152298"
"투다리나주대호점","대호동","전라남도 나주시 대호길 55-1","35.040993","126.717902","naver","일반음식점 기타","고유가 피해지원금|온누리","061)331-1938","95908911"
"샤샤#","대호동","전라남도 나주시 대호길 57 샤샤샵","35.041077","126.717925","naver","미용원","고유가 피해지원금|온누리","061)930-7112","95060194"
"미쓰족발 대호점","대호동","전라남도 나주시 대호길 57 101호, 미쓰족발","35.041104","126.717921","naver","일반음식점 기타","고유가 피해지원금|온누리","062)463-3090","107573037"
"궁헤어샵","대호동","전라남도 나주시 대호길 45-6 행복마트","35.040192","126.717539","naver","미용원","고유가 피해지원금|온누리","061)332-4565","51675546"
"유니뷰티","대호동","전라남도 나주시 대호길 45-6 유니뷰티","35.040192","126.717494","naver","피부미용원","고유가 피해지원금|온누리","061)332-4774","92412987"
"김실장포차","대호동","전라남도 나주시 대호길 45-42","35.040446","126.71758","naver","한식","고유가 피해지원금|온누리","061)336-7773","39116378"
"윤진식품","대호동","전남 나주시 대호동","35.04636","126.71664","dong","기타 식품","고유가 피해지원금","","116547987"
"윤스(Yoons)키친","대호동","전라남도 나주시 대호길 45-36 1층 일부","35.040533","126.717577","naver","한식","고유가 피해지원금","061)123-5678","114851698"
"거북가든","대호동","전라남도 나주시 대호길 59 거북가든","35.041337","126.717862","naver","한식","고유가 피해지원금|온누리","061)334-1551","79973379"
"윤선생 IGSE 아카데미 나주 대호어학원","대호동","전라남도 나주시 대호길 45-34 1층","35.040639","126.717615","naver","외국어학원","고유가 피해지원금|온누리","061)333-8205","102292124"
"아모레카운셀러","대호동","전남 나주시 대호동","35.050438","126.716256","dong","자동판매기 운영업","고유가 피해지원금","","121767709"
"나래어린이집","대호동","전라남도 나주시 건재로 71-14","35.041424","126.714149","naver","아이행복 어린이집","고유가 피해지원금","061)333-1400","61649043"
"고기궁전","대호동","전라남도 나주시 대호길 45-32","35.040755","126.717571","naver","한식","고유가 피해지원금|온누리","061)332-9978","116235172"
"태후사랑 by 50샵","대호동","전남 나주시 대호동","35.049358","126.714724","dong","미용원","고유가 피해지원금|온누리","","122090733"
"예덕힐링원","대호동","전남 나주시 대호동","35.046355","126.717381","dong","기타 전자제품","고유가 피해지원금|온누리","061)332-2244","120028980"
"드림라이프","대호동","전남 나주시 대호동","35.050395","126.71745","dong","아동 및 유아복점","고유가 피해지원금","","118597997"
"이엠(EM)음악전문학원","대호동","전남 나주시 대호동","35.047441","126.714649","dong","예체능계학원","고유가 피해지원금","061)334-6264","100802838"
"천라마라탕 나주배달전문점","대호동","전남 나주시 대호동","35.047729","126.71874","dong","중식","고유가 피해지원금","","116258008"
"큐사랑","대호동","전라남도 나주시 대호길 67-14 1층","35.042392","126.716743","naver","미용원","고유가 피해지원금","061)333-0632","98644801"
"(주)신성렌트카","대호동","전라남도 나주시 문화로 216","35.017788","126.78518","naver","렌트카","고유가 피해지원금","062)575-2029","65102655"
"유명한수학학원","대호동","전라남도 나주시 대호길 76-8 대방1차 상가 2층 205호","35.043413","126.718259","naver","문리계학원","고유가 피해지원금","","108681761"
"카빙24","대호동","전남 나주시 대호동","35.048661","126.714376","dong","커피/음료전문점","고유가 피해지원금","061)111-2222","111216715"
"차오르다태권도","대호동","전라남도 나주시 대호길 76-8 . 상가동 지하1층 비101호","35.043388","126.718251","naver","예체능계학원","고유가 피해지원금|온누리","061)337-8878","111939878"
"박은자 헤어스튜디오","대호동","전라남도 나주시 대호길 76-8 상가동 1층","35.043534","126.718236","naver","미용원","고유가 피해지원금|온누리","070)7079-2949","90895234"
"개예뻐","대호동","전라남도 나주시 대호길 76-8 상가동 1층 105호","35.043995","126.718814","naver","반려동물 서비스/용품점","고유가 피해지원금","","119960417"
"승수학학원","대호동","전라남도 나주시 대호길 76-8 대방상가 3층","35.043344","126.718282","naver","문리계학원","고유가 피해지원금","061)332-0982","55449425"
"밥술","대호동","전라남도 나주시 대호길 45-8","35.040197","126.717355","naver","한식","고유가 피해지원금","061)333-4053","83380478"
"크린토피아 나주 대호1호점","대호동","전라남도 나주시 대호길 63 1층 거북거든 옆","35.041583","126.717886","naver","세탁소","고유가 피해지원금|온누리","061)333-3108","111415089"
"봉명동내커피 나주대호점","대호동","전라남도 나주시 대호길 63","35.041562","126.717846","naver","커피/음료전문점","고유가 피해지원금|온누리","061)820-8080","113555910"
"술집","대호동","전라남도 나주시 우정로 56 1동 1층 B119호","35.023541","126.786503","naver","일반주점","고유가 피해지원금","","106070412"
"부띠끄제이","대호동","전라남도 나주시 대호길 63","35.041562","126.717846","naver","기성복점","고유가 피해지원금|온누리","","101422788"
"뚝배기 양평해장국 대호점","대호동","전라남도 나주시 대호길 63-1","35.041702","126.717847","naver","한식","고유가 피해지원금|온누리","","102827580"
"바다아시아마트","대호동","전남 나주시 대호동","35.046167","126.715621","dong","슈퍼마켓","고유가 피해지원금","","120141717"
"미쳐버린파닭","대호동","전라남도 나주시 건재로 192","35.050312","126.721834","naver","일반주점","고유가 피해지원금","061)332-9202","24916123"
"해물조개짬뽕","대호동","전라남도 나주시 건재로 190","35.05018","126.72179","naver","한식","고유가 피해지원금","061)331-9927","116497867"
"늘솜아구찜","대호동","전라남도 나주시 대호길 65","35.041828","126.717866","naver","한식","고유가 피해지원금|온누리","061)336-6333","85518914"
"숭이네","대호동","전라남도 나주시 대호길 59-5 새봄빌라1층","35.0411","126.717586","naver","일반음식점 기타","고유가 피해지원금|온누리","061)332-0435","88910582"
"수제천원빵","대호동","전남 나주시 대호동","35.047017","126.714533","dong","기타 식품","고유가 피해지원금","","120346704"
"영산포 양꼬치","대호동","전라남도 나주시 대호길 45-44 1층","35.040642","126.717395","naver","한식","고유가 피해지원금|온누리","061)336-0309","88012737"
"두마리찜닭두찜나주대호점","대호동","전남 나주시 대호동","35.050371","126.715073","dong","한식","고유가 피해지원금|온누리","061)333-8255","96175233"
"뜨라레","대호동","전라남도 나주시 대호길 67 뜨라레","35.041969","126.717849","naver","화원","고유가 피해지원금|온누리","061)333-6965","81655616"
"전설의 김또깡 고깃집","대호동","전라남도 나주시 대호길 45-46","35.040765","126.717377","naver","한식","고유가 피해지원금|온누리","","101067870"
"지에스25 동신대정문점","대호동","전라남도 나주시 건재로 170 1층 1호","35.04876","126.720635","naver","편의점","고유가 피해지원금","","108234933"
"건달제빵소","대호동","전라남도 나주시 우정로 10 이노파크지식센터 마동","35.024714","126.781881","naver","제과점/아이스크림점","고유가 피해지원금","061)331-7769","81246104"
"카페나을","대호동","전라남도 나주시 건재로 170 카페나을","35.04895","126.720672","naver","커피/음료전문점","고유가 피해지원금","070)7614-3579","113981414"
"조선국밥","대호동","전라남도 나주시 대호길 69","35.042141","126.717891","naver","한식","고유가 피해지원금|온누리","061)331-3663","67694176"
"광명크리닉세탁소","대호동","전남 나주시 대호동","35.048861","126.719203","dong","세탁소","고유가 피해지원금","061)332-6727","92423309"
"앵콜노래연습장","대호동","전라남도 나주시 대호길 59-24","35.041451","126.717619","naver","노래방","고유가 피해지원금","061)336-6644","55410756"
"다다회관","대호동","전라남도 나주시 건재로 176-5","35.049741","126.721025","naver","한식","고유가 피해지원금","061)336-0233","13285558"
"한솥도시락 나주동신대앞점","대호동","전라남도 나주시 건재로 176-5 온사랑교회","35.04971","126.720986","naver","패스트푸드점","고유가 피해지원금","061)332-3357","121337171"
"더카페","대호동","전라남도 나주시 대호길 71 1층","35.042246","126.717838","naver","커피/음료전문점","고유가 피해지원금|온누리","061)334-4320","82256331"
"피트니스 (V)","대호동","전라남도 나주시 대호길 45-50","35.041024","126.717435","naver","레포츠클럽","고유가 피해지원금|온누리","061)332-2244","121453448"
"삼시세끼앤행운정","대호동","전라남도 나주시 대호길 59-22","35.041556","126.717593","naver","한식","고유가 피해지원금|온누리","061)266-1082","74942754"
"호반식육식당","대호동","전라남도 나주시 대호길 45-52 호반식육식당","35.041097","126.717403","naver","한식","고유가 피해지원금|온누리","061)332-6868","34410984"
"나주경동나비엔대리점","대호동","전라남도 나주시 대호길 71-1","35.042379","126.717848","naver","냉난방기구","고유가 피해지원금|온누리","062)522-1244","110044501"
"헤어투데이","대호동","전라남도 나주시 대호길 59-20","35.04168","126.717577","naver","미용원","고유가 피해지원금|온누리","061)332-5887","72558668"
"천안문","대호동","전라남도 나주시 대호길 59-20","35.04168","126.717577","naver","중식","고유가 피해지원금|온누리","061)513-0580","118395513"
"유한회사송현불고기","대호동","전남 나주시 대호동","35.051113","126.716957","dong","한식","고유가 피해지원금","061)332-6497","89832244"
"엠지 노래연습장","대호동","전남 나주시 대호동","35.046578","126.714534","dong","노래방","고유가 피해지원금","061)332-7456","111334872"
"금학","대호동","전라남도 나주시 노안삼도로 8-9 대호동 310-8","35.051211","126.721955","naver","중식","고유가 피해지원금","061)333-1271","32694644"
"역전할머니맥주1982나주동신대점","대호동","전남 나주시 대호동","35.050327","126.714635","dong","한식","고유가 피해지원금","","106481071"
"뚜레쥬르나주대호점","대호동","전라남도 나주시 대호길 75","35.042575","126.717876","naver","제과점/아이스크림점","고유가 피해지원금|온누리","061)331-1456","74015544"
"아도니스","대호동","전라남도 나주시 대호길 59-28 1층 아도니스","35.04132","126.717386","naver","일반주점","고유가 피해지원금|온누리","","101856941"
"드롭탑나주점","대호동","전라남도 나주시 대호길 76","35.042863","126.717948","naver","양식","고유가 피해지원금|온누리","061)334-7456","31437604"
"황금대패삼겹살","대호동","전라남도 나주시 대호길 59-18","35.041901","126.71754","naver","한식","고유가 피해지원금","","102679342"
"고집쟁이족발","대호동","전라남도 나주시 대호길 59-32","35.041451","126.717393","naver","한식","고유가 피해지원금|온누리","061)337-8880","93159328"
"썸 아이(suum.i)","대호동","전남 나주시 대호동","35.045889","126.715234","dong","기성복점","고유가 피해지원금","","114475198"
"행복한농부","대호동","전라남도 나주시 대호길 76-1 1층 행복한농부","35.042971","126.717938","naver","농.수.축산물점","고유가 피해지원금|온누리","","110931043"
"골목길","대호동","전라남도 나주시 노안면 장동리","35.076745","126.738448","naver","한식","고유가 피해지원금|온누리","061)337-1110","76970996"
"학사당구장","대호동","전라남도 나주시 건재로 182 지하1층 학사당구장","35.049648","126.721031","naver","당구장","고유가 피해지원금","","119057619"
"복사센터","대호동","전라남도 나주시 건재로 182","35.04987","126.721144","naver","문방구점","고유가 피해지원금","061)334-4077","41336157"
"낭만돈부리앤카레","대호동","전남 나주시 대호동","35.047001","126.714067","dong","한식","고유가 피해지원금","061)331-0222","98389842"
"지에스25 나주대호중앙점","대호동","전라남도 나주시 대호길 59-30","35.041553","126.717377","naver","편의점","고유가 피해지원금|온누리","","120461511"
"대호통닭","대호동","전라남도 나주시 대호길 76-3 대호통닭","35.043073","126.717942","naver","일반음식점 기타","고유가 피해지원금|온누리","061)335-2888","100013905"
"제주바당","대호동","전라남도 나주시 대호길 59-34","35.041641","126.717393","naver","한식","고유가 피해지원금","","118816598"
"이마트24 R나주대방점","대호동","전라남도 나주시 대호길 76-5","35.043165","126.717941","naver","편의점","고유가 피해지원금|온누리","","113533006"
"다이소 나주동신대점","대호동","전라남도 나주시 건재로 191","35.050746","126.721454","naver","일반잡화판매점","고유가 피해지원금","061)332-3390","113181076"
"대호돈가스","대호동","전라남도 나주시 대호길 59-36 1층 대호돈가스","35.0418","126.717361","naver","한식","고유가 피해지원금|온누리","061)332-2244","118052785"
"금별맥주 나주동신대점","대호동","전라남도 나주시 대호길 79 금별맥주","35.042622","126.717658","naver","한식","고유가 피해지원금|온누리","","119922377"
"호랑이","대호동","전라남도 나주시 그린로 331","35.016092","126.794507","naver","정보통신기기","고유가 피해지원금","061)1577-0000","117533985"
"대성자동차유리","대호동","전라남도 나주시 남고문로 14","35.027676","126.712712","naver","차량 정비/부품/인테리어","고유가 피해지원금","061)333-9781","36177381"
"찐헤어","대호동","전라남도 나주시 북망문길 40 현대아파트상가, 찐헤어","35.039041","126.716146","naver","미용원","고유가 피해지원금","061)332-8745","102522015"
"런드리존 (나주대호점)","대호동","전라남도 나주시 대호길 76-7 1층 런드리존 빨래방","35.04334","126.717969","naver","세탁소","고유가 피해지원금","","107190284"
"막걸리 부르쓰","대호동","전라남도 나주시 대호길 76-7 1층","35.043353","126.717927","naver","한식","고유가 피해지원금","","115709425"
"덮덮밥나주점","대호동","전남 나주시 대호동","35.047546","126.713697","dong","한식","고유가 피해지원금|온누리","061)930-8988","112961445"
"명진스포렉스","대호동","전남 나주시 대호동","35.04701","126.719365","dong","골프연습장","고유가 피해지원금|온누리","061)820-8227","101570123"
"꿈이룸공부방","대호동","전라남도 나주시 대호길 76-8 107동 805호","35.043995","126.718814","naver","문리계학원","고유가 피해지원금","","117130541"
"클래시헤어","대호동","전라남도 나주시 대호길 85-17 1층","35.042298","126.717524","naver","미용원","고유가 피해지원금|온누리","","118243702"
"명진당구장","대호동","전라남도 나주시 대호길 85-17 2층","35.042318","126.717638","naver","당구장","고유가 피해지원금","061)513-0580","122190215"
"스마일마라탕","대호동","전라남도 나주시 대호길 76-9","35.04344","126.717935","naver","중식","고유가 피해지원금|온누리","","101270663"
"커피아작","대호동","전라남도 나주시 대호길 67-7 1층","35.042045","126.717367","naver","커피/음료전문점","고유가 피해지원금|온누리","061)334-2861","116058658"
"잔비어","대호동","전라남도 나주시 대호길 78","35.04289","126.717698","naver","일반주점","고유가 피해지원금","061)334-2374","29797394"
"대방크리닝","대호동","전라남도 나주시 대호길 76-11","35.043545","126.717977","naver","세탁소","고유가 피해지원금","061)334-3356","71519365"
"골라바아이스크림할인점","대호동","전남 나주시 대호동","35.048022","126.719749","dong","일반잡화판매점","고유가 피해지원금","","120680938"
"또구루르","대호동","전남 나주시 대호동","35.050759","126.714565","dong","문방구점","고유가 피해지원금","","122413275"
"60계 나주대호점","대호동","전라남도 나주시 대호길 81","35.042642","126.717436","naver","일반음식점 기타","고유가 피해지원금|온누리","061)333-6092","109270633"
"프랭크버거 나주시대호점","대호동","전라남도 나주시 대호길 81 1층","35.042631","126.717484","naver","패스트푸드점","고유가 피해지원금","061)333-9546","105402621"
"수백헤어","대호동","전라남도 나주시 대호길 80","35.042959","126.717627","naver","미용원","고유가 피해지원금","061)333-7785","81170604"
"커텐백화점빛과창","대호동","전라남도 나주시 대호길 80","35.042916","126.717543","naver","침구/커튼/카펫트점","고유가 피해지원금","061)332-4170","13465076"
"코사마트","대호동","전라남도 나주시 대호길 76-13","35.043667","126.717837","naver","슈퍼마켓","고유가 피해지원금|온누리","061)331-1006","41975782"
"월간맥주 나주대호점","대호동","전라남도 나주시 대호길 82 1층","35.042982","126.717465","naver","일반주점","고유가 피해지원금","","111013318"
"제일양복","대호동","전남 나주시 대호동","35.049132","126.719759","dong","장의서비스/제수용품","고유가 피해지원금","061)333-8112","79160149"
"속옷나라","대호동","전남 나주시 대호동","35.049944","126.713806","dong","내의판매점","고유가 피해지원금","","106224847"
"점핑하이 나주 동신대점","대호동","전라남도 나주시 대호길 83 3층 점핑하이","35.042673","126.717299","naver","레포츠클럽","고유가 피해지원금|온누리","","104767735"
"메가MGC커피 나주대호점","대호동","전라남도 나주시 대호길 83 1층","35.042707","126.717301","naver","커피/음료전문점","고유가 피해지원금","","98544871"
"원 무용학원","대호동","전라남도 나주시 대호길 83 2층","35.04268","126.717331","naver","예체능계학원","고유가 피해지원금","061)332-2244","108612080"
"(주)한송","대호동","전남 나주시 대호동","35.04732","126.719719","dong","관광여행사","고유가 피해지원금","","120155879"
"티엔티 English 영어교습소","대호동","전남 나주시 대호동","35.051256","126.715064","dong","외국어학원","고유가 피해지원금","","101934003"
"클레오 헤어&뷰티","대호동","전라남도 나주시 대호길 45-17","35.040867","126.71712","naver","미용원","고유가 피해지원금|온누리","061)333-3006","56922511"
"착한막창","대호동","전라남도 나주시 대호길 45-17 상가동 102, 103호","35.040819","126.717167","naver","한식","고유가 피해지원금","061)332-9142","117232834"
"마쥬","대호동","전남 나주시 대호동","35.048892","126.713367","dong","화장품점","고유가 피해지원금|온누리","061)333-3006","108839140"
"호호빵집","대호동","전라남도 나주시 대호길 45-17 상가동 104호","35.040658","126.716345","naver","제과점/아이스크림점","고유가 피해지원금|온누리","","121232736"
"아이스벌 나주대호점","대호동","전라남도 나주시 대호길 45-17","35.040793","126.71717","naver","일반잡화판매점","고유가 피해지원금|온누리","","107960856"
"픽미픽미아이스 나주대호점","대호동","전라남도 나주시 대호길 85-31 석수빌라 1층","35.042314","126.716951","naver","기타 식품","고유가 피해지원금|온누리","","106480739"
"씨유(CU) 나주동신점","대호동","전라남도 나주시 대호길 85-1","35.042731","126.71712","naver","편의점","고유가 피해지원금|온누리","02)1577-8007","64667161"
"다소미","대호동","전라남도 나주시 대호길 85-25","35.042515","126.71701","naver","한식","고유가 피해지원금|온누리","061)333-0068","76634728"
"365종로약국","대호동","전라남도 나주시 대호길 85-1 1층","35.042762","126.717167","naver","약국","고유가 피해지원금|온누리","","99470394"
"손모아","대호동","전남 나주시 대호동","35.051092","126.718626","dong","문화/취미 기타","고유가 피해지원금","","121588765"
"황민성 수학전문학원","대호동","전라남도 나주시 대호길 85-1 2층","35.042731","126.71712","naver","문리계학원","고유가 피해지원금","070)4789-2381","89088872"
"씨유(CU)나주동신점","대호동","전라남도 나주시 대호길 85-1","35.042731","126.71712","naver","편의점","고유가 피해지원금|온누리","02)1577-8007","106080030"
"헤이네일(Hey nail)","대호동","전라남도 나주시 대호길 85-25 1층 2호","35.042475","126.717039","naver","피부미용원","고유가 피해지원금","061)930-3242","108659961"
"진수학교습소","대호동","전라남도 나주시 대호길 86-13 1층","35.043824","126.71757","naver","문리계학원","고유가 피해지원금","","116337937"
"까까뽀까","대호동","전라남도 나주시 대호길 86-13","35.043779","126.717563","naver","미용재료","고유가 피해지원금","061)334-3365","95121081"
"현대하이퍼마켓","대호동","전라남도 나주시 북망문길 34","35.038825","126.71614","naver","슈퍼마켓","고유가 피해지원금","061)333-5093","16516900"
"할매포차","대호동","전라남도 나주시 대호길 84","35.043034","126.717216","naver","일반음식점 기타","고유가 피해지원금|온누리","","119581719"
"신전떡볶이 나주점","대호동","전라남도 나주시 대호길 84","35.042996","126.717186","naver","일반음식점 기타","고유가 피해지원금|온누리","061)335-8252","83398201"
"안녕커피집","대호동","전라남도 나주시 대호길 90-16 1층","35.04365","126.717446","naver","커피/음료전문점","고유가 피해지원금|온누리","061)331-3046","77659545"
"씨에스정보기술","대호동","전라남도 나주시 상야4길 10 2층 202호","35.022709","126.793232","naver","컴퓨터기기","고유가 피해지원금|온누리","061)335-6255","71999843"
"폴쌤영어교습소","대호동","전남 나주시 대호동","35.051176","126.714582","dong","문리계학원","고유가 피해지원금","","109399974"
"제이앤제이(JandJ)","대호동","전라남도 나주시 대호길 76-17 103호","35.043929","126.717515","naver","미용원","고유가 피해지원금|온누리","061)331-5220","102161168"
"라이스캐치","대호동","전라남도 나주시 대호길 76-17 1층102호","35.043916","126.717455","naver","휴게음식점","고유가 피해지원금","","116706206"
"양지국밥","대호동","전라남도 나주시 대호길 86-7 양지국밥","35.043448","126.717224","naver","한식","고유가 피해지원금|온누리","061)334-4430","87151347"
"와이영어교습소","대호동","전라남도 나주시 대호길 59-9 상가3층 301호","35.04124","126.717137","naver","외국어학원","고유가 피해지원금","","94812561"
"미남통신","대호동","전라남도 나주시 대호길 59-9 대방노블랜드2차아파트 상가 102호","35.041223","126.717148","naver","정보통신기기","고유가 피해지원금","061)333-2478","81886171"
"더담다","대호동","전남 나주시 대호동","35.045636","126.714429","dong","한식","고유가 피해지원금","","120023175"
"YJ 헤어","대호동","전라남도 나주시 대호길 59-9","35.04124","126.71716","naver","미용원","고유가 피해지원금|온누리","061)331-3580","80374979"
"청진짬뽕","대호동","전라남도 나주시 대호길 67-14 1층","35.042392","126.716743","naver","중식","고유가 피해지원금|온누리","061)332-5955","92246433"
"짭쪼롬한오후건맥한잔나주점","대호동","전남 나주시 대호동","35.044939","126.717475","dong","한식","고유가 피해지원금|온누리","","113629992"
"비비헤어(큐사랑)","대호동","전라남도 나주시 대호길 67-14 1층","35.042392","126.716743","naver","미용원","고유가 피해지원금|온누리","061)333-3354","79970634"
"충만치킨","대호동","전라남도 나주시 대호길 85-26","35.042533","126.716808","naver","일반음식점 기타","고유가 피해지원금|온누리","061)335-9292","88567157"
"베이커리 카페 썸","대호동","전라남도 나주시 대호길 76-19 1층 베이커리카페 썸","35.043999","126.717347","naver","커피/음료전문점","고유가 피해지원금|온누리","061)332-2244","121258842"
"청자다방 나주점","대호동","전라남도 나주시 대호길 86 청자다방 나주점","35.043046","126.716991","naver","커피/음료전문점","고유가 피해지원금|온누리","061)267-2009","85792219"
"라쿠","대호동","전라남도 나주시 대호길 86","35.043082","126.716987","naver","한식","고유가 피해지원금|온누리","061)334-5225","73117044"
"플랜비 스튜디오 전남나주점","대호동","전남 나주시 대호동","35.050114","126.719778","dong","자동판매기 운영업","고유가 피해지원금","","112325124"
"난타5000피자 동신대점","대호동","전라남도 나주시 대호길 85","35.042795","126.716834","naver","패스트푸드점","고유가 피해지원금|온누리","061)334-5092","98068611"
"황홀한 막창&뒷고기 동신대점","대호동","전라남도 나주시 대호길 90-10 1층","35.043526","126.717086","naver","한식","고유가 피해지원금","061)331-0074","103562577"
"대박먹거리포차","대호동","전남 나주시 대호동","35.051958","126.717173","dong","한식","고유가 피해지원금","061)930-0945","112815821"
"철인7호 나주대호점","대호동","전남 나주시 대호동","35.046104","126.713806","dong","일반음식점 기타","고유가 피해지원금|온누리","070)4914-7175","108308209"
"냠냠 숯불 두마리치킨and호프","대호동","전남 나주시 대호동","35.04815","126.720258","dong","한식","고유가 피해지원금","","122247585"
"식감","대호동","전라남도 나주시 상야4길 22 스퀘어가든 101~103호","35.022933","126.792258","naver","일반음식점 기타","고유가 피해지원금","061)332-9877","96436477"
"킹콩부대찌개 대호점","대호동","전라남도 나주시 대호길 88","35.043092","126.716835","naver","한식","고유가 피해지원금","061)333-1905","100881020"
"캐리어에어컨 나주서부센터","대호동","전라남도 나주시 노안삼도로 28 캐리어 에어컨","35.052908","126.721608","naver","가정용품수리","고유가 피해지원금","","92497511"
"바이브로그 커피(VIVLOG COFFEE)","대호동","전라남도 나주시 대호길 87 1층","35.042792","126.716711","naver","커피/음료전문점","고유가 피해지원금|온누리","061)452-0501","86563646"
"더벤티 나주동신대점","대호동","전라남도 나주시 대호길 76-21","35.044158","126.717196","naver","커피/음료전문점","고유가 피해지원금|온누리","070)7537-0388","121165984"
"베트남음식점","대호동","전라남도 나주시 나주로 148-1","35.03176","126.717358","naver","일반음식점 기타","고유가 피해지원금","","119105366"
"응응스크르 나주 대호점","대호동","전라남도 나주시 대호길 86-3","35.043257","126.717102","naver","편의점","고유가 피해지원금|온누리","","98017604"
"플랜트스터디카페나주동신대점","대호동","전라남도 나주시 대호길 90-15 2층","35.043948","126.717091","naver","독서실","고유가 피해지원금","02)2222-2222","108626154"
"통큰돈가스","대호동","전라남도 나주시 대호길 89 1층","35.042822","126.716582","naver","한식","고유가 피해지원금|온누리","061)334-1295","114071470"
"북경","대호동","전라남도 나주시 대호길 90-11","35.043714","126.716888","naver","중식","고유가 피해지원금|온누리","061)332-0088","84511228"
"정가네진국명가","대호동","전라남도 나주시 대호길 90-9 전복촌","35.043607","126.716788","naver","한식","고유가 피해지원금","061)472-4865","88212561"
"청년다방나주동신대점","대호동","전라남도 나주시 대호길 89-1","35.042842","126.716441","naver","한식","고유가 피해지원금","061)332-7943","113813832"
"엘리시아PC방","대호동","전라남도 나주시 대호길 90-7","35.043398","126.716578","naver","비디오방/게임방","고유가 피해지원금|온누리","070)5067-6719","109572616"
"갬성PC","대호동","전라남도 나주시 대호길 90-3","35.043257","126.716481","naver","컴퓨터 및 통신기기수리","고유가 피해지원금","070)5067-6719","93696124"
"대박마라탕","대호동","전라남도 나주시 대호길 90-3 1층 317","35.043242","126.716532","naver","중식","고유가 피해지원금|온누리","061)332-9882","106755362"
"하오츠마라탕 나주점","대호동","전라남도 나주시 대호길 85-16","35.042468","126.71615","naver","중식","고유가 피해지원금","061)337-3004","117177277"
"컴포즈커피 나주대호일등점","대호동","전라남도 나주시 대호길 92 1층 101호, 102호 일부","35.043197","126.716332","naver","커피/음료전문점","고유가 피해지원금","","104664707"
"다온헤어","대호동","전라남도 나주시 배멧3길 5-4 108호 (할리스커피 옆 )","35.01883","126.785771","naver","미용원","고유가 피해지원금","061)332-1141","87365838"
"미르스터디카페 나주동신대점","대호동","전라남도 나주시 대호길 92 스카이빌딩 3층 미르스터디카페나주동신대점","35.043197","126.716383","naver","독서실","고유가 피해지원금","","100861722"
"세븐일레븐 나주 동신대점","대호동","전라남도 나주시 대호길 91","35.042867","126.716299","naver","편의점","고유가 피해지원금|온누리","02)1577-0711","121326791"
"수(秀)학원","대호동","전라남도 나주시 대호길 92 스카이빌딩2층","35.043197","126.716384","naver","문리계학원","고유가 피해지원금","061)334-5507","50662276"
"프리미엄 무한리필국가대표","대호동","전라남도 나주시 대호길 93 1층 국가대표","35.042926","126.716064","naver","한식","고유가 피해지원금","061)336-1492","115849937"
"놀멍쉬멍","대호동","전라남도 나주시 대호길 93 3층(대호동)","35.042901","126.716063","naver","커피/음료전문점","고유가 피해지원금","","108646482"
"맘스터치 동신대점","대호동","전라남도 나주시 동신대길 85 첨단강의실 2층","35.048039","126.718173","naver","패스트푸드점","고유가 피해지원금","061)330-2922","110266177"
"난다운","대호동","전라남도 나주시 대호동 896-32","35.038125","126.714542","naver","화원","고유가 피해지원금","062)431-8511","65151778"
"유통의미소","대호동","전남 나주시 대호동","35.046551","126.720009","dong","일반잡화판매점","고유가 피해지원금","","113655980"
"나주철물공구","대호동","전라남도 나주시 건재로 75","35.041797","126.715057","naver","철물점","고유가 피해지원금","061)332-3216","9564837"
"대호점현대자동차","대호동","전라남도 나주시 건재로 67","35.040907","126.714951","naver","차량 정비/부품/인테리어","고유가 피해지원금","061)333-8288","31519691"
"나주장례식장","대호동","전라남도 나주시 건재로 85 나주장례식장","35.042697","126.714915","naver","장의서비스/제수용품","고유가 피해지원금","061)332-8114","72292997"
"동신주유소","대호동","전라남도 나주시 건재로 89 (대호동)","35.042965","126.715326","naver","주유소","고유가 피해지원금","061)333-5105","102825142"
"동신서비스","대호동","전라남도 나주시 동신대길 13 동신대학교 부속관동","35.050646","126.718502","naver","차량 정비/부품/인테리어","고유가 피해지원금","061)333-5105","104863945"
"리치빌","대호동","전라남도 나주시 동신대길 10 동신대학교 학생회관(나래관) 1층","35.051566","126.717595","naver","커피/음료전문점","고유가 피해지원금","061)330-2989","80164958"
"유한회사나우리","대호동","전남 나주시 대호동","35.046194","126.713405","dong","기타 식품","고유가 피해지원금","061)334-2808","72020092"
"지에스산업","대호동","전라남도 나주시 대호동 865","35.042183","126.715086","naver","건축자재","고유가 피해지원금","061)333-1156","100498338"
"조선컴퍼니","대호동","전남 나주시 대호동","35.051413","126.714161","dong","기성복점","고유가 피해지원금","062)1544-8194","74654801"
"끼니회관","대호동","전남 나주시 대호동","35.044468","126.716402","dong","한식","고유가 피해지원금","061)333-2744","112605495"
"카페744","대호동","전라남도 나주시 정렬사길 15","35.043606","126.714757","naver","커피/음료전문점","고유가 피해지원금|온누리","","111995648"
"동신대학교 비전케어센터","대호동","전라남도 나주시 동신대길 31 나래관 1층 106호","35.051387","126.717784","naver","안경점","고유가 피해지원금","061)331-3550","109505350"
"동신대 솔식당 (교직원 식당)","대호동","전남 나주시 대호동","35.045804","126.719612","dong","일반음식점 기타","고유가 피해지원금","061)333-2457","92724915"
"지에스이십오동신대나래관점","대호동","전남 나주시 대호동","35.052301","126.71617","dong","문방구점","고유가 피해지원금","","107458357"
"훈민동신대서점","대호동","전남 나주시 대호동","35.045172","126.714316","dong","서점","고유가 피해지원금","061)330-3792","113774714"
"지에스이십오 동신대나래관점","대호동","전남 나주시 대호동","35.049184","126.720511","dong","편의점","고유가 피해지원금","","107361305"
"동신대서점","대호동","전라남도 나주시 동신대길 31","35.051371","126.717465","naver","서점","고유가 피해지원금","061)330-3792","97017502"
"힐링홍삼","대호동","전남 나주시 대호동","35.04457","126.717774","dong","건강식품점","고유가 피해지원금","061)332-2858","85614371"
"(주)제이엠엘이디","대호동","전라남도 나주시 교육길 13 C동 203호","35.020379","126.779759","naver","조명 전기기구점","고유가 피해지원금","","103823308"
"동신기획","대호동","전라남도 나주시 동신대길 31 나래관 2층 209호","35.051504","126.717505","naver","기타 수리서비스","고유가 피해지원금","061)330-2890","31832874"
"지에스25 동신대점","대호동","전라남도 나주시 동신대길 36-34 대정1관 1층","35.048141","126.718398","naver","편의점","고유가 피해지원금","080)555-2525","85266161"
"(주)비액티브랩","대호동","전라남도 나주시 그린로 317-13 404호 비액티브랩","35.015384","126.794219","naver","일반잡화판매점","고유가 피해지원금","","103822643"
"디에이치메디컬","대호동","전남 나주시 대호동","35.044516","126.715541","dong","의료기기 및 용품","고유가 피해지원금","","115504451"
"JV마트","대호동","전라남도 나주시 칠전길 3","35.056494","126.719452","naver","일반잡화판매점","고유가 피해지원금","062)385-3181","88005042"
"해지음","대호동","전남 나주시 대호동","35.04913","126.712671","dong","농.수.축산물점","고유가 피해지원금","","117215879"
"동강주유소","동강면","전라남도 나주시 동강면 나주서부로 1461","34.937677","126.573263","naver","주유소","고유가 피해지원금","061)335-9119","85075105"
"동강주유소","동강면","전라남도 나주시 동강면 나주서부로 1461","34.937677","126.573263","naver","일반잡화판매점","고유가 피해지원금","061)335-9119","85348869"
"수정원예사","동강면","전라남도 나주시 동강면 동강로 596","34.936936","126.565296","naver","농어업용품","고유가 피해지원금","061)335-3294","15978451"
"쎌라","동강면","전남 나주시 동강면","34.936261","126.554147","dong","화장품점","고유가 피해지원금","070)7614-3579","112218881"
"송미네 옥수수집","동강면","전남 나주시 동강면","34.93582","126.556276","dong","농.수.축산물점","고유가 피해지원금","061)332-2244","120440063"
"모모농장","동강면","전라남도 나주시 동강로 613-27","34.940031","126.56678","naver","농.수.축산물점","고유가 피해지원금","061)514-0580","104368151"
"원기인 농원","동강면","전남 나주시 동강면","34.935322","126.554679","dong","인삼판매점","고유가 피해지원금","061)514-0580","103237968"
"중앙떡방앗간","동강면","전라남도 나주시 동강면 동강로 599-1","34.937278","126.565714","naver","미곡상","고유가 피해지원금","","119763979"
"나주동강의원","동강면","전라남도 나주시 동강면 동강로 599","34.937285","126.565637","naver","일반.치과.한의원","고유가 피해지원금","061)336-0059","50473703"
"늘 가던","동강면","전라남도 나주시 동강면 인동길 2 늘 가던카페","34.937099","126.565001","naver","커피/음료전문점","고유가 피해지원금","","117068204"
"중앙오토바이농기구센타","동강면","전남 나주시 동강면","34.937824","126.555698","dong","기타 수리서비스","고유가 피해지원금","061)335-2310","41058908"
"걱정을 해결하는버들농장","동강면","전남 나주시 동강면","34.935727","126.554005","dong","농어업용품","고유가 피해지원금","061)335-2069","101420449"
"평화식당","동강면","전라남도 나주시 동강면 인동길 3 평화식당1층","34.937152","126.564644","naver","한식","고유가 피해지원금","061)333-8048","115908029"
"제일의원","동강면","전라남도 나주시 동강면 동강로 590","34.936746","126.564772","naver","일반.치과.한의원","고유가 피해지원금","061)336-0160","91625985"
"동강제일약국","동강면","전라남도 나주시 동강면 동강로 590 동강제일약국","34.936771","126.564843","naver","약국","고유가 피해지원금","061)336-2025","90608035"
"동강종합설비","동강면","전남 나주시 동강면","34.937478","126.556478","dong","기계류 건축설비","고유가 피해지원금","061)336-1234","57740146"
"성신식당","동강면","전라남도 나주시 동강면 인동길 17","34.938222","126.56393","naver","한식","고유가 피해지원금","061)336-1646","25020946"
"(주)엘제이(lj)","동강면","전남 나주시 동강면","34.935308","126.556428","dong","서점","고유가 피해지원금","","119874233"
"신일기업","동강면","전남 나주시 동강면","34.938117","126.555193","dong","주택/건설","고유가 피해지원금","","108911052"
"대원식당","동강면","전라남도 나주시 동강면 인동길 25-4 대원식당","34.938996","126.563266","naver","한식","고유가 피해지원금","061)335-2890","93063063"
"동강농업협동조합 하나로마트","동강면","전남 나주시 동강면","34.936688","126.556963","dong","농.수.축협직판장","고유가 피해지원금","061)335-7544","121901266"
"동강카센타","동강면","전라남도 나주시 동강면 동강로 573","34.935547","126.563943","naver","차량 정비/부품/인테리어","고유가 피해지원금","061)335-0050","24676425"
"하얀집","동강면","전라남도 나주시 동강면 인동길 25-12","34.939026","126.562539","naver","한식","고유가 피해지원금","061)335-8089","93959511"
"올바른에어클린","동강면","전남 나주시 동강면","34.938002","126.556154","dong","용역서비스업","고유가 피해지원금","061)336-9877","116029166"
"컴포즈커피 나주동강농협주유소점","동강면","전라남도 나주시 동강면 남악동강로 1432","34.9299","126.567056","naver","커피/음료전문점","고유가 피해지원금","","121779931"
"동강농협주유소","동강면","전라남도 나주시 동강면 남악동강로 1432","34.9299","126.567056","naver","주유소","고유가 피해지원금","061)335-5182","119625506"
"동강농협주유소","동강면","전라남도 나주시 동강면 남악동강로 1432","34.9299","126.567056","naver","주유소","고유가 피해지원금","061)335-7531","119530557"
"중앙기업","동강면","전라남도 나주시 동강면 동강로 562","34.934572","126.564529","naver","건축자재","고유가 피해지원금","061)335-2729","85650555"
"동강청우어린이집","동강면","전라남도 나주시 동강면 인동길 25-16 동강청우어린이집","34.939113","126.561855","naver","아이행복 어린이집","고유가 피해지원금","061)335-7430","60448771"
"동강일번지","동강면","전라남도 나주시 동강면 동강로 557-6","34.934788","126.563725","naver","일반음식점 기타","고유가 피해지원금","061)333-3800","120439205"
"최대감","동강면","전라남도 나주시 왕곡면 나주서부로 371-1 1층","34.968841","126.672508","naver","한식","고유가 피해지원금","061)332-2222","83206534"
"동원부분정비","동강면","전남 나주시 동강면","34.938376","126.555599","dong","차량 정비/부품/인테리어","고유가 피해지원금","061)336-2887","96050011"
"송암연방죽촌닭","동강면","전라남도 나주시 동강면 백련산로 554","34.965273","126.547797","naver","한식","고유가 피해지원금","","75682561"
"동강공산자율어업공동체영어조합법인","동강면","전남 나주시 동강면","34.936296","126.557246","dong","일반음식점 기타","고유가 피해지원금","061)333-7781","73364117"
"머쉬325","동강면","전남 나주시 동강면","34.937929","126.553911","dong","농.수.축산물점","고유가 피해지원금","","95647038"
"대동주유소","동강면","전라남도 나주시 동강면 동강로 246","34.909819","126.553126","naver","주유소","고유가 피해지원금","061)337-2456","12394811"
"(주)케이디에프항공","동강면","전남 나주시 동강면","34.93797","126.556639","dong","기타학원","고유가 피해지원금","062)443-7375","93205099"
"우진장어","동강면","전라남도 나주시 동강면 장동길 151","34.901423","126.552422","naver","농.수.축산물점","고유가 피해지원금","061)337-0992","76111624"
"우진양만","동강면","전남 나주시 동강면","34.935206","126.556922","dong","농.수.축산물점","고유가 피해지원금","061)337-0992","118932820"
"(주)원","동강면","전라남도 나주시 동강면 장동들길 25-4","34.901952","126.540038","naver","주유소","고유가 피해지원금","061)331-7319","117065972"
"노안제일서비스","동강면","전남 나주시 동강면","34.934675","126.554147","dong","차량 정비/부품/인테리어","고유가 피해지원금","061)331-7319","104651741"
"나주자연산추어탕","동강면","전라남도 나주시 동강면 동강로 49","34.901674","126.534564","naver","한식","고유가 피해지원금","061)337-5521","92705103"
"원진상사","동수동","전라남도 나주시 영산포로 97","34.991175","126.704919","naver","주방기구점","고유가 피해지원금","061)333-9948","30836303"
"(유)안전에너지주유소","동수동","전라남도 나주시 나주서부로 97 SK주유소","34.983823","126.694254","naver","주유소","고유가 피해지원금","061)332-5182","64099198"
"(주)세인바이오코리아","동수동","전남 나주시 동수동","34.980277","126.683789","dong","기타 식품","고유가 피해지원금","","121901116"
"(주)허그린","동수동","전남 나주시 동수동","34.97922","126.682008","dong","반려동물 서비스/용품점","고유가 피해지원금","061)334-1934","104509032"
"(재)전남바이오진흥원 그린바이오본부 식품센터","동수동","전라남도 나주시 동수농공단지길 30-5 그린바이오본부 식품센터","34.985344","126.689536","naver","용역서비스업","고유가 피해지원금","061)339-1203","80781726"
"서강농원","동수동","전라남도 나주시 동령길 32-2 서강농원","34.980855","126.689042","naver","농.수.축산물점","고유가 피해지원금","","111741187"
"행운가족농원","동수동","전남 나주시 동수동","34.978281","126.68254","dong","농.수.축산물점","고유가 피해지원금","061)336-0070","73353311"
"나주자동차헤드","동수동","전라남도 나주시 나주서부로 163","34.981394","126.687521","naver","차량 정비/부품/인테리어","고유가 피해지원금","061)335-8832","25118116"
"동령가든일반음식점","동수동","전남 나주시 동수동","34.979938","126.681874","dong","한식","고유가 피해지원금","061)335-6530","19180983"
"커피에반하다 나주점","동수동","전남 나주시 동수동","34.978155","126.683723","dong","커피/음료전문점","고유가 피해지원금","","92130623"
"씨유(CU) 비지에프로지스나주점","동수동","전라남도 나주시 동수농공단지길 78 (동수동)","34.984688","126.685051","naver","편의점","고유가 피해지원금","02)1577-8007","106344520"
"에츠","동수동","전라남도 나주시 동수농공단지길 76 101호","34.984613","126.68526","naver","커피/음료전문점","고유가 피해지원금","","120652660"
"누리동물병원","동수동","전남 나주시 동수동","34.979098","126.684589","dong","동물병원","고유가 피해지원금","","104924727"
"혁신가스","동수동","전라남도 나주시 남평읍 평산리 119-3","35.057681","126.8411","naver","가스판매점","고유가 피해지원금","061)331-9777","93266870"
"영산포식당","동수동","전라남도 나주시 동수농공단지길 78","34.984719","126.685112","naver","한식","고유가 피해지원금","061)333-5505","111782237"
"영산포식당","동수동","전라남도 나주시 동수농공단지길 78","34.984719","126.685112","naver","한식","고유가 피해지원금","061)333-5505","95858813"
"공단식당","동수동","전라남도 나주시 동수농공단지길 86","34.984716","126.684048","naver","한식","고유가 피해지원금","061)336-0790","116392512"
"공단마트","동수동","전라남도 나주시 동수농공단지길 86","34.984802","126.684082","naver","슈퍼마켓","고유가 피해지원금","061)336-0790","76457345"
"미래주유소","동수동","전라남도 나주시 나주서부로 205 (동수동)","34.979122","126.684107","naver","주유소","고유가 피해지원금","061)331-3380","96463227"
"(주)유화글로벌","동수동","전남 나주시 동수동","34.978126","126.682052","dong","건축자재","고유가 피해지원금","061)333-1345","57753867"
"서경정보통신주식회사","동수동","전남 나주시 동수동","34.979647","126.684824","dong","정보통신기기","고유가 피해지원금","061)334-7711","108282233"
"준마이스터 케어(JMC)","동수동","전남 나주시 동수동","34.980408","126.681709","dong","기타 수리서비스","고유가 피해지원금","","121198339"
"서울환경산업","동수동","전라남도 나주시 동수농공단지길 146","34.986934","126.678271","naver","농어업용품","고유가 피해지원금","061)336-3001","50254640"
"대흥종합오토바이","문평면","전라남도 나주시 세지면 동창로 128 대흥종합오토바이","34.919625","126.748295","naver","오토바이판매점","고유가 피해지원금","061)331-5425","8937267"
"영산하우징","문평면","전남 나주시 문평면","35.061793","126.623788","dong","주택/건설","고유가 피해지원금","061)335-6137","101940700"
"나라농원","문평면","전라남도 나주시 산포면 세남로 1411","35.016249","126.824921","naver","화원","고유가 피해지원금","","120982600"
"행복한가게","문평면","전라남도 나주시 문평면 학교평전길 17-4","35.09243","126.653284","naver","농.수.축산물점","고유가 피해지원금","","78979717"
"주)나주가스","문평면","전라남도 나주시 봉황로 144 금나가스","34.980469","126.733976","naver","충전소","고유가 피해지원금","061)335-4500","15175385"
"수다향","문평면","전라남도 나주시 문평면 체암로 299 1층","35.054806","126.603558","naver","문화/취미 기타","고유가 피해지원금","061)335-2007","94073876"
"수동지압원","문평면","전남 나주시 문평면","35.061662","126.623109","dong","피부미용원","고유가 피해지원금","","105625107"
"농업회사법인 주식회사 약초가","문평면","전남 나주시 문평면","35.063254","126.624942","dong","농.수.축산물점","고유가 피해지원금","","105795316"
"오렌지주유소","문평면","전라남도 나주시 문평면 영산로 4346","35.025059","126.621854","naver","주유소","고유가 피해지원금","061)333-7750","115039147"
"오렌지self주유소","문평면","전남 나주시 문평면","35.061536","126.624292","dong","주유소","고유가 피해지원금","061)333-7750","108479314"
"오렌지주유소","문평면","전라남도 나주시 문평면 영산로 4346","35.025059","126.621854","naver","주유소","고유가 피해지원금","061)333-7750","53868281"
"금성식당","문평면","전라남도 나주시 문평면 영산로 4265 금성식당","35.028868","126.613719","naver","한식","고유가 피해지원금","061)336-0920","71584560"
"석이네 농장","문평면","전남 나주시 문평면","35.062479","126.625158","dong","농.수.축산물점","고유가 피해지원금","","111900754"
"대성철물","문평면","전라남도 나주시 문평면 체암로 18","35.031092","126.610088","naver","철물점","고유가 피해지원금","061)336-4489","43472392"
"행복한농부","문평면","전라남도 나주시 대호길 76-1 1층 행복한농부","35.042971","126.717938","naver","농.수.축산물점","고유가 피해지원금","061)336-4519","88191189"
"땡칠이네","문평면","전남 나주시 문평면","35.063818","126.624908","dong","한식","고유가 피해지원금","061)335-9131","11726951"
"기분좋은 농부","문평면","전남 나주시 문평면","35.062866","126.622094","dong","농.수.축산물점","고유가 피해지원금","061)332-3055","99431227"
"광목기사식당","문평면","전라남도 나주시 문평면 영산로 4201","35.030377","126.606974","naver","한식","고유가 피해지원금","061)336-4786","117058305"
"팜 포청천","문평면","전라남도 나주시 문평면 산호남산길 24-23","35.050032","126.607541","naver","농.수.축산물점","고유가 피해지원금","","103266988"
"전일농약사","문평면","전라남도 나주시 영산로 4179","35.030645","126.60462","naver","농어업용품","고유가 피해지원금","061)336-5276","16317304"
"(주)메이트팜","문평면","전남 나주시 문평면","35.063028","126.625393","dong","제약회사/의약품도매업체","고유가 피해지원금","","104360944"
"강산농원","문평면","전남 나주시 문평면","35.063789","126.622278","dong","농.수.축산물점","고유가 피해지원금","","102823834"
"하나누수","문평면","전남 나주시 문평면","35.061088","126.624085","dong","기계류 건축설비","고유가 피해지원금","","115058631"
"다이어로그","문평면","전남 나주시 문평면","35.064342","126.624584","dong","악세사리점","고유가 피해지원금","","109099097"
"(주)다화랑","문평면","전남 나주시 문평면","35.062253","126.621985","dong","휴게음식점","고유가 피해지원금","061)332-2630","82516085"
"황금연못식당","문평면","전라남도 나주시 문평면 체암로 295 1층","35.054554","126.603555","naver","한식","고유가 피해지원금","061)334-7777","119931766"
"수다향","문평면","전라남도 나주시 문평면 체암로 299 1층","35.054806","126.603558","naver","커피/음료전문점","고유가 피해지원금","","121303089"
"다시농협 문평지점 하나로마트","문평면","전라남도 나주시 문평면 체암로 299","35.054949","126.603461","naver","농.수.축협직판장","고유가 피해지원금","061)336-5004","121166102"
"문평철물건재","문평면","전라남도 나주시 문평면 체암로 314","35.056278","126.603397","naver","건축자재","고유가 피해지원금","062)335-0709","45012722"
"한아인테리어","문평면","전남 나주시 문평면","35.063286","126.621858","dong","실내장식","고유가 피해지원금","061)335-6208","109604851"
"우리동네건강원백두농산","문평면","전남 나주시 문평면","35.061181","126.624741","dong","건강식품점","고유가 피해지원금","061)335-5143","17746964"
"호남농약","문평면","전라남도 나주시 문평면 체암로 341","35.058447","126.602434","naver","농어업용품","고유가 피해지원금","061)336-2582","17087089"
"스마트기프트","문평면","전남 나주시 문평면","35.061598","126.622147","dong","제약/의료 기타","고유가 피해지원금","062)975-0470","119727121"
"필인테리어","문평면","전라남도 나주시 남평읍 남평향교길 79-10","35.033089","126.845209","naver","주택/건설","고유가 피해지원금","062)463-3090","110480365"
"문평시인농원","문평면","전남 나주시 문평면","35.064269","126.622341","dong","농.수.축산물점","고유가 피해지원금","","121824563"
"명장","문평면","전라남도 나주시 풍물시장2길 5-9","34.993524","126.706786","naver","농.수.축산물점","고유가 피해지원금","070)7614-3579","121150150"
"더윈","문평면","전남 나주시 문평면","35.06431","126.625069","dong","인삼판매점","고유가 피해지원금","070)7614-3579","119265808"
"명하쪽빛마을협동조합","문평면","전남 나주시 문평면","35.06261","126.621653","dong","기타 레저업소","고유가 피해지원금","061)336-5800","74206692"
"이로운나주청년협동조합","문평면","전남 나주시 문평면","35.061546","126.625352","dong","이벤트업","고유가 피해지원금","061)336-5557","118729253"
"반남권역 단위사업 협동조합","반남면","전남 나주시 반남면","34.910041","126.657352","dong","기타 레저업소","고유가 피해지원금","","112758138"
"은숙식품","반남면","전남 나주시 반남면","34.908413","126.658118","dong","일반잡화판매점","고유가 피해지원금","","112218062"
"반남 국화 영농조합법인","반남면","전라남도 나주시 반남면 자미로 80","34.909553","126.648566","naver","농.수.축산물점","고유가 피해지원금","061)334-9908","91853868"
"(주)브라운핸즈 국립나주박물관","반남면","전라남도 나주시 반남면 고분로 747 국립나주박물관 1층","34.914854","126.659057","naver","커피/음료전문점","고유가 피해지원금","","121793437"
"그루밍","반남면","전라남도 나주시 상야4길 10 1층 109호","35.022459","126.792742","naver","반려동물 서비스/용품점","고유가 피해지원금","","107926952"
"청암 도배and장판","반남면","전남 나주시 반남면","34.910616","126.657708","dong","실내장식","고유가 피해지원금","070)7614-3579","120267933"
"한아름농장","반남면","전라남도 나주시 반남면 자미로 131 한아름농장","34.913317","126.645318","naver","농.수.축산물점","고유가 피해지원금","","111404726"
"남녘들영농조합법인","반남면","전라남도 나주시 반남면 자미로 80","34.909553","126.648566","naver","농.수.축산물점","고유가 피해지원금","061)335-1400","38801965"
"반남국화영농조합법인","반남면","전라남도 나주시 반남면 자미로 80","34.909553","126.648566","naver","화원","고유가 피해지원금","061)335-9494","78857782"
"구산종합산업","반남면","전남 나주시 반남면","34.908156","126.658622","dong","철물점","고유가 피해지원금","061)331-0481","99204666"
"마한농협주유소","반남면","전라남도 나주시 반남면 고분로 610","34.903195","126.653122","naver","주유소","고유가 피해지원금","061)336-211","55602074"
"유한회사미래관광여행사","반남면","전남 나주시 반남면","34.908687","126.656765","dong","관광여행사","고유가 피해지원금","061)336-1144","49482926"
"반남어린이집","반남면","전라남도 나주시 반남면 석천로 22 반남어린이집","34.902111","126.654135","naver","아이행복 어린이집","고유가 피해지원금","061)336-1835","60571747"
"반남떡방앗간","반남면","전라남도 나주시 반남면 고분로 606-1","34.903126","126.652649","naver","미곡상","고유가 피해지원금","061)336-0225","73314876"
"대성식당","반남면","전라남도 나주시 반남면 고분로 594-2","34.902619","126.651523","naver","한식","고유가 피해지원금","061)336-8944","37686771"
"마한농업협동조합","반남면","전라남도 나주시 반남면 고분로 604","34.902861","126.652348","naver","연탄 및 유류판매점","고유가 피해지원금","061)336-2211","33788546"
"마한농업협동조합 하나로마트","반남면","전남 나주시 반남면","34.909486","126.656424","dong","농.수.축협직판장","고유가 피해지원금","061)330-5685","120195401"
"호남철공소","반남면","전남 나주시 반남면","34.908268","126.659188","dong","농어업용품","고유가 피해지원금","061)336-1037","122210811"
"친환경신촌영농조합법인","반남면","전라남도 나주시 반남면 석천로 60","34.899172","126.65649","naver","미곡상","고유가 피해지원금","061)335-2602","113226064"
"반남식당","반남면","전라남도 나주시 반남면 고분로 596","34.902757","126.651756","naver","한식","고유가 피해지원금","061)336-1062","87638601"
"자미로","반남면","전라남도 나주시 반남면 고분로 596 1층","34.902707","126.651791","naver","커피/음료전문점","고유가 피해지원금","","115783518"
"영산강 사슴농원","반남면","전남 나주시 반남면","34.910409","126.656608","dong","건강식품점","고유가 피해지원금","","116185599"
"자미농원","반남면","전남 나주시 반남면","34.907708","126.658415","dong","농.수.축산물점","고유가 피해지원금","","115854931"
"한마음회관","반남면","전라남도 나주시 반남면 자미로 1-32","34.90275","126.65013","naver","한식","고유가 피해지원금","061)336-6790","120816175"
"드림월드(Dream World)","반남면","전라남도 나주시 이창1길 8-1 1층","34.995781","126.713253","naver","문화/취미 기타","고유가 피해지원금","","114152734"
"대가참숯불구이","반남면","전라남도 나주시 반남면 고분로 518 대가참숯불구이","34.897831","126.645636","naver","한식","고유가 피해지원금","","100307643"
"(주)원스패밀리","반남면","전라남도 나주시 반남면 도남길 7","34.897066","126.642279","naver","주방기구점","고유가 피해지원금","061)331-3535","99818210"
"광목산장","보산동","전라남도 나주시 영산로 5122","35.024521","126.695266","naver","한식","고유가 피해지원금","061)333-7078","46691280"
"파크골프온","보산동","전남 나주시 보산동","35.02791","126.690954","dong","레저용품점","고유가 피해지원금","","116603697"
"문화재공방","보산동","전남 나주시 보산동","35.029775","126.691524","dong","민예.공예.토산품","고유가 피해지원금","061)332-2684","73786204"
"코리아마블","보산동","전남 나주시 보산동","35.028718","126.689743","dong","건축자재","고유가 피해지원금","061)331-8577","74441471"
"보산주유소","보산동","전라남도 나주시 영산로 5087 (보산동)","35.025057","126.691308","naver","주유소","고유가 피해지원금","061)334-0432","30649695"
"새천년낚시프라자","보산동","전라남도 나주시 영산로 5077","35.024623","126.690679","naver","레저용품점","고유가 피해지원금","061)333-0757","75873271"
"안전가스","보산동","전라남도 나주시 영산로 5071","35.024423","126.69006","naver","가스판매점","고유가 피해지원금","061)332-2460","97306536"
"옥산수퍼","봉황면","전라남도 나주시 봉황면 금봉로 261-1","34.990052","126.779146","naver","일반잡화판매점","고유가 피해지원금","061)331-3065","101960128"
"한주","봉황면","전라남도 나주시 문화로 244","35.020431","126.785348","naver","차량 정비/부품/인테리어","고유가 피해지원금","","94600420"
"새암수산","봉황면","전남 나주시 봉황면","34.955142","126.784065","dong","농.수.축산물점","고유가 피해지원금","","110828658"
"바름농원","봉황면","전남 나주시 봉황면","34.954085","126.782284","dong","농.수.축산물점","고유가 피해지원금","061)334-5838","76275932"
"금봉팜마트","봉황면","전라남도 나주시 봉황면 금봉로 270","34.989297","126.779286","naver","농어업용품","고유가 피해지원금","061)331-5656","63984728"
"현대환경산업개발 주식회사","봉황면","전남 나주시 봉황면","34.95548","126.783085","dong","용역서비스업","고유가 피해지원금","061)334-6633","121216936"
"현대이엔티주식회사","봉황면","전남 나주시 봉황면","34.953146","126.782816","dong","용역서비스업","고유가 피해지원금","061)373-9080","121216994"
"해오름농장","봉황면","전라남도 나주시 봉황면 박실길 56-130","34.98123","126.814029","naver","농.수.축산물점","고유가 피해지원금","","120046449"
"농업회사법인 유한회사 해오름팜농장","봉황면","전남 나주시 봉황면","34.954803","126.78215","dong","농.수.축산물점","고유가 피해지원금","","114317722"
"동형가구물류센터","봉황면","전라남도 나주시 봉황면 세남로 881","34.977304","126.79882","naver","일반가구점","고유가 피해지원금","061)333-9694","22664301"
"글로우팜","봉황면","전남 나주시 봉황면","34.955648","126.783835","dong","기타 레저업소","고유가 피해지원금","","109240055"
"조은세상 주식회사","봉황면","전남 나주시 봉황면","34.953551","126.782142","dong","냉난방기구","고유가 피해지원금","061)331-4050","38721866"
"청솔농원","봉황면","전남 나주시 봉황면","34.953963","126.784865","dong","농.수.축산물점","고유가 피해지원금","","84626269"
"지동상회","봉황면","전남 나주시 봉황면","34.95553","126.782531","dong","농.수.축산물점","고유가 피해지원금","070)4257-3737","99349657"
"농업회사법인 주식회사 월출","봉황면","전남 나주시 봉황면","34.952745","126.783208","dong","농.수.축산물점","고유가 피해지원금","062)612-6234","115934794"
"대실마을복지영농조합법인","봉황면","전남 나주시 봉황면","34.955302","126.784615","dong","기타 레저업소","고유가 피해지원금","061)334-0301","108275914"
"(주)호성 농업회사법인","봉황면","전라남도 나주시 봉황면 용전지동길 36","34.970549","126.772096","naver","기타 식품","고유가 피해지원금","061)333-1304","106041520"
"아로니아블랙쵸코베리호성농장","봉황면","전남 나주시 봉황면","34.953132","126.784565","dong","농.수.축산물점","고유가 피해지원금","061)333-1304","76684420"
"자연","봉황면","전라남도 나주시 공산면","34.937389","126.582466","naver","한식","고유가 피해지원금","061)373-8866","12830437"
"송현정미소","봉황면","전남 나주시 봉황면","34.952991","126.782328","dong","미곡상","고유가 피해지원금","061)331-4436","97185771"
"엠테크","봉황면","전라남도 나주시 빛가람로 741 304호","35.02152","126.792987","naver","완구점","고유가 피해지원금","","115029749"
"소울푸드","봉황면","전남 나주시 봉황면","34.955273","126.781985","dong","기타 식품","고유가 피해지원금","","111144574"
"전농원마트","봉황면","전라남도 나주시 봉황면 금봉로 623","34.963025","126.791699","naver","농어업용품","고유가 피해지원금","061)334-9323","33110552"
"덕용떡방앗간","봉황면","전라남도 나주시 봉황면 금봉로 621-2","34.963127","126.791651","naver","기타 식품","고유가 피해지원금","","121029815"
"죽석주유소","봉황면","전라남도 나주시 봉황면 세남로 719 죽석주유소","34.962799","126.799922","naver","주유소","고유가 피해지원금","061)331-9506","96154758"
"진미","봉황면","전라남도 나주시 봉황면 금봉로 631 진미식당","34.962856","126.792383","naver","한식","고유가 피해지원금","061)331-4148","91754061"
"비안","봉황면","전라남도 나주시 봉황면 봉황로 831-5","34.962935","126.790725","naver","커피/음료전문점","고유가 피해지원금","","118312610"
"73 자동차 정비소","봉황면","전라남도 나주시 봉황면 금봉로 635","34.962748","126.792945","naver","차량 정비/부품/인테리어","고유가 피해지원금","061)334-0831","84639656"
"봉황반점","봉황면","전라남도 나주시 봉황면 봉황로 761 서울중화요리","34.958484","126.7852","naver","중식","고유가 피해지원금","061)332-9800","116414122"
"노안중기매매","봉황면","전남 나주시 봉황면","34.95477","126.781565","dong","기타 수리서비스","고유가 피해지원금","070)7723-4998","87976613"
"소행성 651","봉황면","전라남도 나주시 봉황면 금봉로 651","34.962408","126.794585","naver","커피/음료전문점","고유가 피해지원금","061)335-8661","111698069"
"지영이네밥상","봉황면","전남 나주시 봉황면","34.9562","126.783736","dong","한식","고유가 피해지원금","061)000-0001","110028055"
"봉황육묘장","봉황면","전라남도 나주시 봉황면 송현제길 111-23","34.960112","126.810709","naver","농.수.축산물점","고유가 피해지원금","","121652127"
"농업회사법인주식회사장수식품","봉황면","전남 나주시 봉황면","34.95412","126.785383","dong","농어업용품","고유가 피해지원금","061)332-9616","78023167"
"새신성의원","봉황면","전라남도 나주시 봉황면 봉황로 763 새신성의원","34.958656","126.785371","naver","일반.치과.한의원","고유가 피해지원금","061)337-7524","12017990"
"봉황종로약국","봉황면","전라남도 나주시 봉황면 봉황로 767","34.95877","126.785587","naver","약국","고유가 피해지원금","061)335-5252","87298471"
"대아식당","봉황면","전라남도 나주시 봉황면 봉황로 757-1","34.958405","126.784653","naver","한식","고유가 피해지원금","061)331-0880","16092977"
"봉황새식당","봉황면","전라남도 나주시 봉황면 죽석들길 20 덕영식당","34.958024","126.787606","naver","한식","고유가 피해지원금","061)333-5698","111407108"
"봉황가정의학과의원","봉황면","전라남도 나주시 봉황면 봉황로 759","34.958296","126.78492","naver","일반.치과.한의원","고유가 피해지원금","061)331-1160","23691757"
"하나로약국","봉황면","전라남도 나주시 봉황면 봉황로 759 봉황의원","34.95829","126.784971","naver","약국","고유가 피해지원금","061)331-0032","34091674"
"서울미용실","봉황면","전라남도 나주시 봉황면 봉황로 757","34.958111","126.784722","naver","미용원","고유가 피해지원금","061)331-0993","104414601"
"씨유 나주봉황점","봉황면","전라남도 나주시 봉황면 봉황로 760 원마트","34.958131","126.785064","naver","편의점","고유가 피해지원금","080)080-3663","81850516"
"도윤기프트","봉황면","전남 나주시 봉황면","34.955262","126.781501","dong","인쇄 및 광고","고유가 피해지원금","","116231440"
"미리미용실","봉황면","전라남도 나주시 봉황면 죽석리 554-6","34.957449","126.78415","naver","미용원","고유가 피해지원금","061)331-9162","86346955"
"할매식당","봉황면","전라남도 나주시 봉황면 봉황로 747-18","34.957718","126.783135","naver","한식","고유가 피해지원금","061)331-4057","113356907"
"서울반점","봉황면","전라남도 나주시 봉황면 봉황로 761 서울중화요리","34.958484","126.7852","naver","중식","고유가 피해지원금","061)331-8922","42905901"
"삼손짬뽕","봉황면","전라남도 나주시 봉황면 봉황로 725-2 1층 삼손짬뽕","34.957217","126.78191","naver","중식","고유가 피해지원금","","117573356"
"농업회사법인 문현 유한회사","봉황면","전남 나주시 봉황면","34.956203","126.782282","dong","미곡상","고유가 피해지원금","","115099474"
"우정상회","봉황면","전라남도 나주시 봉황면 봉황로 736","34.956998","126.783004","naver","일반잡화판매점","고유가 피해지원금","061)331-2847","70109051"
"승리식당","봉황면","전라남도 나주시 봉황면 봉황로 721-1","34.957114","126.781425","naver","한식","고유가 피해지원금","","106785548"
"봉황농협 주유소","봉황면","전라남도 나주시 봉황면 봉황로 719-9","34.957844","126.781131","naver","주유소","고유가 피해지원금","061)330-5252","100630512"
"봉황편의점마트","봉황면","전라남도 나주시 봉황면 봉황로 760 원마트","34.958131","126.785064","naver","슈퍼마켓","고유가 피해지원금","061)331-4107","110122250"
"덕흥","봉황면","전라남도 나주시 봉황면 봉황로 726-1","34.956965","126.781884","naver","한식","고유가 피해지원금","061)331-4501","89327927"
"봉황농협 하나로마트","봉황면","전라남도 나주시 봉황면 봉황로 715","34.957107","126.780907","naver","농.수.축협직판장","고유가 피해지원금","061)330-5225","107110241"
"생태해물탕","봉황면","전라남도 나주시 봉황로 724","34.956959","126.781652","naver","한식","고유가 피해지원금","061)334-1177","65974469"
"동현수산","봉황면","전남 나주시 봉황면","34.955779","126.781598","dong","농.수.축산물점","고유가 피해지원금","062)334-4496","110800657"
"불수성풍천장어","봉황면","전라남도 나주시 봉황면 봉황로 711","34.956924","126.780169","naver","한식","고유가 피해지원금","061)334-4496","86890191"
"(주) 승일전기산업","봉황면","전라남도 나주시 봉황면 봉황로 709","34.956946","126.779982","naver","기계류 건축설비","고유가 피해지원금","061)331-4041","70146909"
"봉's 커피","봉황면","전라남도 나주시 봉황면 봉황로 722-4","34.956918","126.781367","naver","커피/음료전문점","고유가 피해지원금","","120860865"
"비에프씨(BFC)치킨and호프","봉황면","전남 나주시 봉황면","34.953099","126.785499","dong","일반음식점 기타","고유가 피해지원금","061)336-9990","105238354"
"육미당","봉황면","전라남도 나주시 봉황면 봉황로 714-1 1층 육미당","34.956816","126.780548","naver","한식","고유가 피해지원금","","100401203"
"토속마을","봉황면","전라남도 나주시 봉황면 봉황로 714","34.956823","126.780459","naver","한식","고유가 피해지원금","061)334-8992","35102637"
"도도꾸미 농원","봉황면","전라남도 나주시 봉황면 죽석들길 120","34.954392","126.7958","naver","농.수.축산물점","고유가 피해지원금","","111870651"
"트리팩토리 춘광","봉황면","전라남도 나주시 봉황면 죽황로 386","34.964991","126.757504","naver","농어업용품","고유가 피해지원금","","106796971"
"주홍빛소박한구기자이야기","봉황면","전라남도 나주시 봉황면 신동리 529-2","34.966859","126.738803","naver","농.수.축산물점","고유가 피해지원금","","115016126"
"농업회사법인(유)나주평야동강알피씨","봉황면","전라남도 나주시 봉황면 봉황로 623","34.95586","126.771705","naver","미곡상","고유가 피해지원금","061)333-8874","77579734"
"남원식당","봉황면","전라남도 나주시 봉황면 지평로 547","34.952148","126.794168","naver","한식","고유가 피해지원금","061)331-4385","91485350"
"동구밖과수원길","봉황면","전남 나주시 봉황면","34.95387","126.785887","dong","농.수.축산물점","고유가 피해지원금","061)332-9131","117868208"
"농업회사법인한성주식회사","봉황면","전남 나주시 봉황면","34.956275","126.78185","dong","농.수.축산물점","고유가 피해지원금","061)332-8343","75194962"
"신황주유소","봉황면","전라남도 나주시 봉황면 봉황로 347 신황주유소","34.965826","126.74638","naver","주유소","고유가 피해지원금","061)334-7769","33156611"
"봉황석재","봉황면","전라남도 나주시 봉황면 세남로 560","34.950682","126.793371","naver","기타 건축자재","고유가 피해지원금","061)331-8900","120004631"
"농업회사 법인주식회사 이화배","봉황면","전남 나주시 봉황면","34.954259","126.78084","dong","농.수.축산물점","고유가 피해지원금","061)333-2503","117517760"
"보성신소재","봉황면","전남 나주시 봉황면","34.95256","126.785326","dong","건축자재","고유가 피해지원금|온누리","061)373-4580","49639922"
"준디자인","봉황면","전남 나주시 봉황면","34.956864","126.783155","dong","인쇄 및 광고","고유가 피해지원금","062)672-6662","89138525"
"(주)대부","봉황면","전라남도 나주시 빛가람로 745 SB빌딩 1층 101호","35.021547","126.793293","naver","건축자재","고유가 피해지원금","061)337-8777","47608808"
"태성산업","봉황면","전라남도 나주시 봉황면 와우길 15","34.949125","126.764382","naver","철물점","고유가 피해지원금","061)332-7738","110045570"
"봉황어린이집","봉황면","전라남도 나주시 봉황면 죽황로 11-6 봉황어린이집","34.959223","126.784159","naver","아이행복 어린이집","고유가 피해지원금","061)331-0732","61576001"
"네잎클로버 영농조합법인","봉황면","전남 나주시 봉황면","34.951738","126.784118","dong","농.수.축산물점","고유가 피해지원금","061)337-6646","77150449"
"농업회사법인주관헌농산","봉황면","전남 나주시 봉황면","34.956652","126.784608","dong","농.수.축산물점","고유가 피해지원금","062)383-1005","74024893"
"(주)프리모관광","봉황면","전남 나주시 봉황면","34.953345","126.78091","dong","렌트카","고유가 피해지원금","061)673-3400","100722526"
"농업회사법인 유한회사 다올","봉황면","전남 나주시 봉황면","34.953286","126.785894","dong","기타 레저업소","고유가 피해지원금","061)333-0900","121383968"
"(주)에코랜드","봉황면","전라남도 나주시 봉황면 선동길 149","34.939038","126.797875","naver","주방 및 가정용품점","고유가 피해지원금","","105195273"
"(유)농업회사법인올리바팜","봉황면","전남 나주시 봉황면","34.951696","126.782623","dong","농.수.축산물점","고유가 피해지원금","","100803665"
"우리동네","봉황면","전라남도 나주시 영산로 5412","35.035502","126.720366","naver","농.수.축산물점","고유가 피해지원금","","104729879"
"부성농원","봉황면","전라남도 나주시 봉황면 덕림리 327-4","34.928592","126.761125","naver","농.수.축산물점","고유가 피해지원금","061)331-5667","52817517"
"동양배농원","봉황면","전라남도 나주시 봉황면 덕림학림길 80","34.928218","126.759562","naver","농.수.축산물점","고유가 피해지원금","061)331-4841","37414038"
"동양농원","봉황면","전라남도 나주시 봉황면 덕림학림길 80","34.928218","126.759562","naver","농.수.축산물점","고유가 피해지원금","","104847000"
"봉황농업협동조합덕림지소","봉황면","전라남도 나주시 봉황면 세남로 158-7","34.927352","126.761724","naver","농.수.축협직판장","고유가 피해지원금","061)331-4535","46901781"
"한울회","봉황면","전남 나주시 봉황면","34.954196","126.786181","dong","일반잡화판매점","고유가 피해지원금","","119966374"
"만경오리","봉황면","전라남도 나주시 봉황면 세남로 118","34.925019","126.758201","naver","한식","고유가 피해지원금","061)335-8592","104738214"
"농업회사법인 수채화주식회사","봉황면","전남 나주시 봉황면","34.95149","126.783563","dong","농.수.축산물점","고유가 피해지원금","","111258978"
"케이씨디 (주)","봉황면","전남 나주시 봉황면","34.956459","126.785186","dong","주방 및 가정용품점","고유가 피해지원금","070)7804-2676","80441599"
"영산수목원파크골프","부덕동","전라남도 나주시 봉황로 37-7","34.988903","126.728388","naver","골프장","고유가 피해지원금","","119614723"
"유명한칼국수","부덕동","전라남도 나주시 봉황로 37-3","34.988757","126.728033","naver","한식","고유가 피해지원금","","122046141"
"이레 기업 청과","부덕동","전남 나주시 부덕동","34.980929","126.733624","dong","농.수.축산물점","고유가 피해지원금","061)332-2244","116944426"
"유한회사 제일가스","부덕동","전남 나주시 부덕동","34.979872","126.731843","dong","가스판매점","고유가 피해지원금","061)333-3698","117402891"
"유한회사 제일가스에너지","부덕동","전남 나주시 부덕동","34.979431","126.733972","dong","가스판매점","고유가 피해지원금","061)333-3698","60282841"
"유한회사 나주옹벽블럭","부덕동","전남 나주시 부덕동","34.981267","126.732644","dong","건축자재","고유가 피해지원금","061)335-0222","109805051"
"하이도","부덕동","전라남도 나주시 부춘길 15-14 하이도","34.988239","126.727277","naver","커피/음료전문점","고유가 피해지원금","","122111009"
"민설","부덕동","전남 나주시 부덕동","34.980525","126.734208","dong","골프연습장","고유가 피해지원금","061)336-9000","121966164"
"월하당","부덕동","전라남도 나주시 봉황로 110-39 월하당","34.981465","126.727935","naver","커피/음료전문점","고유가 피해지원금","","107734822"
"이화림","부덕동","전라남도 나주시 영나로 2316-9 1층 이화림","34.983426","126.725438","naver","한식","고유가 피해지원금","","115174656"
"펫마트나주점","빛가람동","전라남도 나주시 도민길 3-1 펫마트 나주점","35.021406","126.799102","naver","반려동물 서비스/용품점","고유가 피해지원금","061)332-9367","110797319"
"(유)한솔인테리어","빛가람동","전라남도 나주시 도민길 3-1 103호","35.021393","126.799017","naver","주택/건설","고유가 피해지원금","061)334-0303","111140835"
"등불조명전기","빛가람동","전남 나주시 빛가람동","35.020847","126.79013","dong","조명 전기기구점","고유가 피해지원금","061)335-7905","87064660"
"가자빛가람렌터카 (주)","빛가람동","전남 나주시 빛가람동","35.01979","126.788349","dong","렌트카","고유가 피해지원금","061)334-8110","84618634"
"빛가람왕새우직판장","빛가람동","전라남도 나주시 도민길 5 1층 빛가람왕새우직판장","35.021847","126.799091","naver","한식","고유가 피해지원금","061)332-7300","117538511"
"그림빵집","빛가람동","전라남도 나주시 도민길 3-24 1층","35.021809","126.798833","naver","제과점/아이스크림점","고유가 피해지원금","061)930-8880","117588172"
"알리바이 한전공대점","빛가람동","전라남도 나주시 빛가람동 빛가람로 793","35.021449","126.798606","naver","편의점","고유가 피해지원금","","105174562"
"솔레이유(SOLEIL)","빛가람동","전라남도 나주시 도민길 7","35.022039","126.799095","naver","커피/음료전문점","고유가 피해지원금","061)334-2294","115331781"
"카페들꽃","빛가람동","전라남도 나주시 도민길 4-25 1층 101호","35.021816","126.799691","naver","커피/음료전문점","고유가 피해지원금","061)332-2244","119656387"
"대패동","빛가람동","전라남도 나주시 도민길 4-23 대패삼겹살전문점대패동","35.02195","126.799684","naver","한식","고유가 피해지원금","061)336-8596","106184281"
"벨플레르(BELLE FLEUR)","빛가람동","전라남도 나주시 도민길 10 1층 101호","35.022242","126.799381","naver","화원","고유가 피해지원금","","92194281"
"부영한식뷔페2호점","빛가람동","전남 나주시 빛가람동","35.019256","126.788207","dong","한식","고유가 피해지원금","061)335-7270","117669748"
"정백정","빛가람동","전라남도 나주시 빛가람로 813","35.021506","126.800747","naver","정육점","고유가 피해지원금","","118670322"
"우리집반찬","빛가람동","전라남도 나주시 빛가람로 793 1층 1호","35.021483","126.79869","naver","기타 식품","고유가 피해지원금","061)333-3137","120643828"
"(주)만나유통","빛가람동","전라남도 나주시 도민길 4-53 1층","35.021824","126.800127","naver","정육점","고유가 피해지원금","061)333-3137","114933272"
"초원글로벌","빛가람동","전라남도 나주시 도민길 3-42","35.022076","126.798336","naver","실내장식","고유가 피해지원금","061)332-8565","111083417"
"미 참치  초밥","빛가람동","전라남도 나주시 도민길 3-52 101호","35.021808","126.798145","naver","일식/생선회집","고유가 피해지원금","061)335-2001","105548214"
"임실엔치즈피자 나주혁신점","빛가람동","전라남도 나주시 빛가람동 빛가람로 789 베스트빌딩 1층 A 101호","35.021428","126.798002","naver","패스트푸드점","고유가 피해지원금","","97404745"
"네네치킨 나주혁신도시점","빛가람동","전라남도 나주시 빛가람로 789","35.021404","126.798002","naver","일반음식점 기타","고유가 피해지원금","061)332-4492","86899360"
"벤지동물병원","빛가람동","전라남도 나주시 빛가람로 789 103호","35.02143","126.798053","naver","동물병원","고유가 피해지원금","061)333-1336","106544589"
"미림원","빛가람동","전라남도 나주시 도민길 4-59 미림원","35.021822","126.800287","naver","한식","고유가 피해지원금","061)331-3300","57605001"
"마주봄 헤어","빛가람동","전라남도 나주시 빛가람로 809 강남타워 102호","35.021498","126.800404","naver","미용원","고유가 피해지원금|온누리","061)332-5877","90050723"
"스너그","빛가람동","전라남도 나주시 빛가람로 809 부영3차 건너편 흙향돈한우마트 옆","35.021445","126.80037","naver","기성복점","고유가 피해지원금","","108350083"
"웅장한 장어","빛가람동","전라남도 나주시 빛가람로 809 강남타워 1층 103호, 웅장한 장어","35.021498","126.800404","naver","농.수.축산물점","고유가 피해지원금","061)9343-0592","122133653"
"해장국이 좋은날 2호점","빛가람동","전라남도 나주시 빛가람로 809 106호","35.021473","126.800474","naver","한식","고유가 피해지원금","","99237125"
"이엔뷰티","빛가람동","전라남도 나주시 빛가람로 809 강남타워 101호 이엔뷰티","35.021446","126.800327","naver","피부미용원","고유가 피해지원금","","106194491"
"피나치공 나주빛가람점","빛가람동","전라남도 나주시 빛가람로 809","35.021551","126.800429","naver","일반음식점 기타","고유가 피해지원금","061)332-2244","120499492"
"플랜디멕스","빛가람동","전남 나주시 빛가람동","35.018235","126.788841","dong","소프트웨어업","고유가 피해지원금","","116384890"
"러스틱 (RUSTIC CAFE)","빛가람동","전라남도 나주시 도민길 23-20 러스틱","35.02254","126.798597","naver","휴게음식점","고유가 피해지원금","","90429701"
"머시기쪽갈비황돼지","빛가람동","전라남도 나주시 도민길 17","35.0228","126.798967","naver","한식","고유가 피해지원금","061)333-6699","103634004"
"제이케이에이치","빛가람동","전라남도 나주시 도민길 18","35.022824","126.799246","naver","건강식품점","고유가 피해지원금","","98830934"
"메가MGC커피 나주혁신이노시티점","빛가람동","전라남도 나주시 빛가람로 813 1층 106호","35.021497","126.800755","naver","커피/음료전문점","고유가 피해지원금","061)336-3337","116125416"
"밤실","빛가람동","전라남도 나주시 빛가람로 813 2층202호","35.021531","126.800865","naver","한식","고유가 피해지원금","061)335-9889","88820441"
"울어매 참기름","빛가람동","전남 나주시 빛가람동","35.019825","126.791448","dong","기타 식품","고유가 피해지원금","","120060014"
"해마루","빛가람동","전라남도 나주시 도민길 23-13 해마루","35.022746","126.798123","naver","일반음식점 기타","고유가 피해지원금","061)331-7711","99573911"
"봉황순두부","빛가람동","전라남도 나주시 도민길 21","35.023147","126.798811","naver","한식","고유가 피해지원금","061)335-0077","97182823"
"비바 모던","빛가람동","전라남도 나주시 도민길 24-42 1층","35.023014","126.799941","naver","커피/음료전문점","고유가 피해지원금","","110106898"
"육감","빛가람동","전라남도 나주시 도민길 24-36","35.022787","126.800032","naver","일반음식점 기타","고유가 피해지원금","061)332-6429","73787503"
"황금어장","빛가람동","전라남도 나주시 도민길 24-30","35.023007","126.799634","naver","한식","고유가 피해지원금","061)333-3332","70261768"
"비케이푸드(BKFOOD)그밥에이반찬and황금어장","빛가람동","전남 나주시 빛가람동","35.022047","126.789098","dong","한식","고유가 피해지원금","061)333-3332","99721105"
"남도","빛가람동","전라남도 나주시 도민길 24-88","35.023032","126.800399","naver","일반음식점 기타","고유가 피해지원금","061)332-9983","44918472"
"대영축산","빛가람동","전라남도 나주시 봉황면 한들길 112-9","34.957343","126.756388","naver","농.수.축산물점","고유가 피해지원금","","101968200"
"(주)아르고에이아이","빛가람동","전남 나주시 빛가람동","35.020967","126.787566","dong","교육기자재","고유가 피해지원금","","113366001"
"CAFFE PASCUCCI","빛가람동","전남 나주시 빛가람동","35.017964","126.790223","dong","커피/음료전문점","고유가 피해지원금","061)820-8497","95714447"
"국수나무 빛가람병원점","빛가람동","전라남도 나주시 정보화길 38 주1동 103, 104호","35.023337","126.798252","naver","한식","고유가 피해지원금","061)333-1131","118844929"
"천지가축약품","빛가람동","전라남도 나주시 정보화길 38","35.023263","126.798339","naver","동물병원","고유가 피해지원금","061)332-2015","91153876"
"큰집 나주곰탕","빛가람동","전라남도 나주시 우정로 10 이노파크식스틴 사동 1층 큰집나주곰탕","35.024864","126.781424","naver","한식","고유가 피해지원금","061)336-8895","117105346"
"더벤티 나주빛가람병원점","빛가람동","전라남도 나주시 빛가람동 정보화길 40 1층","35.023465","126.798409","naver","커피/음료전문점","고유가 피해지원금","070)7576-1802","109335309"
"송정골","빛가람동","전라남도 나주시 도민길 24-54","35.023569","126.799895","naver","한식","고유가 피해지원금","061)337-0780","73626879"
"옥희네밥상","빛가람동","전남 나주시 빛가람동","35.021295","126.791311","dong","한식","고유가 피해지원금","061)333-6412","36735904"
"지에스25 나주우정국점","빛가람동","전라남도 나주시 정보화길 34","35.023233","126.797698","naver","편의점","고유가 피해지원금","080)855-2525","93906972"
"이디야커피 나주빛가람종합병원점","빛가람동","전라남도 나주시 도민길 24-3 이디야커피 1층 101호","35.023652","126.799031","naver","커피/음료전문점","고유가 피해지원금","061)333-5567","108302801"
"이디야커피 나주빛가람종합병원점","빛가람동","전라남도 나주시 도민길 24-3 이디야커피 1층 101호","35.023652","126.799031","naver","커피/음료전문점","고유가 피해지원금","061)333-5567","96987171"
"대형약국","빛가람동","전라남도 나주시 도민길 24-3 104호,105호(빛가람동, 에스엠주차타 워)","35.023609","126.798887","naver","약국","고유가 피해지원금","061)332-8555","117376019"
"이비가짬뽕 나주혁신점","빛가람동","전라남도 나주시 도민길 24-3 에스엠주차타워 108호","35.023452","126.798929","naver","중식","고유가 피해지원금","061)333-3345","114236877"
"이비가짬뽕나주혁신도시점","빛가람동","전남 나주시 빛가람동","35.021484","126.787663","dong","중식","고유가 피해지원금","061)333-3345","96918623"
"스팀카워시","빛가람동","전라남도 나주시 정보화길 26","35.02305","126.796995","naver","세차장","고유가 피해지원금","061)339-9755","114643031"
"(주)태광글로벌","빛가람동","전남 나주시 빛가람동","35.021946","126.790819","dong","인쇄 및 광고","고유가 피해지원금","","100804457"
"투데이 스포츠. 광고","빛가람동","전남 나주시 빛가람동","35.019453","126.787143","dong","기타 신변잡화","고유가 피해지원금","","118089622"
"(주)인포모션","빛가람동","전라남도 나주시 정보화길 26","35.023016","126.797008","naver","기타 식품","고유가 피해지원금","061)332-4706","87421698"
"김서방","빛가람동","전라남도 나주시 정보화길 26 108호 김서방국밥","35.023083","126.797186","naver","정육점","고유가 피해지원금","061)337-9245","111704307"
"마마곱창","빛가람동","전라남도 나주시 정보화길 26 1동 105호","35.022965","126.797065","naver","한식","고유가 피해지원금","","121832336"
"김서방국밥","빛가람동","전라남도 나주시 정보화길 26 108호 김서방국밥","35.023083","126.797186","naver","한식","고유가 피해지원금","061)337-9245","111706836"
"농업회사법인 주식회사  제주사랑","빛가람동","전남 나주시 빛가람동","35.02081","126.787153","dong","농.수.축산물점","고유가 피해지원금","061)930-5511","115516929"
"(주)버터플라이드림","빛가람동","전남 나주시 빛가람동","35.017805","126.790633","dong","기타 레저업소","고유가 피해지원금","061)930-6339","110141941"
"아울헤어","빛가람동","전라남도 나주시 정보화길 26 116호","35.022965","126.797065","naver","미용원","고유가 피해지원금","","122142951"
"몽키 메카닉","빛가람동","전라남도 나주시 정보화길 26 1동 103호","35.022965","126.797065","naver","차량 정비/부품/인테리어","고유가 피해지원금","","122126764"
"비.스터(B.ster)","빛가람동","전남 나주시 빛가람동","35.019575","126.791952","dong","제과점/아이스크림점","고유가 피해지원금","","97371845"
"나주하나약국","빛가람동","전라남도 나주시 정보화길 50","35.02379","126.799458","naver","약국","고유가 피해지원금","061)820-7702","96964356"
"라온제이 주식회사","빛가람동","전남 나주시 빛가람동","35.017456","126.789275","dong","일반잡화판매점","고유가 피해지원금","","115315497"
"수당필름","빛가람동","전남 나주시 빛가람동","35.021732","126.791338","dong","사진관","고유가 피해지원금","","115913858"
"한식대가","빛가람동","전라남도 나주시 반남면 고분로 518 대가참숯불구이","34.897831","126.645636","naver","일반음식점 기타","고유가 피해지원금","061)337-3687","120589560"
"은근향기","빛가람동","전남 나주시 빛가람동","35.018265","126.791391","dong","화장품점","고유가 피해지원금","","118568263"
"부영세탁(3차)","빛가람동","전라남도 나주시 빛가람동 빛가람로 800 부영A3차 상가104","35.01784","126.798152","naver","세탁소","고유가 피해지원금","061)930-1779","97618729"
"세차프린스","빛가람동","전라남도 나주시 빛가람로 800","35.019567","126.799072","naver","세차장","고유가 피해지원금","","107605934"
"프렌즈디자인","빛가람동","전남 나주시 빛가람동","35.02047","126.792045","dong","실내장식","고유가 피해지원금","061)111-2222","117130103"
"돌체음악학원","빛가람동","전라남도 나주시 빛가람로 800 상가 2층","35.01786","126.798221","naver","예체능계학원","고유가 피해지원금","061)334-8656","71948411"
"아이리엔인터내셔널","빛가람동","전남 나주시 빛가람동","35.017443","126.790183","dong","주방기구점","고유가 피해지원금","","122390775"
"아이조은태권도장","빛가람동","전라남도 나주시 빛가람로 800 후문 상가 3층","35.017856","126.798289","naver","예체능계학원","고유가 피해지원금","061)333-3777","100891570"
"유(U)케어","빛가람동","전남 나주시 빛가람동","35.01905","126.786975","dong","용역서비스업","고유가 피해지원금","062)527-0085","83477386"
"키키힐링파크","빛가람동","전라남도 나주시 정보화길 52 대건빌딩 301호 (약국건물 3층)","35.023836","126.799712","naver","미용원","고유가 피해지원금","061)331-3913","101804791"
"휴베이스 한빛약국","빛가람동","전라남도 나주시 정보화길 52","35.023871","126.799636","naver","약국","고유가 피해지원금","061)332-9930","102643182"
"바다양푼이동태탕 나주혁신점","빛가람동","전라남도 나주시 정보화길 56 1층 101, 102호","35.024054","126.800183","naver","한식","고유가 피해지원금","061)930-8548","110579773"
"블랑뜰리에 나주점","빛가람동","전라남도 나주시 빛가람로 838","35.020648","126.801851","naver","제과점/아이스크림점","고유가 피해지원금","","122267901"
"김유진 베이커리","빛가람동","전남 나주시 빛가람동","35.020549","126.786802","dong","제과점/아이스크림점","고유가 피해지원금","","111496933"
"프렌즈스크린 빛가람점","빛가람동","전라남도 나주시 빛가람로 838 2동 2층","35.021316","126.803396","naver","골프연습장","고유가 피해지원금","070)8864-1126","99487669"
"삼백볼링마트","빛가람동","전남 나주시 빛가람동","35.022722","126.789799","dong","레저용품점","고유가 피해지원금","062)953-8888","78429172"
"유한회사 배불리","빛가람동","전남 나주시 빛가람동","35.018187","126.787376","dong","기타 식품","고유가 피해지원금","","120191961"
"(주)키키카카","빛가람동","전라남도 나주시 빛가람로 838 3층","35.021316","126.803396","naver","유아전문 교육기관/놀이시설","고유가 피해지원금","","111121639"
"유한회사 하루네끼","빛가람동","전남 나주시 빛가람동","35.021936","126.787477","dong","기타 식품","고유가 피해지원금","061)331-4853","119272283"
"(주)비트볼링","빛가람동","전라남도 나주시 빛가람로 838 지하1층","35.021316","126.803396","naver","볼링장","고유가 피해지원금","061)333-0306","119014455"
"엄마네만물상회","빛가람동","전라남도 나주시 빛가람로 838 주8동","35.020543","126.801894","naver","아동 및 유아복점","고유가 피해지원금","061)111-2222","114429592"
"프렌즈펍","빛가람동","전라남도 나주시 빛가람로 838","35.021316","126.803396","naver","한식","고유가 피해지원금","","112787849"
"어반수영장빛가람점","빛가람동","전라남도 나주시 빛가람로 838 주4동","35.020356","126.802846","naver","수영장","고유가 피해지원금","","116683608"
"빛가람종합병원장례식장","빛가람동","전라남도 나주시 정보화길 49","35.023991","126.798872","naver","장의서비스/제수용품","고유가 피해지원금","061)820-0844","117323320"
"세븐일레븐 나주빛가람종합병원점","빛가람동","전라남도 나주시 정보화길 49 1층","35.024215","126.798719","naver","편의점","고유가 피해지원금","02)1577-0711","120963357"
"리프레소","빛가람동","전남 나주시 빛가람동","35.020887","126.792195","dong","커피/음료전문점","고유가 피해지원금","061)330-8022","101260539"
"(주)볼링300","빛가람동","전라남도 나주시 빛가람로 838 지하1층 비트볼링장","35.021316","126.803396","naver","볼링장","고유가 피해지원금","061)331-5300","98385118"
"(주)메타큐랩","빛가람동","전남 나주시 빛가람동","35.017335","126.790613","dong","컴퓨터기기","고유가 피해지원금","070)4272-9322","117627566"
"전남나주지역자활센터 카페760","빛가람동","전남 나주시 빛가람동","35.022727","126.790427","dong","커피/음료전문점","고유가 피해지원금","","110020163"
"타이어테크 나주빛가람점","빛가람동","전라남도 나주시 혁신로 306 타이어테크 나주빛가람점","35.025127","126.800321","naver","차량 정비/부품/인테리어","고유가 피해지원금","061)333-5989","121850705"
"(주)드림투게더LPG충전소","빛가람동","전라남도 나주시 혁신로 306","35.024917","126.800343","naver","충전소","고유가 피해지원금","061)332-2378","106455268"
"(주)드림투게더LPG충전소","빛가람동","전라남도 나주시 혁신로 306","35.024917","126.800343","naver","세차장","고유가 피해지원금","061)332-2378","106873674"
"덴트러쉬","빛가람동","전남 나주시 빛가람동","35.017083","126.789002","dong","차량 정비/부품/인테리어","고유가 피해지원금","061)8616-2495","118792541"
"(주)드림투게더LPG24시셀프세차장","빛가람동","전라남도 나주시 혁신로 306 1층 1호","35.025127","126.800321","naver","세차장","고유가 피해지원금","","111205765"
"우정사업정보센터","빛가람동","전라남도 나주시 정보화길 1","35.02429","126.795629","naver","편의점","고유가 피해지원금","061)338-2085","48550893"
"링크커피로스터스","빛가람동","전라남도 나주시 진흥길 9 1층","35.018433","126.795308","naver","커피/음료전문점","고유가 피해지원금","","95324488"
"한국인터넷진흥원협동조합","빛가람동","전남 나주시 빛가람동","35.022975","126.789428","dong","일반잡화판매점","고유가 피해지원금","061)820-3332","74864245"
"네일몬드","빛가람동","전라남도 나주시 빛가람로 747 1층 105호","35.021425","126.793752","naver","피부미용원","고유가 피해지원금|온누리","","121102751"
"HALO ROASTERS(헤일로 로스터스)","빛가람동","전라남도 나주시 빛가람로 747 빛가람메디칼빌딩, 108호","35.021438","126.793853","naver","커피/음료전문점","고유가 피해지원금","061)334-8444","83051756"
"헤어코치","빛가람동","전라남도 나주시 빛가람로 747 2층 204호","35.021583","126.793723","naver","미용원","고유가 피해지원금|온누리","061)333-8297","105436644"
"연세유비뇨의학과의원","빛가람동","전라남도 나주시 빛가람로 747 빛가람메디칼빌딩 303호","35.021425","126.793843","naver","일반.치과.한의원","고유가 피해지원금","061)331-3370","97587742"
"제이에스종합관리 주식회사","빛가람동","전남 나주시 빛가람동","35.022576","126.791065","dong","주차장","고유가 피해지원금","061)337-0089","107366061"
"끌레르뷰티","빛가람동","전라남도 나주시 빛가람로 747 빛가람메디컬 203호","35.021583","126.793723","naver","피부미용원","고유가 피해지원금|온누리","061)820-8755","105289729"
"주류상회Be나주혁신점","빛가람동","전라남도 나주시 빛가람로 747 1층 113호","35.021594","126.793859","naver","주류판매점","고유가 피해지원금","","116796070"
"남도야식","빛가람동","전라남도 나주시 빛가람로 747 빛가람메디칼빌딩 114호","35.021624","126.793824","naver","한식","고유가 피해지원금|온누리","","117214816"
"슬로우리","빛가람동","전라남도 나주시 빛가람로 747 메디칼빌딩 115호","35.021583","126.793723","naver","커피/음료전문점","고유가 피해지원금","","97186988"
"세븐일레븐 나주혁신빛가람점","빛가람동","전라남도 나주시 빛가람로 747 1층 104호","35.021452","126.79372","naver","편의점","고유가 피해지원금|온누리","02)3284-8168","77443297"
"혁신약국","빛가람동","전라남도 나주시 빛가람로 747","35.021525","126.793845","naver","약국","고유가 피해지원금|온누리","061)336-7559","86419693"
"MVP주니어골프아카데미","빛가람동","전라남도 나주시 빛가람로 747 2층 209호","35.021583","126.793723","naver","골프연습장","고유가 피해지원금","061)333-7907","113339774"
"서울훈치과","빛가람동","전라남도 나주시 빛가람로 747","35.021598","126.793717","naver","일반.치과.한의원","고유가 피해지원금","061)333-2804","74440263"
"재인엠알오","빛가람동","전남 나주시 빛가람동","35.018152","126.786938","dong","건축자재","고유가 피해지원금","","115711531"
"교담기획","빛가람동","전남 나주시 빛가람동","35.019631","126.792591","dong","기타 식품","고유가 피해지원금","","118051895"
"네일온","빛가람동","전라남도 나주시 빛가람로 747 112호","35.021653","126.793843","naver","피부미용원","고유가 피해지원금","","104460069"
"케이씨 정보산업","빛가람동","전라남도 나주시 빛가람로 747 208-2호","35.021583","126.793723","naver","보안경비시스템","고유가 피해지원금","","108233093"
"에스(S) 뷰티살롱","빛가람동","전남 나주시 빛가람동","35.022268","126.791675","dong","기타 전자제품","고유가 피해지원금","","107030659"
"상무관 태권도장","빛가람동","전라남도 나주시 한빛로 262 403호","35.022027","126.793732","naver","예체능계학원","고유가 피해지원금","","109028102"
"빛가람솔루션","빛가람동","전라남도 나주시 한빛로 262 스마트프라자 1동 117호","35.022015","126.79359","naver","용역서비스업","고유가 피해지원금","","100401930"
"요리모아","빛가람동","전라남도 나주시 금천면 금영로 953-1","35.032499","126.753646","naver","한식","고유가 피해지원금","","121757505"
"본 디자인 인테리어","빛가람동","전라남도 나주시 한빛로 262 스마트프라자 101호","35.022025","126.793724","naver","주택/건설","고유가 피해지원금","","119514792"
"새차처럼","빛가람동","전라남도 나주시 한빛로 262 스마트프라자 119,120호","35.021866","126.793596","naver","세차장","고유가 피해지원금|온누리","","115939555"
"드림척추교정센터","빛가람동","전라남도 나주시 한빛로 262 스마트프라자 114호","35.022178","126.793615","naver","유사의료업","고유가 피해지원금|온누리","061)334-7780","105926978"
"나아GYM 나주혁신","빛가람동","전라남도 나주시 한빛로 262 스마트프라자 2층 204호","35.022025","126.793724","naver","종합스포츠센터","고유가 피해지원금|온누리","","118916126"
"닥터아이티엔 퍼플비","빛가람동","전남 나주시 빛가람동","35.022956","126.790791","dong","피부미용원","고유가 피해지원금|온누리","061)336-1142","91998865"
"티나헤어","빛가람동","전라남도 나주시 한빛로 262","35.022025","126.793724","naver","미용원","고유가 피해지원금","","99378216"
"프로골프연습장","빛가람동","전라남도 나주시 한빛로 262 스마트프라자 702, 703","35.022125","126.793699","naver","골프연습장","고유가 피해지원금|온누리","061)335-6611","116234506"
"포레스트 (forest)","빛가람동","전라남도 나주시 한빛로 262 스마트프라자 1층","35.022047","126.793997","naver","커피/음료전문점","고유가 피해지원금|온누리","","104910871"
"정이디자인","빛가람동","전라남도 나주시 그린로 379","35.02037","126.793765","naver","인쇄 및 광고","고유가 피해지원금","061)334-1440","81881368"
"신원음향","빛가람동","전라남도 나주시 그린로 379 포레루체오피스텔 1동 112호","35.020374","126.793829","naver","가전제품점","고유가 피해지원금","","109279444"
"지에스25 혁신루체점","빛가람동","전라남도 나주시 그린로 379 상가동 117호, 119호","35.020404","126.793971","naver","편의점","고유가 피해지원금|온누리","","108715401"
"골뱅이의 꿈","빛가람동","전라남도 나주시 빛가람로 730 진우타워","35.020719","126.791586","naver","한식","고유가 피해지원금","","114870934"
"포춘카페","빛가람동","전라남도 나주시 상야4길 10 137호","35.022858","126.793747","naver","커피/음료전문점","고유가 피해지원금|온누리","061)334-5055","117736691"
"유기농빵B-Story","빛가람동","전라남도 나주시 그린로 379 포레루체오피스텔 103호","35.020328","126.794026","naver","제과점/아이스크림점","고유가 피해지원금|온누리","061)333-5612","75301371"
"우듬지","빛가람동","전라남도 나주시 그린로 379 포레루체 오피스텔 208 호","35.020374","126.793829","naver","양식","고유가 피해지원금","","110126651"
"정이옥","빛가람동","전라남도 나주시 그린로 379 1층 102호 정이옥","35.020259","126.794031","naver","한식","고유가 피해지원금|온누리","","116955025"
"하라기획","빛가람동","전라남도 나주시 그린로 379 포레루체 빌딩 207호","35.020374","126.793829","naver","인쇄 및 광고","고유가 피해지원금","061)332-1210","97429680"
"삼대통닭","빛가람동","전남 나주시 빛가람동","35.022701","126.791468","dong","일반음식점 기타","고유가 피해지원금","","110352724"
"땡초푸드파이터","빛가람동","전남 나주시 빛가람동","35.019336","126.786159","dong","한식","고유가 피해지원금|온누리","","97661372"
"한빛당구클럽","빛가람동","전라남도 나주시 빛가람로 745","35.021528","126.793271","naver","당구장","고유가 피해지원금","061)337-8266","73153356"
"스타미디어","빛가람동","전라남도 나주시 빛가람로 745 3층 303호","35.021547","126.793293","naver","인쇄 및 광고","고유가 피해지원금","","116875076"
"자화만사성","빛가람동","전라남도 나주시 금천면 금영로 979 자화만사성","35.03477","126.753547","naver","기타 식품","고유가 피해지원금","","100825669"
"마이컬러팔레트(MY color PALETTE)","빛가람동","전라남도 나주시 빛가람로 745 sb빌딩 110호","35.021575","126.7933","naver","피부미용원","고유가 피해지원금|온누리","","104861952"
"한빛푸드","빛가람동","전남 나주시 빛가람동","35.021233","126.786285","dong","일반음식점 기타","고유가 피해지원금","061)332-2244","72856423"
"더 코지 블랭크(The Cozy Blank)","빛가람동","전라남도 나주시 그린로 369 105호 더 코지 블랭크","35.019495","126.794038","naver","일반음식점 기타","고유가 피해지원금|온누리","","100633990"
"전남동물의료센터","빛가람동","전라남도 나주시 빛가람로 746 S타워 101~102호","35.020949","126.79325","naver","동물병원","고유가 피해지원금","061)333-8575","112943462"
"몽쾨르","빛가람동","전라남도 나주시 빛가람로 746 105호","35.020966","126.793548","naver","화원","고유가 피해지원금|온누리","","120595235"
"아메리칸피자 나주혁신점","빛가람동","전라남도 나주시 빛가람로 746","35.020679","126.793191","naver","일반음식점 기타","고유가 피해지원금|온누리","","98812997"
"더 라인 골프스튜디오","빛가람동","전남 나주시 빛가람동","35.022785","126.787424","dong","골프연습장","고유가 피해지원금|온누리","061)820-7090","104091110"
"(주)애브리","빛가람동","전라남도 나주시 빛가람로 746 에스타워 3층 301-1호","35.020786","126.793329","naver","기타 신변잡화","고유가 피해지원금","070)7668-1200","121246604"
"중국전통아로마","빛가람동","전남 나주시 빛가람동","35.022285","126.792091","dong","피부미용원","고유가 피해지원금","070)7614-3579","113214362"
"쏘 스윗(so sweet)","빛가람동","전라남도 나주시 빛가람로 746 S타워 109호","35.020714","126.793532","naver","커피/음료전문점","고유가 피해지원금|온누리","","105464336"
"(주)드림약품","빛가람동","전남 나주시 빛가람동","35.017569","126.792001","dong","제약회사/의약품도매업체","고유가 피해지원금","062)528-8813","93592039"
"롱핌숏핌 핑퐁패밀리","빛가람동","전라남도 나주시 빛가람로 746 5층 505,506호","35.020786","126.793329","naver","레포츠클럽","고유가 피해지원금|온누리","061)000-1111","116943473"
"빛가람베이스볼아카데미,광주BC(U-18)","빛가람동","전남 나주시 빛가람동","35.017245","126.787271","dong","레포츠클럽","고유가 피해지원금","","108699961"
"아메리칸피자나주혁신점","빛가람동","전라남도 나주시 빛가람로 746","35.020679","126.793191","naver","패스트푸드점","고유가 피해지원금|온누리","061)337-8295","117779106"
"스터디코드학원","빛가람동","전라남도 나주시 빛가람로 746 S타워 305호","35.020786","126.793329","naver","문리계학원","고유가 피해지원금","","107548643"
"빛가람 실내테니스장","빛가람동","전라남도 나주시 빛가람로 746 S타워 702호","35.020786","126.793329","naver","테니스장","고유가 피해지원금","","105868054"
"낭만식탁","빛가람동","전라남도 나주시 빛가람로 746 107호","35.020786","126.793329","naver","일반음식점 기타","고유가 피해지원금|온누리","061)331-7008","109706303"
"베이커리 달로","빛가람동","전라남도 나주시 빛가람로 746 에스타워 108호 베이커리 달로","35.020778","126.79355","naver","제과점/아이스크림점","고유가 피해지원금|온누리","","119414307"
"아트리움","빛가람동","전라남도 나주시 빛가람로 746 3층 302호","35.020786","126.793329","naver","인쇄 및 광고","고유가 피해지원금","","120127248"
"카페토","빛가람동","전남 나주시 빛가람동","35.023261","126.788027","dong","기타 식품","고유가 피해지원금","","104377570"
"꾸브라꼬 숯불두마리치킨 나주혁신점","빛가람동","전라남도 나주시 빛가람동 빛가람로 746 1층 114호 (빛가람동, 에스타워)","35.020588","126.793263","naver","일반음식점 기타","고유가 피해지원금","","117072037"
"BOGOPOT","빛가람동","전라남도 나주시 빛가람로 746 104호","35.020946","126.793483","naver","문화/취미 기타","고유가 피해지원금|온누리","","105137302"
"라인컴즈 빛가람점","빛가람동","전라남도 나주시 문화로 204 하나로프라자 206호","35.016735","126.784447","naver","컴퓨터기기","고유가 피해지원금|온누리","","105365715"
"호호솥밥 나주점","빛가람동","전라남도 나주시 빛가람로 746 1층 106호","35.020866","126.793559","naver","한식","고유가 피해지원금","","119044388"
"더키움","빛가람동","전라남도 나주시 배멧2길 25 3층 301호","35.019913","126.793241","naver","스포츠용품점","고유가 피해지원금","061)337-5589","94499022"
"엔젤스테이션","빛가람동","전라남도 나주시 그린로 365 IS빌딩 102호","35.019132","126.794028","naver","일반음식점 기타","고유가 피해지원금|온누리","061)334-0226","74723908"
"노니다 주식회사(Nonida Inc.)","빛가람동","전남 나주시 빛가람동","35.019759","126.7931","dong","이벤트업","고유가 피해지원금","","106405883"
"텐퍼센트커피 나주빛가람점","빛가람동","전라남도 나주시 상야4길 10 108호","35.022489","126.79268","naver","커피/음료전문점","고유가 피해지원금|온누리","","121543043"
"열두달 봄","빛가람동","전라남도 나주시 상야4길 10 패션페이스 117호","35.022476","126.793249","naver","미용원","고유가 피해지원금|온누리","","104850041"
"샵인생뷰티","빛가람동","전라남도 나주시 상야4길 10 패션페이스 114호","35.022542","126.793189","naver","미용원","고유가 피해지원금","","102944125"
"만다린요가랩","빛가람동","전라남도 나주시 상야4길 10 패션페이스 314호","35.022709","126.793232","naver","요가","고유가 피해지원금|온누리","","103870473"
"그녀의 네일","빛가람동","전라남도 나주시 상야4길 10 패션페이스 209호","35.022709","126.793232","naver","피부미용원","고유가 피해지원금|온누리","","112529716"
"프렌즈스크린 나주혁신","빛가람동","전라남도 나주시 상야4길 10 221, 222, 223호","35.022709","126.793232","naver","골프연습장","고유가 피해지원금","","109341297"
"세이뷰티아카데미학원","빛가람동","전라남도 나주시 상야4길 10 패션페이스 2층 218호, 213호","35.022709","126.793232","naver","기술/사무/가정계학원","고유가 피해지원금|온누리","061)333-8006","106080271"
"후암동숯불닭갈비","빛가람동","전라남도 나주시 상야4길 10 패션페이스 107호","35.022619","126.792657","naver","한식","고유가 피해지원금|온누리","","99785689"
"강산에플라워","빛가람동","전라남도 나주시 상야4길 10 1층 132호","35.022734","126.793724","naver","화원","고유가 피해지원금","062)652-4542","94719567"
"버터","빛가람동","전라남도 나주시 상야4길 10 2층 206호 버터멜트","35.022532","126.792743","naver","미용원","고유가 피해지원금|온누리","061)930-3855","120510771"
"물고기카페","빛가람동","전남 나주시 빛가람동","35.023465","126.790809","dong","커피/음료전문점","고유가 피해지원금|온누리","061)930-5511","118807382"
"올뉴스포츠","빛가람동","전라남도 나주시 상야4길 10 패션페이스 2층 216호","35.022709","126.793232","naver","레저용품점","고유가 피해지원금","","86514707"
"엘보컬스튜디오학원","빛가람동","전라남도 나주시 상야4길 10 3층 308호","35.022709","126.793232","naver","예체능계학원","고유가 피해지원금","","109559037"
"뉴욕감자탕","빛가람동","전라남도 나주시 상야4길 10 패션페이스 124.125호","35.022709","126.793232","naver","기타 식품","고유가 피해지원금|온누리","061)333-1226","114339818"
"로즈메리 펫뷰티샵","빛가람동","전라남도 나주시 상야4길 10 패션페이스 1층122호","35.022479","126.793417","naver","반려동물 서비스/용품점","고유가 피해지원금|온누리","","109729595"
"포춘","빛가람동","전라남도 나주시 상야4길 10 137호","35.022858","126.793747","naver","커피/음료전문점","고유가 피해지원금|온누리","","113869780"
"J#네일","빛가람동","전라남도 나주시 상야4길 16-16 108호","35.023978","126.79339","naver","피부미용원","고유가 피해지원금|온누리","","85836104"
"더모눈","빛가람동","전라남도 나주시 상야4길 10 104호 더모눈","35.022705","126.792662","naver","미용재료","고유가 피해지원금|온누리","","118542071"
"디에이치 컴퓨터","빛가람동","전라남도 나주시 상야4길 10 패션페이스 202호","35.022709","126.793232","naver","컴퓨터기기","고유가 피해지원금","02)1899-6205","110621914"
"프렌즈스크린 혁신도시","빛가람동","전남 나주시 빛가람동","35.017234","126.786861","dong","레저용품점","고유가 피해지원금|온누리","","109341487"
"(주)가헌","빛가람동","전라남도 나주시 상야4길 10","35.022709","126.793232","naver","용역서비스업","고유가 피해지원금","061)331-4321","113644131"
"싸다아구찜and탕 나주점","빛가람동","전남 나주시 빛가람동","35.022359","126.786487","dong","일반음식점 기타","고유가 피해지원금|온누리","","106197063"
"퀼트숲","빛가람동","전라남도 나주시 상야4길 10 패션페이스 2층 217호","35.022709","126.793232","naver","수예점","고유가 피해지원금|온누리","062)654-1181","72972241"
"그루밍리본","빛가람동","전라남도 나주시 상야4길 10 1층 109호","35.022459","126.792742","naver","반려동물 서비스/용품점","고유가 피해지원금","","114439905"
"(유)한빛종합개발","빛가람동","전라남도 나주시 상야4길 10 201호","35.022709","126.793232","naver","용역서비스업","고유가 피해지원금","061)337-8266","102520575"
"군족","빛가람동","전라남도 나주시 상야4길 10 패션페이스 105호, 106호","35.022671","126.792662","naver","한식","고유가 피해지원금|온누리","061)333-8292","100360461"
"빛가람대게","빛가람동","전라남도 나주시 우정로 159","35.02615","126.796649","naver","일반음식점 기타","고유가 피해지원금","061)332-9908","85205360"
"스피드메이트 나주빛가람점","빛가람동","전라남도 나주시 우정로 161 스피드메이트 나주빛가람점","35.026211","126.796809","naver","차량 정비/부품/인테리어","고유가 피해지원금","061)331-9271","107767575"
"세븐일레븐 나주혁신KD타워점","빛가람동","전라남도 나주시 그린로 363 KD타워 103호","35.018981","126.794054","naver","편의점","고유가 피해지원금|온누리","02)3284-8168","73417374"
"집밥한식뷔페 2호점","빛가람동","전라남도 나주시 그린로 363 케이디빌딩104호 105호, 106호","35.0189","126.794025","naver","한식","고유가 피해지원금|온누리","","116538707"
"빛가람태국전통마사지","빛가람동","전라남도 나주시 그린로 363","35.018961","126.793903","naver","피부미용원","고유가 피해지원금","070)7614-3579","115940080"
"케이티브이노래연습장","빛가람동","전라남도 나주시 그린로 363 3층","35.018961","126.793903","naver","노래방","고유가 피해지원금","","97121877"
"주안이엔지(주)","빛가람동","전라남도 나주시 그린로 363","35.01896","126.793903","naver","기계류 건축설비","고유가 피해지원금","061)334-8228","97225940"
"젠틀맨노래연습장","빛가람동","전남 나주시 빛가람동","35.019422","126.793334","dong","노래방","고유가 피해지원금","","102716599"
"(주)다정산업개발","빛가람동","전남 나주시 빛가람동","35.023022","126.787003","dong","일반음식점 기타","고유가 피해지원금","062)514-8899","85666141"
"지안","빛가람동","전남 나주시 빛가람동","35.016077","126.789244","dong","피부미용원","고유가 피해지원금","","117515640"
"휴스파","빛가람동","전라남도 나주시 그린로 363 KD빌딩 3층","35.018961","126.793903","naver","화장품점","고유가 피해지원금","061)333-8859","120662644"
"돈맛탱","빛가람동","전남 나주시 빛가람동","35.019874","126.78554","dong","한식","고유가 피해지원금","","121380716"
"태일건설 주식회사","빛가람동","전남 나주시 빛가람동","35.017413","126.792454","dong","주택/건설","고유가 피해지원금","061)335-3313","112809966"
"피제이피자 나주혁신점","빛가람동","전라남도 나주시 그린로 363 1동 111호","35.018957","126.793752","naver","패스트푸드점","고유가 피해지원금|온누리","061)335-9777","115103742"
"(주)아이디에이치","빛가람동","전라남도 나주시 빛가람로 741 110호","35.02152","126.792987","naver","일반음식점 기타","고유가 피해지원금|온누리","","112016649"
"크크헤어샵","빛가람동","전라남도 나주시 빛가람로 741 102호","35.021405","126.793039","naver","미용원","고유가 피해지원금|온누리","061)333-8553","95440732"
"업툰","빛가람동","전라남도 나주시 빛가람로 741 2층 205호, 206호 업툰","35.02152","126.792987","naver","비디오 및 도서대여점","고유가 피해지원금|온누리","061)332-9998","79643617"
"더나인나주","빛가람동","전라남도 나주시 빛가람로 741 빛프라자 1층","35.02165","126.792878","naver","화장품점","고유가 피해지원금|온누리","","97990930"
"장군복어촌","빛가람동","전라남도 나주시 우정로 169","35.026542","126.797495","naver","한식","고유가 피해지원금","061)333-2800","26963267"
"수국가든","빛가람동","전라남도 나주시 상야4길 11 빛가람대양프라자주건축물 1동 1층 비103~104호","35.022187","126.792664","naver","한식","고유가 피해지원금|온누리","061)332-7363","115130319"
"나주우리밀칼국수","빛가람동","전라남도 나주시 상야4길 11 1층 A105호","35.022202","126.793256","naver","한식","고유가 피해지원금","070)4223-1918","90725631"
"샘하우스","빛가람동","전라남도 나주시 상야4길 21","35.022223","126.791896","naver","주방 및 가정용품점","고유가 피해지원금","061)930-5515","112049391"
"티엠주식회사","빛가람동","전남 나주시 빛가람동","35.016125","126.788383","dong","화장품점","고유가 피해지원금","061)930-5511","107965060"
"범범초밥","빛가람동","전라남도 나주시 상야4길 11 대양프라자 A동 106호","35.022133","126.793315","naver","일식/생선회집","고유가 피해지원금|온누리","061)333-3391","119417352"
"진차이나","빛가람동","전라남도 나주시 상야4길 11","35.022149","126.793144","naver","중식","고유가 피해지원금|온누리","061)332-8877","74538896"
"할매닭발유통","빛가람동","전남 나주시 빛가람동","35.016756","126.791889","dong","한식","고유가 피해지원금","070)7543-1539","120774312"
"웅이네 애견샵","빛가람동","전라남도 나주시 상야4길 11 대양프라자 A동107호 (우리밀칼국수 옆코너)","35.022056","126.793329","naver","반려동물 서비스/용품점","고유가 피해지원금","061)336-7474","90073519"
"커튼캐럴and","빛가람동","전남 나주시 빛가람동","35.017289","126.786452","dong","침구/커튼/카펫트점","고유가 피해지원금","061)333-0459","118817534"
"대박 등갈비","빛가람동","전라남도 나주시 상야4길 11 대양프라자 B동 117호","35.021882","126.792559","naver","한식","고유가 피해지원금|온누리","061)334-3510","101229651"
"편백군샤브양 나주본점","빛가람동","전남 나주시 빛가람동","35.022771","126.786508","dong","한식","고유가 피해지원금","061)332-3388","91229848"
"(주)라라라스포테인먼트","빛가람동","전남 나주시 빛가람동","35.015928","126.789779","dong","스포츠용품점","고유가 피해지원금","","96427331"
"동네술집","빛가람동","전라남도 나주시 상야4길 11 대양프라자 B동 113호","35.021859","126.792819","naver","일반주점","고유가 피해지원금|온누리","","118018231"
"배떡 나주혁신점","빛가람동","전라남도 나주시 상야1길 8 1층 112호","35.022004","126.78598","naver","휴게음식점","고유가 피해지원금","061)820-7113","121380591"
"농업회사법인(주)사랑드림","빛가람동","전남 나주시 빛가람동","35.01775","126.792899","dong","농.수.축산물점","고유가 피해지원금","061)930-5511","100046791"
"상구네솥뚜껑삼겹살(나주혁신점)","빛가람동","전라남도 나주시 상야4길 11 A동 2층 204호, 205호","35.022038","126.79316","naver","한식","고유가 피해지원금|온누리","061)337-5294","74824102"
"빛가람 꼬마김밥","빛가람동","전라남도 나주시 교육길 13 F동 109호","35.019641","126.779522","naver","휴게음식점","고유가 피해지원금|온누리","061)111-0000","118502021"
"안다로미 커피랩","빛가람동","전남 나주시 빛가람동","35.021354","126.793354","dong","커피/음료전문점","고유가 피해지원금|온누리","","120583683"
"티에스푸드","빛가람동","전라남도 나주시 상야4길 11","35.022038","126.79316","naver","한식","고유가 피해지원금|온누리","02)1577-0000","102673374"
"아쿠아네이쳐 주식회사 (Aqua  Nature)","빛가람동","전남 나주시 빛가람동","35.016228","126.791177","dong","수족관","고유가 피해지원금","061)930-5511","120918514"
"빛가람제일장어","빛가람동","전라남도 나주시 상야4길 11","35.022088","126.792591","naver","일반음식점 기타","고유가 피해지원금","061)334-6006","74456683"
"나주혁신문고(문화비)","빛가람동","전라남도 나주시 상야4길 16-10","35.023075","126.792655","naver","서점","고유가 피해지원금|온누리","","120616681"
"(주)몬도","빛가람동","전남 나주시 빛가람동","35.019049","126.793515","dong","인쇄 및 광고","고유가 피해지원금","","116978023"
"더키움 주식회사","빛가람동","전남 나주시 빛가람동","35.023419","126.787122","dong","스포츠용품점","고유가 피해지원금","","108777271"
"나주혁신문고","빛가람동","전라남도 나주시 상야4길 16-10","35.023075","126.792655","naver","문방구점","고유가 피해지원금|온누리","061)332-8960","120856780"
"봄날스킨케어","빛가람동","전라남도 나주시 상야4길 16-10 1층 105호","35.023211","126.79266","naver","피부미용원","고유가 피해지원금","061)335-7747","86315730"
"소담.찬","빛가람동","전라남도 나주시 상야4길 16-10 드림페이스 106호","35.023151","126.792666","naver","기타 식품","고유가 피해지원금|온누리","061)335-9772","101162198"
"박민수탁구클럽","빛가람동","전라남도 나주시 상야4길 16-10 4층","35.023278","126.793201","naver","레포츠클럽","고유가 피해지원금|온누리","061)930-9305","91699051"
"(주)가나안드림","빛가람동","전남 나주시 빛가람동","35.024179","126.789329","dong","인쇄 및 광고","고유가 피해지원금","","108009681"
"김영미줌바피트니스","빛가람동","전라남도 나주시 상야4길 16-10","35.02351","126.7935","naver","종합스포츠센터","고유가 피해지원금","061)332-4861","108925156"
"티즌","빛가람동","전라남도 나주시 산포면 세남로 1508 3층 2-27","35.022682","126.83174","naver","기타 식품","고유가 피해지원금","","101646245"
"(유)스페이스코웍나주지사","빛가람동","전라남도 나주시 배멧2길 25","35.019913","126.793241","naver","시설대여업","고유가 피해지원금","061)332-0304","82186239"
"나랑하","빛가람동","전라남도 나주시 상야4길 16-10 1동 1층 104호","35.023324","126.792666","naver","커피/음료전문점","고유가 피해지원금|온누리","","111255520"
"(주)킴스테크","빛가람동","전남 나주시 빛가람동","35.023631","126.791618","dong","기계류 건축설비","고유가 피해지원금","061)337-3158","114671951"
"한스골프스튜디오(HANS GOLF STUDIO)","빛가람동","전라남도 나주시 상야4길 16-10 306호","35.023303","126.793197","naver","골프연습장","고유가 피해지원금|온누리","","121079667"
"나주혁신문고","빛가람동","전라남도 나주시 상야4길 16-10","35.023075","126.792655","naver","서점","고유가 피해지원금|온누리","","120616675"
"유랩","빛가람동","전남 나주시 빛가람동","35.023927","126.78788","dong","과학기자재점","고유가 피해지원금","070)8691-4138","106613939"
"나주혁신문고(문화비소득공제용)","빛가람동","전라남도 나주시 상야4길 16-10","35.023075","126.792655","naver","서점","고유가 피해지원금|온누리","061)332-8960","120964466"
"뉴스텀","빛가람동","전라남도 나주시 문화로 204 하나로프라자 117호","35.016697","126.784561","naver","기성복점","고유가 피해지원금|온누리","","94879791"
"빛가람 사진관","빛가람동","전라남도 나주시 상야4길 16-10 2층 205호","35.023214","126.792896","naver","사진관","고유가 피해지원금|온누리","061)930-2771","91324870"
"빨간토마토피자(나주혁신점)","빛가람동","전라남도 나주시 상야4길 16-10 110호","35.023303","126.793197","naver","패스트푸드점","고유가 피해지원금","061)333-3706","107497110"
"휴먼기술","빛가람동","전남 나주시 빛가람동","35.024199","126.790248","dong","인쇄 및 광고","고유가 피해지원금","061)371-4004","78540758"
"스위밍차일드(나주혁신점)","빛가람동","전라남도 나주시 상야4길 16-10 1층 144호 스위밍차일드","35.023303","126.793197","naver","수영장","고유가 피해지원금|온누리","061)333-3348","86533598"
"수 레드문","빛가람동","전남 나주시 빛가람동","35.019583","126.793748","dong","피부미용원","고유가 피해지원금","061)333-0011","118169099"
"국민털잡이 슈가링 왁싱 나주점","빛가람동","전라남도 나주시 그린로 361 그랜드타워 5층 502호","35.018687","126.793897","naver","피부미용원","고유가 피해지원금","","88420144"
"행복한 밥상","빛가람동","전라남도 나주시 그린로 361","35.018703","126.793759","naver","한식","고유가 피해지원금|온누리","","99749043"
"대화코스메틱","빛가람동","전남 나주시 빛가람동","35.02315","126.79241","dong","화장품점","고유가 피해지원금","070)8866-5002","9788415"
"진참치","빛가람동","전라남도 나주시 그린로 361 107, 108호(빛가람동, 그랜드타워)","35.018608","126.793762","naver","일식/생선회집","고유가 피해지원금","070)7614-3579","100028963"
"여수바다장어","빛가람동","전라남도 나주시 배멧2길 17","35.019471","126.793182","naver","한식","고유가 피해지원금","061)337-8892","100452757"
"이상 나주혁신점","빛가람동","전라남도 나주시 배멧2길 17 1층","35.019456","126.793487","naver","일반음식점 기타","고유가 피해지원금","061)337-8822","86992115"
"(주)성산약품","빛가람동","전라남도 나주시 배멧2길 17","35.019354","126.79335","naver","제약회사/의약품도매업체","고유가 피해지원금","061)337-9877","119495951"
"도토리","빛가람동","전라남도 나주시 배멧2길 17","35.019478","126.793281","naver","한식","고유가 피해지원금","","116808632"
"나나뷰티","빛가람동","전라남도 나주시 빛가람로 740 한빛타워 6층 603-2호","35.020848","126.792741","naver","피부미용원","고유가 피해지원금","","120263555"
"이룸뷰티","빛가람동","전라남도 나주시 빛가람로 740 1층 110호 이룸뷰티","35.020995","126.792709","naver","피부미용원","고유가 피해지원금|온누리","","115862261"
"사라약국","빛가람동","전라남도 나주시 빛가람로 740","35.020992","126.792822","naver","약국","고유가 피해지원금|온누리","061)337-3920","89551444"
"파이널나인 나주혁신점","빛가람동","전라남도 나주시 빛가람로 740 주1동 2층 205호","35.020848","126.792741","naver","일반주점","고유가 피해지원금","","120781472"
"나주혁신유소년축구단","빛가람동","전라남도 나주시 빛가람로 740 802호","35.020848","126.792741","naver","레포츠클럽","고유가 피해지원금","","119078929"
"손복싱","빛가람동","전라남도 나주시 빛가람로 740 한빛타워 801호 손복싱","35.020848","126.792741","naver","예체능계학원","고유가 피해지원금","","104461282"
"무지개맥주 나주혁신점","빛가람동","전남 나주시 빛가람동","35.015704","126.788497","dong","한식","고유가 피해지원금|온누리","","114816640"
"스마트 인테리어","빛가람동","전라남도 나주시 빛가람로 740","35.020959","126.792555","naver","주택/건설","고유가 피해지원금","061)333-1582","104967235"
"제타 줌바(Zeta Zumba)","빛가람동","전라남도 나주시 빛가람로 740 한빛타워 6층 601호(마리엠산부인과건물)","35.020848","126.792741","naver","레포츠클럽","고유가 피해지원금","061)332-2244","109531094"
"(주)호호컴퍼니","빛가람동","전라남도 나주시 상야4길 22 205호, 206호(빛가람동,대양스퀘어)","35.022672","126.791734","naver","소프트웨어업","고유가 피해지원금","061)331-3116","103814681"
"나주퍼스트짐","빛가람동","전라남도 나주시 중야2길 10 2층 203호 퍼스트짐","35.01589","126.78459","naver","레포츠클럽","고유가 피해지원금|온누리","","96468311"
"뷰티라인의원","빛가람동","전라남도 나주시 빛가람로 740 한빛타워 7층","35.020754","126.792686","naver","일반.치과.한의원","고유가 피해지원금","061)930-3051","83934830"
"멍캐슬","빛가람동","전라남도 나주시 빛가람로 740 한빛타워 4층 403호 404호 멍캐슬 나주점","35.020848","126.792741","naver","커피/음료전문점","고유가 피해지원금","061)930-7347","113088711"
"아이앤씨솔루션","빛가람동","전남 나주시 빛가람동","35.022858","126.786084","dong","문방구점","고유가 피해지원금","","115273726"
"세차공간","빛가람동","전라남도 나주시 빛가람로 739 트윈스2 107호 세차공간","35.021669","126.792604","naver","세차장","고유가 피해지원금|온누리","","107253439"
"골든도어(GOLDEN DOOR)","빛가람동","전라남도 나주시 산포면 매성길 152-82 107호","35.027246","126.799318","naver","세차장","고유가 피해지원금","","85970821"
"평온 뷰티 스튜디오","빛가람동","전라남도 나주시 빛가람로 740 5층 503-2호","35.020848","126.792741","naver","피부미용원","고유가 피해지원금","","122127844"
"마리엠산부인과의원","빛가람동","전라남도 나주시 빛가람로 740 한빛타워 7층","35.021","126.792539","naver","일반.치과.한의원","고유가 피해지원금","061)930-7677","87720274"
"깨비분식집","빛가람동","전라남도 나주시 빛가람동 그린로 357","35.01836","126.793747","naver","일반음식점 기타","고유가 피해지원금","061)336-4303","107489981"
"나주커피","빛가람동","전라남도 나주시 그린로 357 110호, 111호","35.018517","126.793753","naver","커피/음료전문점","고유가 피해지원금|온누리","","115940672"
"돌담","빛가람동","전라남도 나주시 그린로 357 스카이랜드 104호, 105호","35.018348","126.794038","naver","한식","고유가 피해지원금|온누리","062)351-0892","62758870"
"다경푸드","빛가람동","전남 나주시 빛가람동","35.02154","126.785257","dong","일반음식점 기타","고유가 피해지원금","061)930-4629","106510740"
"제이에스(JS)마켓","빛가람동","전남 나주시 빛가람동","35.015993","126.791536","dong","주방기구점","고유가 피해지원금","070)7576-4954","121312956"
"만선식당","빛가람동","전라남도 나주시 우정로 106","35.023388","126.791787","naver","일반주점","고유가 피해지원금","061)334-2019","88496401"
"킹덤 파크골프","빛가람동","전남 나주시 빛가람동","35.017577","126.78566","dong","레저용품점","고유가 피해지원금","","118722936"
"베라코리아인터내셔널","빛가람동","전남 나주시 빛가람동","35.019192","126.793918","dong","기타 식품","고유가 피해지원금","","115089805"
"춘자네소금구이 나주혁신점","빛가람동","전라남도 나주시 배멧2길 39 115호, 116호","35.020229","126.792533","naver","한식","고유가 피해지원금|온누리","061)930-3202","102095507"
"1950할매집밥나주혁신점","빛가람동","전남 나주시 빛가람동","35.015478","126.789065","dong","한식","고유가 피해지원금|온누리","070)8801-1950","93943419"
"종착역나주혁신도시점","빛가람동","전라남도 나주시 배멧2길 39 1층 119~120호","35.020398","126.792546","naver","한식","고유가 피해지원금|온누리","","112929511"
"(주)롤러존","빛가람동","전라남도 나주시 배멧2길 39","35.020284","126.792766","naver","기타 레저업소","고유가 피해지원금","061)335-0033","96260880"
"웅이네식탁","빛가람동","전남 나주시 빛가람동","35.016909","126.792819","dong","한식","고유가 피해지원금","061)903-4599","110492650"
"미미푸드","빛가람동","전남 나주시 빛가람동","35.024527","126.789085","dong","휴게음식점","고유가 피해지원금","","118616729"
"처갓집양념치킨 나주혁신점","빛가람동","전라남도 나주시 배멧2길 39 로데오 빌딩 101호 처갓집 양념치킨(나주혁신점)","35.02038","126.793097","naver","일반음식점 기타","고유가 피해지원금|온누리","061)336-9281","107146810"
"혼밥일번지","빛가람동","전남 나주시 빛가람동","35.020774","126.793971","dong","한식","고유가 피해지원금","","116143428"
"바른보쌈1990","빛가람동","전라남도 나주시 배멧2길 39 121호(빛가람동)","35.020473","126.792532","naver","한식","고유가 피해지원금","061)930-3477","105701060"
"빛가람 실용음악학원","빛가람동","전라남도 나주시 배멧2길 39","35.020421","126.792661","naver","예체능계학원","고유가 피해지원금","061)333-4778","96635520"
"일미리금계찜닭 빛가람점","빛가람동","전라남도 나주시 배멧2길 39","35.020314","126.792523","naver","일반음식점 기타","고유가 피해지원금","061)333-2783","103703101"
"세븐","빛가람동","전라남도 나주시 석전1길 17 1층","35.025638","126.778406","naver","화장품점","고유가 피해지원금","","109039409"
"자작나무","빛가람동","전라남도 나주시 배멧2길 39 113,114호 (1층 자작나무)","35.020158","126.792524","naver","한식","고유가 피해지원금|온누리","061)335-2772","104431101"
"송원한방갈비","빛가람동","전라남도 나주시 그린로 355","35.018227","126.793771","naver","한식","고유가 피해지원금","061)336-6559","93034607"
"(주)전남소방","빛가람동","전라남도 나주시 그린로 355","35.018138","126.793877","naver","기타 건축자재","고유가 피해지원금","061)332-0119","96927966"
"아주타워스크린골프","빛가람동","전라남도 나주시 그린로 355 5층 아주타워스크린골프","35.018145","126.793884","naver","골프연습장","고유가 피해지원금","061)335-0505","109932511"
"신토불이","빛가람동","전남 나주시 빛가람동","35.020992","126.784959","dong","한식","고유가 피해지원금","061)333-3233","94944302"
"j당구클럽","빛가람동","전라남도 나주시 그린로 355 아주타워 5층","35.018173","126.793948","naver","당구장","고유가 피해지원금","061)337-0979","75120082"
"밥먹고갈래","빛가람동","전라남도 나주시 그린로 355 아주타워 107호","35.018048","126.794033","naver","한식","고유가 피해지원금|온누리","","119425275"
"이마트24 나주듀플렉스점","빛가람동","전라남도 나주시 배멧2길 13 111호","35.018791","126.793263","naver","편의점","고유가 피해지원금","","104620146"
"빽다방 나주듀플렉스호텔점","빛가람동","전라남도 나주시 배멧2길 13","35.018805","126.793484","naver","커피/음료전문점","고유가 피해지원금","061)332-4502","104335415"
"청담","빛가람동","전라남도 나주시 배멧2길 13 123호","35.018634","126.793467","naver","일식/생선회집","고유가 피해지원금|온누리","","117237371"
"점핑고플러스주식회사","빛가람동","전남 나주시 빛가람동","35.015333","126.789676","dong","스포츠용품점","고유가 피해지원금|온누리","061)336-6924","87076758"
"사회적협동조합 빛누리","빛가람동","전라남도 나주시 상야4길 16-16 2층 214호","35.023901","126.79307","naver","인쇄 및 광고","고유가 피해지원금|온누리","061)820-7230","114354498"
"티씨씨(TCC)식당","빛가람동","전남 나주시 빛가람동","35.019377","126.78484","dong","한식","고유가 피해지원금","061)331-5300","108804099"
"지에스25 나주cgv점","빛가람동","전라남도 나주시 빛가람동 상야4길 16-16 상가 101호, 119호 (빛가람동 203-3)","35.023901","126.79307","naver","편의점","고유가 피해지원금|온누리","","115395322"
"에그폭탄덮밥","빛가람동","전남 나주시 빛가람동","35.024562","126.788455","dong","한식","고유가 피해지원금","","109068458"
"싱싱수경샐러드","빛가람동","전남 나주시 빛가람동","35.015925","126.78713","dong","기타 식품","고유가 피해지원금","061)332-2244","121859257"
"벌크커피숍","빛가람동","전라남도 나주시 배멧1길 10 110호","35.018019","126.793319","naver","커피/음료전문점","고유가 피해지원금","061)332-9461","115027848"
"한돈명가.곤지암 할매 소머리국밥","빛가람동","전라남도 나주시 상야4길 16-16 T.C.C복합타워 144, 145호","35.024089","126.793366","naver","한식","고유가 피해지원금|온누리","061)336-9298","108258511"
"티씨씨(TCC)양궁장","빛가람동","전라남도 나주시 상야4길 16-16 406호","35.023917","126.793042","naver","기타 레저업소","고유가 피해지원금|온누리","061)332-9466","97793552"
"세인트학생복","빛가람동","전라남도 나주시 상야4길 16-16 3층 316호","35.023901","126.79307","naver","기성복점","고유가 피해지원금|온누리","061)523-3603","102384911"
"청년피자 나주빛가람점","빛가람동","전라남도 나주시 상야4길 16-16 TCC복합타워 1층 112호","35.024203","126.793015","naver","양식","고유가 피해지원금|온누리","061)333-1890","109294826"
"소유미용실","빛가람동","전라남도 나주시 빛가람로 809 1층 107호","35.021498","126.800404","naver","미용원","고유가 피해지원금","061)332-4412","83134721"
"나주점핑and체온다이어트","빛가람동","전남 나주시 빛가람동","35.023976","126.786922","dong","건강식품점","고유가 피해지원금|온누리","061)332-2224","113579584"
"빛가람 블럭놀이터","빛가람동","전라남도 나주시 상야4길 16-16 3층 313호","35.023901","126.79307","naver","완구점","고유가 피해지원금","070)8691-3575","103321606"
"도트(dotto)","빛가람동","전라남도 나주시 우정로 56 A동 107호","35.023755","126.78559","naver","내의판매점","고유가 피해지원금|온누리","","120645581"
"티씨씨 볼링장","빛가람동","전남 나주시 빛가람동","35.020393","126.784739","dong","볼링장","고유가 피해지원금|온누리","061)331-5300","103697617"
"네일디프(NailDiff)","빛가람동","전남 나주시 빛가람동","35.01649","126.792694","dong","피부미용원","고유가 피해지원금|온누리","","120690019"
"(주)더윤","빛가람동","전남 나주시 빛가람동","35.024752","126.78946","dong","일반가구점","고유가 피해지원금","061)333-8249","101035689"
"맑은내","빛가람동","전라남도 나주시 상야4길 16-16 3층 318호","35.023901","126.79307","naver","건강식품점","고유가 피해지원금","","121778245"
"킴찌네일(Kimzzinail)","빛가람동","전라남도 나주시 상야4길 16-16 Tcc타워(cgv나주점)1층107호","35.023901","126.79307","naver","피부미용원","고유가 피해지원금|온누리","061)331-4104","107640066"
"엘리트학생복","빛가람동","전라남도 나주시 상야4길 16-16","35.024144","126.792879","naver","기성복점","고유가 피해지원금","061)333-3128","108459919"
"송쿡이네","빛가람동","전라남도 나주시 상야4길 16-16 1층 116호 송쿡이네","35.024235","126.793098","naver","한식","고유가 피해지원금","","115736112"
"요거트 아이스크림의 정석 나주혁신점","빛가람동","전라남도 나주시 상야4길 22 124호","35.02249","126.791514","naver","제과점/아이스크림점","고유가 피해지원금","","109830990"
"한울기획","빛가람동","전남 나주시 빛가람동","35.018732","126.784841","dong","인쇄 및 광고","고유가 피해지원금","061)332-2244","114992651"
"더담은참치","빛가람동","전라남도 나주시 상야4길 16-16 143호","35.023901","126.79307","naver","일식/생선회집","고유가 피해지원금|온누리","061)333-1125","98874171"
"지디알(GDR)골프존아카데미 나주혁신점","빛가람동","전남 나주시 빛가람동","35.024503","126.787811","dong","골프연습장","고유가 피해지원금","","106268533"
"제이씨푸드","빛가람동","전남 나주시 빛가람동","35.015533","126.787646","dong","한식","고유가 피해지원금","","121152983"
"에이피코믹스","빛가람동","전남 나주시 빛가람동","35.022044","126.793834","dong","예체능계학원","고유가 피해지원금|온누리","","96580183"
"호연담","빛가람동","전남 나주시 빛가람동","35.021422","126.784862","dong","악세사리점","고유가 피해지원금","","121509565"
"(주)볼링300","빛가람동","전라남도 나주시 빛가람로 838 지하1층 비트볼링장","35.021316","126.803396","naver","볼링장","고유가 피해지원금","061)331-5300","97838989"
"숲칼프","빛가람동","전라남도 나주시 상야4길 16-16 1층 105호 숲칼프 나주혁신점","35.02406","126.792689","naver","화장품점","고유가 피해지원금|온누리","","109834071"
"브라운스","빛가람동","전라남도 나주시 상야4길 16-16","35.023827","126.792674","naver","기성복점","고유가 피해지원금","061)333-7467","107022805"
"육대장 나주혁신점","빛가람동","전남 나주시 빛가람동","35.019378","126.794284","dong","한식","고유가 피해지원금|온누리","061)332-2244","121703720"
"태평춘","빛가람동","전라남도 나주시 상야4길 16-16 413호","35.023901","126.79307","naver","중식","고유가 피해지원금","061)335-7800","104747488"
"제주쾅쾅돈가스 나주혁신점","빛가람동","전라남도 나주시 상야2길 16 토담휴로스1차 1동 108호","35.022185","126.787892","naver","양식","고유가 피해지원금|온누리","061)930-6478","113526320"
"대한경제 호남","빛가람동","전남 나주시 빛가람동","35.023448","126.792897","dong","문화/취미 기타","고유가 피해지원금","","122176691"
"베리홈","빛가람동","전남 나주시 빛가람동","35.019752","126.784604","dong","완구점","고유가 피해지원금","","117412451"
"미소야","빛가람동","전라남도 나주시 상야4길 16-16 TCC타워 1층","35.023901","126.79307","naver","일식/생선회집","고유가 피해지원금|온누리","061)332-4531","108107762"
"나주 사무용가구 시디즈 나주점","빛가람동","전남 나주시 빛가람동","35.02483","126.788808","dong","일반가구점","고유가 피해지원금","061)333-8249","64261604"
"키키즈(kikiz)","빛가람동","전라남도 나주시 빛가람로 737 4층 403호","35.021529","126.792374","naver","유아전문 교육기관/놀이시설","고유가 피해지원금","","110572680"
"에스케이동부혁신점","빛가람동","전남 나주시 빛가람동","35.021076","126.794247","dong","정보통신기기","고유가 피해지원금","061)336-3010","79441554"
"키키즈 더 테라스","빛가람동","전라남도 나주시 빛가람로 737 4층 403호","35.021529","126.792374","naver","시설대여업","고유가 피해지원금|온누리","","121142709"
"(주)이룸스토리","빛가람동","전남 나주시 빛가람동","35.015316","126.790976","dong","기타 건축자재","고유가 피해지원금","061)335-8030","114604390"
"그랜드호텔","빛가람동","전라남도 나주시 배멧2길 19","35.019195","126.793037","naver","기타숙박업","고유가 피해지원금","061)333-1122","110239520"
"유한회사 화인실업","빛가람동","전남 나주시 빛가람동","35.018078","126.784938","dong","주차장","고유가 피해지원금","","105305095"
"불스커피 나주혁신점","빛가람동","전남 나주시 빛가람동","35.018333","126.794111","dong","커피/음료전문점","고유가 피해지원금","061)820-8008","122405035"
"샤브사랑","빛가람동","전라남도 나주시 그린로 351 아주드림타워 4층","35.017894","126.793897","naver","한식","고유가 피해지원금|온누리","061)336-5116","91188864"
"나주 아이폰수리 폰수리","빛가람동","전라남도 나주시 그린로 351 아주드림타워 1층 102호 폰수리","35.017918","126.794062","naver","컴퓨터 및 통신기기수리","고유가 피해지원금|온누리","","102888628"
"보배전집","빛가람동","전라남도 나주시 그린로 351 111, 112호","35.017941","126.793768","naver","한식","고유가 피해지원금|온누리","061)333-8867","111536428"
"마루","빛가람동","전라남도 나주시 상야1길 7 예가람타워 209, 210호","35.022659","126.785852","naver","한식","고유가 피해지원금","","90779756"
"빛가람컴퓨터학원","빛가람동","전라남도 나주시 그린로 351 아주드림타워 203","35.017894","126.793897","naver","기술/사무/가정계학원","고유가 피해지원금","061)333-0064","96326399"
"레드스탬프","빛가람동","전라남도 나주시 상야4길 10","35.022709","126.793232","naver","열쇠/도장","고유가 피해지원금","061)5718-9934","94837764"
"포시즌마트 빛가람희망로또","빛가람동","전라남도 나주시 그린로 351 아주드림타워 110호","35.017847","126.793818","naver","슈퍼마켓","고유가 피해지원금","070)4103-0176","86123220"
"떡볶당","빛가람동","전라남도 나주시 그린로 351 아주드림타워 101호","35.017965","126.794036","naver","휴게음식점","고유가 피해지원금","061)333-7181","107717471"
"깐새","빛가람동","전라남도 나주시 그린로 351","35.017818","126.793949","naver","일반음식점 기타","고유가 피해지원금","02)1577-0000","104957146"
"계동치킨","빛가람동","전라남도 나주시 그린로 351","35.017851","126.793988","naver","일반음식점 기타","고유가 피해지원금","061)337-8298","81371812"
"빛가람 제과제빵요리학원","빛가람동","전라남도 나주시 그린로 351","35.017894","126.793897","naver","기술/사무/가정계학원","고유가 피해지원금","02)1577-0000","105021573"
"삼김시대","빛가람동","전라남도 나주시 배멧1길 26-2","35.019433","126.792711","naver","한식","고유가 피해지원금","061)355-7888","96337499"
"아지트(계절음식)","빛가람동","전라남도 나주시 빛가람로 736","35.020879","126.792204","naver","한식","고유가 피해지원금|온누리","061)337-8900","116194867"
"도화","빛가람동","전라남도 나주시 빛가람로 736 101호102호","35.020774","126.792231","naver","한식","고유가 피해지원금","","115117231"
"공작 공방","빛가람동","전라남도 나주시 빛가람로 736 센트럴빌딩 1층 110호","35.020974","126.792209","naver","민예.공예.토산품","고유가 피해지원금|온누리","061)332-2353","91458633"
"메가MGC커피 나주혁신도시점","빛가람동","전라남도 나주시 상야4길 21","35.021927","126.791814","naver","커피/음료전문점","고유가 피해지원금","061)930-0009","107896993"
"칠구빵빵체인본부","빛가람동","전남 나주시 빛가람동","35.021871","126.784816","dong","일반음식점 기타","고유가 피해지원금|온누리","061)332-6700","115223638"
"동산동물병원","빛가람동","전라남도 나주시 상야4길 21 존프라자117호","35.022115","126.792307","naver","동물병원","고유가 피해지원금","061)335-9909","110173048"
"못난셰프","빛가람동","전라남도 나주시 상야4길 21 1층 못난셰프","35.021915","126.792051","naver","일반음식점 기타","고유가 피해지원금|온누리","061)333-5971","74859597"
"스타골프존","빛가람동","전라남도 나주시 상야4길 21 2층 스타골프존","35.022104","126.792025","naver","골프연습장","고유가 피해지원금|온누리","061)335-3100","85345888"
"아쥬레","빛가람동","전남 나주시 빛가람동","35.018942","126.794407","dong","기성복점","고유가 피해지원금","","106332000"
"천지양꼬치 마라탕","빛가람동","전남 나주시 빛가람동","35.024099","126.786537","dong","중식","고유가 피해지원금|온누리","061)336-2747","115825456"
"삼거리 식당","빛가람동","전라남도 나주시 상야4길 21 존프라자120호","35.022171","126.792325","naver","일반음식점 기타","고유가 피해지원금|온누리","061)333-0392","86708941"
"미녀불닭발포차","빛가람동","전라남도 나주시 상야4길 21","35.022054","126.792098","naver","한식","고유가 피해지원금","061)331-8258","115974581"
"길봉식당 나주혁신점","빛가람동","전라남도 나주시 상야4길 21 1층 길봉식당","35.022175","126.792407","naver","한식","고유가 피해지원금|온누리","061)332-3092","90146735"
"몽실이비어","빛가람동","전라남도 나주시 상야4길 21 몽실이비어","35.022203","126.792001","naver","한식","고유가 피해지원금|온누리","061)336-3624","83369740"
"예가양꼬치","빛가람동","전라남도 나주시 상야4길 21","35.022044","126.791749","naver","일반음식점 기타","고유가 피해지원금|온누리","061)335-3322","86038980"
"화로담","빛가람동","전라남도 나주시 배멧1길 30-2","35.019821","126.792362","naver","한식","고유가 피해지원금|온누리","061)336-9295","93163962"
"전주식가맥","빛가람동","전라남도 나주시 배멧1길 30-2 111, 112호","35.019881","126.792292","naver","한식","고유가 피해지원금|온누리","070)7614-3579","119457034"
"본","빛가람동","전라남도 나주시 배멧2길 43 1층 101, 102호","35.020126","126.791859","naver","피부미용원","고유가 피해지원금","061)334-8885","107147821"
"본 중국정통마사지","빛가람동","전라남도 나주시 배멧1길 30-2 에코타워 406호, 407호","35.019821","126.792373","naver","피부미용원","고유가 피해지원금","061)334-8885","116367939"
"스테이(STAY)","빛가람동","전라남도 나주시 중야2길 6 5층 (레이크휴빌딩)","35.015633","126.784704","naver","커피/음료전문점","고유가 피해지원금","","107164654"
"육회공작소 나주혁신점","빛가람동","전남 나주시 빛가람동","35.0184","126.784614","dong","한식","고유가 피해지원금","061)337-8555","79088904"
"주식회사 을지본가","빛가람동","전남 나주시 빛가람동","35.017877","126.794132","dong","일반음식점 기타","고유가 피해지원금","","120303684"
"배멧당구장","빛가람동","전라남도 나주시 배멧1길 10 302호, 303호","35.018135","126.793358","naver","당구장","고유가 피해지원금|온누리","","114839504"
"썬데이키즈","빛가람동","전라남도 나주시 배멧1길 10 607호","35.018135","126.793358","naver","유아전문 교육기관/놀이시설","고유가 피해지원금|온누리","061)331-7770","102603626"
"영암한우","빛가람동","전라남도 나주시 배멧1길 10 108,109호","35.018017","126.793408","naver","한식","고유가 피해지원금|온누리","","115149710"
"더 하이난","빛가람동","전라남도 나주시 배멧1길 10 4층 더하이난","35.018168","126.793299","naver","중식","고유가 피해지원금|온누리","061)334-6666","117520425"
"나주시평생교육원 주식회사","빛가람동","전남 나주시 빛가람동","35.015683","126.792286","dong","문화센터","고유가 피해지원금","061)333-4161","121701167"
"요리박스","빛가람동","전남 나주시 빛가람동","35.02507","126.790307","dong","시설대여업","고유가 피해지원금","","121728400"
"영암한우","빛가람동","전라남도 나주시 배멧1길 10 108,109호","35.018017","126.793408","naver","정육점","고유가 피해지원금","","115196431"
"벌크커피 나주혁신중앙점","빛가람동","전라남도 나주시 배멧1길 10 110호","35.018019","126.793319","naver","커피/음료전문점","고유가 피해지원금|온누리","061)334-0100","119094840"
"요리신","빛가람동","전라남도 나주시 배멧1길 10","35.018135","126.793358","naver","일반음식점 기타","고유가 피해지원금","070)7584-3980","77401564"
"웅스타쪽갈비 나주혁신점","빛가람동","전라남도 나주시 배멧1길 10 114호, 115호","35.018088","126.793211","naver","한식","고유가 피해지원금|온누리","061)930-0473","121277986"
"건강한","빛가람동","전라남도 나주시 상야2길 7 증흥s클래스 메가티움 1차 104호 일부 (빛가람동)","35.022937","126.788855","naver","피부미용원","고유가 피해지원금","070)7614-3579","104559081"
"주안상","빛가람동","전라남도 나주시 배멧1길 10","35.018135","126.793358","naver","한식","고유가 피해지원금|온누리","","121365023"
"차도리네","빛가람동","전라남도 나주시 배멧1길 10","35.01808","126.793279","naver","한식","고유가 피해지원금|온누리","061)334-9922","83344530"
"The하이난","빛가람동","전라남도 나주시 배멧1길 10 4층 더하이난","35.018168","126.793299","naver","중식","고유가 피해지원금","061)334-6666","75118075"
"영삼이네 우정소갈비 나주혁신도시점","빛가람동","전남 나주시 빛가람동","35.015569","126.786736","dong","한식","고유가 피해지원금|온누리","061)331-1103","113118618"
"차다림","빛가람동","전라남도 나주시 배멧1길 10 2층 205호","35.017977","126.793441","naver","휴게음식점","고유가 피해지원금","061)333-7300","115803607"
"마이리틀 젭스영어","빛가람동","전라남도 나주시 중야1길 42 103동","35.015225","126.780745","naver","문리계학원","고유가 피해지원금","","112419841"
"한우리독서토론논술교습소 루멘하임","빛가람동","전라남도 나주시 그린로 330 202호","35.016149","126.795382","naver","문리계학원","고유가 피해지원금","","117976801"
"알파홈케어","빛가람동","전라남도 나주시 그린로 328 105동 1103호","35.016433","126.795993","naver","용역서비스업","고유가 피해지원금","070)7614-3579","108528319"
"세탁마을","빛가람동","전라남도 나주시 그린로 328 상가동 104호","35.016178","126.795457","naver","세탁소","고유가 피해지원금","061)337-9488","96109869"
"세븐일레븐 나주혁신부영점","빛가람동","전라남도 나주시 그린로 330 빛가람 사랑으로 부영1단지아파트 상가동","35.016087","126.795306","naver","편의점","고유가 피해지원금|온누리","02)1577-0711","120870142"
"키움어린이집","빛가람동","전라남도 나주시 그린로 328 루멘하임아파트 관리동","35.015673","126.797183","naver","아이행복 어린이집","고유가 피해지원금","061)337-7239","106080403"
"유자컴퍼니","빛가람동","전남 나주시 빛가람동","35.014857","126.788409","dong","문화/취미 기타","고유가 피해지원금","","106778171"
"(The) 화사","빛가람동","전라남도 나주시 그린로 330 101호 The 화사","35.016103","126.795337","naver","미용원","고유가 피해지원금","","105220085"
"바른수학브레인","빛가람동","전남 나주시 빛가람동","35.0206","126.784256","dong","소프트웨어업","고유가 피해지원금","","91877946"
"카버드 교육센터","빛가람동","전남 나주시 빛가람동","35.016011","126.792909","dong","기타학원","고유가 피해지원금","","116292794"
"돈 나주혁신점","빛가람동","전라남도 나주시 배멧1길 22 103, 104호","35.01876","126.792428","naver","한식","고유가 피해지원금|온누리","","117104519"
"라무진 나주혁신점","빛가람동","전라남도 나주시 배멧1길 26-1 아이엔지타워 1층","35.019263","126.79247","naver","한식","고유가 피해지원금|온누리","061)335-0927","113842224"
"휴","빛가람동","전라남도 나주시 배멧2길 41 4층 405호","35.020402","126.792023","naver","피부미용원","고유가 피해지원금","","110670317"
"(주)햇빛 그린365편의점","빛가람동","전남 나주시 빛가람동","35.023321","126.785379","dong","슈퍼마켓","고유가 피해지원금","061)333-0815","85063829"
"바로빈","빛가람동","전라남도 나주시 배멧2길 41 프라임타워 2층 201호 바로빈","35.020422","126.792024","naver","커피/음료전문점","고유가 피해지원금|온누리","","102446945"
"쏘시지요 나주혁신점","빛가람동","전라남도 나주시 배멧2길 41 1동 112호, 113호","35.020466","126.791842","naver","일반주점","고유가 피해지원금","","115327118"
"멍블리데이","빛가람동","전라남도 나주시 배멧1길 26-1 101, 102호","35.019224","126.792432","naver","반려동물 서비스/용품점","고유가 피해지원금|온누리","","107980994"
"팔각도 나주혁신도시점","빛가람동","전라남도 나주시 배멧2길 41 프라임타워 1층 104, 105호","35.020487","126.792238","naver","한식","고유가 피해지원금","061)337-8800","114046281"
"화담식당","빛가람동","전라남도 나주시 배멧1길 18 107호","35.018433","126.792772","naver","한식","고유가 피해지원금","061)332-6655","111561341"
"올리브그린","빛가람동","전라남도 나주시 배멧1길 18 센텀 빌딩406호 올리브그린","35.018627","126.792819","naver","기타 신변잡화","고유가 피해지원금","061)334-6315","109506475"
"하늘기획","빛가람동","전라남도 나주시 배멧1길 18 1층 110호","35.018627","126.792819","naver","인쇄 및 광고","고유가 피해지원금","070)7614-3579","107399310"
"황프로짐","빛가람동","전라남도 나주시 배멧1길 18 센텀빌딩 6층 황프로짐","35.018627","126.792819","naver","요가","고유가 피해지원금","070)7614-3579","99443119"
"센텀당구클럽","빛가람동","전라남도 나주시 배멧1길 18 4층 405호","35.018627","126.792819","naver","당구장","고유가 피해지원금","","114494221"
"황프로짐","빛가람동","전라남도 나주시 배멧1길 18 센텀빌딩 6층 황프로짐","35.018627","126.792819","naver","종합스포츠센터","고유가 피해지원금","070)7614-3579","119109387"
"혁신종합시스템","빛가람동","전남 나주시 빛가람동","35.017049","126.78502","dong","조명 전기기구점","고유가 피해지원금","","104628500"
"재주","빛가람동","전라남도 나주시 배멧1길 18 1층 재주","35.018718","126.792997","naver","한식","고유가 피해지원금|온누리","","115885103"
"도야짬뽕","빛가람동","전라남도 나주시 배멧1길 18 센텀빌딩 205호","35.018636","126.792987","naver","중식","고유가 피해지원금|온누리","02)4577-9654","108660791"
"낭만횟집","빛가람동","전라남도 나주시 배멧1길 18 1층","35.01849","126.792713","naver","한식","고유가 피해지원금|온누리","061)331-8881","107546121"
"화담식당","빛가람동","전라남도 나주시 배멧1길 18 107호","35.018433","126.792772","naver","휴게음식점","고유가 피해지원금","061)332-6655","120656911"
"삼형제 나주혁신점","빛가람동","전라남도 나주시 배멧2길 43 111, 112호","35.020157","126.792179","naver","한식","고유가 피해지원금","061)335-3392","115105931"
"정가네","빛가람동","전라남도 나주시 금성길 59","35.034261","126.717521","naver","한식","고유가 피해지원금","070)7614-3579","122065982"
"에스와이씨밀레 주식회사","빛가람동","전남 나주시 빛가람동","35.025332","126.788911","dong","기타관광호텔","고유가 피해지원금","070)4919-0787","115301836"
"삼형제 나주혁신점","빛가람동","전라남도 나주시 배멧2길 43 111, 112호","35.020157","126.792179","naver","한식","고유가 피해지원금|온누리","061)335-3392","118917081"
"초록집","빛가람동","전라남도 나주시 배멧2길 43","35.019959","126.791913","naver","한식","고유가 피해지원금","061)334-7578","106472592"
"충만치킨 나주혁신점","빛가람동","전라남도 나주시 배멧2길 43 109호 충만치킨 나주혁신점","35.020097","126.792095","naver","일반음식점 기타","고유가 피해지원금|온누리","","111214808"
"홀리어스 호텔","빛가람동","전라남도 나주시 배멧2길 43","35.020127","126.792023","naver","기타관광호텔","고유가 피해지원금","","120155764"
"구각","빛가람동","전남 나주시 빛가람동","35.024821","126.791878","dong","한식","고유가 피해지원금","","110803759"
"더블유(W)","빛가람동","전라남도 나주시 풍물시장2길 27-7","34.993809","126.707699","naver","피부미용원","고유가 피해지원금","061)333-3459","113567346"
"야키토리 요시","빛가람동","전라남도 나주시 배멧2길 43 1층 108호","35.020097","126.791978","naver","일식/생선회집","고유가 피해지원금","","109922847"
"온유","빛가람동","전라남도 나주시 배멧2길 43 4층 404호","35.020097","126.791978","naver","화장품점","고유가 피해지원금","","113501495"
"위드쫑","빛가람동","전라남도 나주시 배멧2길 43","35.020114","126.792135","naver","커피/음료전문점","고유가 피해지원금","","108630839"
"신들의 전쟁","빛가람동","전남 나주시 빛가람동","35.022788","126.794117","dong","일반음식점 기타","고유가 피해지원금","","111835161"
"그레이스 폴 스튜디오","빛가람동","전라남도 나주시 빛가람로 731 KS프라자 5층 501호","35.021532","126.791769","naver","기타학원","고유가 피해지원금|온누리","061)335-5236","113762161"
"이서헤어(ESEOHAIR)","빛가람동","전라남도 나주시 빛가람로 731 ks프라자 1층 이서헤어","35.021421","126.791675","naver","미용원","고유가 피해지원금","061)334-2886","113479105"
"유유샤브","빛가람동","전라남도 나주시 배멧1길 22 1층 113호, 114호","35.018869","126.792725","naver","일반음식점 기타","고유가 피해지원금|온누리","061)820-7025","105921128"
"리얼식당","빛가람동","전라남도 나주시 상야2길 16 109호","35.022156","126.787988","naver","일반음식점 기타","고유가 피해지원금|온누리","","98965341"
"도도세차장 나주혁신도시점","빛가람동","전라남도 나주시 빛가람로 731 1층 108호, 109호","35.021631","126.791711","naver","세차장","고유가 피해지원금","","119294805"
"토이빌리지 나주점","빛가람동","전라남도 나주시 배멧1길 22 주영타워 1층","35.019022","126.792574","naver","완구점","고유가 피해지원금|온누리","","91265757"
"올트레(oltre)","빛가람동","전남 나주시 빛가람동","35.014541","126.789817","dong","화장품점","고유가 피해지원금","","121973813"
"오리궁뎅이 나주점","빛가람동","전라남도 나주시 배멧1길 22 105, 106호","35.018826","126.792362","naver","한식","고유가 피해지원금|온누리","061)336-5292","115567654"
"별빛내린","빛가람동","전라남도 나주시 배멧1길 22 101, 102호","35.018709","126.792517","naver","한식","고유가 피해지원금|온누리","","111225309"
"비에스알 주식회사","빛가람동","전남 나주시 빛가람동","35.01694","126.794019","dong","시설대여업","고유가 피해지원금","","109936992"
"꾸석지진짜한돈","빛가람동","전라남도 나주시 배멧1길 22 103, 104호","35.01876","126.792428","naver","한식","고유가 피해지원금|온누리","","122020565"
"플라워스튜디오 클라르떼(flowerstudio clarte)","빛가람동","전라남도 나주시 빛가람로 731 1층 102호","35.021417","126.791809","naver","화원","고유가 피해지원금","","103884601"
"가희에스테틱","빛가람동","전라남도 나주시 빛가람로 731 KS프라자빌딩 2층 201호","35.021533","126.791769","naver","피부미용원","고유가 피해지원금|온누리","061)337-2631","106951821"
"리더스컴퍼니","빛가람동","전남 나주시 빛가람동","35.022208","126.784445","dong","인쇄 및 광고","고유가 피해지원금","","117425901"
"퍼스트짐","빛가람동","전라남도 나주시 중야2길 10 2층 203호 퍼스트짐","35.01589","126.78459","naver","종합스포츠센터","고유가 피해지원금|온누리","061)333-9679","107690724"
"디어앤디","빛가람동","전남 나주시 빛가람동","35.0252","126.791246","dong","실내장식","고유가 피해지원금","","120150778"
"짬타이","빛가람동","전라남도 나주시 빛가람로 731 3층","35.021533","126.791769","naver","피부미용원","고유가 피해지원금","061)333-7623","114329241"
"일리 디자인","빛가람동","전라남도 나주시 상야4길 16-16 TCC타워 146호","35.023901","126.79307","naver","인쇄 및 광고","고유가 피해지원금","061)333-7279","95836072"
"픽셀바이(PSB)","빛가람동","전라남도 나주시 빛가람로 731 1동 5층 505호","35.021533","126.791769","naver","일반잡화판매점","고유가 피해지원금","","120218476"
"나진과학","빛가람동","전남 나주시 빛가람동","35.014529","126.788629","dong","과학기자재점","고유가 피해지원금","070)7842-4201","118518768"
"(주)홀리어스한빛개발","빛가람동","전남 나주시 빛가람동","35.023449","126.793786","dong","기타숙박업","고유가 피해지원금","061)980-9000","74042513"
"황진이","빛가람동","전라남도 나주시 영산포로 258","35.004108","126.708109","naver","일반주점","고유가 피해지원금","","120979881"
"온기 티하우스","빛가람동","전라남도 나주시 배멧1길 30-1 가람로자벨 빌딩 302호","35.019595","126.792104","naver","일반음식점 기타","고유가 피해지원금|온누리","","108067679"
"지평선","빛가람동","전남 나주시 빛가람동","35.025533","126.78935","dong","한식","고유가 피해지원금","061)757-5996","108736134"
"해담","빛가람동","전라남도 나주시 배멧1길 30-1 가람로자벨빌딩 1층","35.019647","126.79201","naver","일식/생선회집","고유가 피해지원금|온누리","061)332-1916","78778383"
"아이디어골프","빛가람동","전라남도 나주시 상야4길 22 대양스퀘이가든6층","35.022749","126.791751","naver","레저용품점","고유가 피해지원금","061)332-5225","113205088"
"치유. 에스테틱","빛가람동","전라남도 나주시 상야4길 22 대양스퀘어가든 215호","35.022749","126.791751","naver","피부미용원","고유가 피해지원금|온누리","","107423818"
"(TODAY DRAW) (오늘도 그리다)","빛가람동","전라남도 나주시 상야4길 22 대양스퀘어가든 1층 136호","35.022855","126.791193","naver","피부미용원","고유가 피해지원금","061)332-2244","102850763"
"모닝닷컴","빛가람동","전라남도 나주시 상야4길 22","35.022749","126.791751","naver","컴퓨터기기","고유가 피해지원금","061)335-7161","25695648"
"쏘이살롱","빛가람동","전라남도 나주시 상야4길 22 대양스퀘어가든 3층 315호","35.022635","126.791295","naver","미용원","고유가 피해지원금|온누리","","100525300"
"명품살롱","빛가람동","전남 나주시 빛가람동","35.017527","126.794479","dong","기성복점","고유가 피해지원금","","103017001"
"알톤자전거 빛가람점","빛가람동","전라남도 나주시 상야4길 22 대양스퀘어가든 1층","35.02249","126.79142","naver","자전거판매점","고유가 피해지원금|온누리","061)332-1736","86636349"
"바레 업 Barre up","빛가람동","전남 나주시 빛가람동","35.014777","126.787453","dong","요가","고유가 피해지원금|온누리","","119153259"
"SKY당구클럽","빛가람동","전라남도 나주시 상야4길 22 4층 415호 SKY 당구클럽","35.022518","126.791222","naver","당구장","고유가 피해지원금","070)4223-1918","83667995"
"(주)에네코","빛가람동","전라남도 나주시 상야4길 22","35.022764","126.791735","naver","조명 전기기구점","고유가 피해지원금","","115491958"
"희와살롱","빛가람동","전라남도 나주시 상야4길 22 211호","35.022749","126.791751","naver","미용원","고유가 피해지원금|온누리","061)336-5713","113343486"
"다올헤어","빛가람동","전라남도 나주시 상야4길 22 132호","35.022735","126.791194","naver","미용원","고유가 피해지원금|온누리","","111748638"
"홀덤 플랫폼","빛가람동","전남 나주시 빛가람동","35.01666","126.784951","dong","비디오방/게임방","고유가 피해지원금","070)7614-3579","119440916"
"쿠알리테","빛가람동","전남 나주시 빛가람동","35.019389","126.795059","dong","기성복점","고유가 피해지원금","061)334-5555","110786520"
"투라인(2Line)","빛가람동","전라남도 나주시 상야4길 22","35.022885","126.791199","naver","기성복점","고유가 피해지원금|온누리","062)720-8851","86009475"
"핸썸맨즈","빛가람동","전라남도 나주시 상야4길 22 1층 134호 스퀘어가든","35.022781","126.791185","naver","미용원","고유가 피해지원금","061)336-7060","114903431"
"탁사발 두부공방 빛가람점","빛가람동","전라남도 나주시 상야4길 22 119호","35.022749","126.791751","naver","한식","고유가 피해지원금|온누리","","118577427"
"다인정보통신","빛가람동","전라남도 나주시 상야4길 22 1층 133호","35.022854","126.791086","naver","정보통신기기","고유가 피해지원금","","116341471"
"공부인스터디카페 나주혁신센터","빛가람동","전라남도 나주시 상야4길 22 스퀘어가든 2층","35.022749","126.791751","naver","독서실","고유가 피해지원금","","120431486"
"해태관","빛가람동","전라남도 나주시 상야4길 22 104,105,106호","35.022718","126.792261","naver","중식","고유가 피해지원금","","117807458"
"드럼앤보컬디자이너학원","빛가람동","전라남도 나주시 상야4길 22 3층 320호","35.022749","126.791751","naver","예체능계학원","고유가 피해지원금|온누리","","116797074"
"로하네일","빛가람동","전라남도 나주시 상야4길 22 A동 3층 314호","35.022749","126.791751","naver","피부미용원","고유가 피해지원금|온누리","070)4833-3364","111777111"
"아띠공예학원","빛가람동","전남 나주시 빛가람동","35.022696","126.784497","dong","기타 신변잡화","고유가 피해지원금","061)930-3441","109201113"
"나주시 리틀야구단실내연습장","빛가람동","전라남도 나주시 상야4길 22 A동 213호","35.022749","126.791751","naver","자전거판매점","고유가 피해지원금|온누리","061)332-1736","92954262"
"우리끼리키즈카페 아쿠아마을 나주혁신점","빛가람동","전남 나주시 빛가람동","35.02519","126.791738","dong","유아전문 교육기관/놀이시설","고유가 피해지원금","","112830915"
"산수모밀","빛가람동","전라남도 나주시 상야4길 22","35.022491","126.791334","naver","한식","고유가 피해지원금|온누리","061)336-6318","99548768"
"플레르 온아 나주점","빛가람동","전라남도 나주시 상야4길 22 1층 125호","35.022494","126.791474","naver","화원","고유가 피해지원금|온누리","","118109803"
"메이다움","빛가람동","전라남도 나주시 상야4길 22 대양스퀘어가든 1층","35.022915","126.791202","naver","피부미용원","고유가 피해지원금|온누리","061)333-3354","93662619"
"올바른고깃간 빛가람점","빛가람동","전라남도 나주시 상야4길 22 1층 118호","35.022749","126.791751","naver","정육점","고유가 피해지원금|온누리","061)111-0000","121183691"
"나주 박미정 요가센터","빛가람동","전라남도 나주시 상야4길 22 대양스퀘어가든 414호","35.022757","126.791731","naver","요가","고유가 피해지원금|온누리","061)331-7171","84060959"
"카라","빛가람동","전라남도 나주시 상야4길 22","35.022814","126.791204","naver","기성복점","고유가 피해지원금","","115794739"
"정다운and깨비방망이 오리날개튀김","빛가람동","전남 나주시 빛가람동","35.015555","126.793065","dong","일반음식점 기타","고유가 피해지원금|온누리","061)332-2244","118463576"
"마라향연","빛가람동","전라남도 나주시 상야4길 22 121호","35.022498","126.791614","naver","중식","고유가 피해지원금|온누리","","121690818"
"컴포즈커피 나주혁신스퀘어가든점","빛가람동","전라남도 나주시 상야4길 22 1층 129호","35.022536","126.791246","naver","커피/음료전문점","고유가 피해지원금|온누리","","104063676"
"나주유도관","빛가람동","전라남도 나주시 상야4길 22","35.022764","126.791735","naver","예체능계학원","고유가 피해지원금","061)334-7979","99289045"
"낭만장사꾼금성산호랭이","빛가람동","전남 나주시 빛가람동","35.023742","126.785147","dong","양식","고유가 피해지원금","061)336-9281","95783980"
"리프레시피티스튜디오","빛가람동","전라남도 나주시 배멧1길 26 1동 3층 302호","35.019124","126.792151","naver","종합스포츠센터","고유가 피해지원금|온누리","033)481-9134","113160624"
"레드아로마","빛가람동","전라남도 나주시 빛가람로 730 제1동 3층 306호","35.020836","126.79159","naver","화장품점","고유가 피해지원금","061)335-9779","119709684"
"일품왕소금구이","빛가람동","전라남도 나주시 배멧1길 26 101호 102호","35.018997","126.792119","naver","한식","고유가 피해지원금","063)334-5777","86124408"
"빛가람장식","빛가람동","전라남도 나주시 빛가람동 빛가람로 730 진우타워","35.020972","126.791618","naver","주택/건설","고유가 피해지원금","061)331-7767","111470310"
"김금자 숯불갈비","빛가람동","전라남도 나주시 배멧1길 26 1층 104, 105호","35.019086","126.791987","naver","한식","고유가 피해지원금","","119726685"
"(주)파크존","빛가람동","전라남도 나주시 빛가람로 730 진우빌딩 6층","35.020848","126.791592","naver","골프연습장","고유가 피해지원금|온누리","","121125708"
"또래오래 나주혁신점","빛가람동","전라남도 나주시 빛가람동 빛가람로 730 진우타워 1층","35.020836","126.79159","naver","일반음식점 기타","고유가 피해지원금","061)333-4884","115039350"
"바다수산","빛가람동","전라남도 나주시 배멧1길 26 401호","35.019124","126.792151","naver","한식","고유가 피해지원금|온누리","061)332-8888","89180617"
"케이디제이(KDJ)전기기술사학원","빛가람동","전남 나주시 빛가람동","35.014831","126.792057","dong","기술/사무/가정계학원","고유가 피해지원금","061)333-9996","94559732"
"탐라포차 나주점","빛가람동","전라남도 나주시 배멧1길 26 빛가람프라자 201호 탐라포차","35.019039","126.79215","naver","한식","고유가 피해지원금","","104434704"
"또래오래나주혁신점","빛가람동","전라남도 나주시 빛가람동 빛가람로 730 진우타워 1층","35.020836","126.79159","naver","한식","고유가 피해지원금","061)333-4884","122049404"
"해태족발","빛가람동","전라남도 나주시 배멧1길 26 2층204호 해태족발","35.019124","126.792151","naver","한식","고유가 피해지원금|온누리","061)336-4463","117899694"
"숯과닭발 나주혁신점","빛가람동","전라남도 나주시 배멧1길 26","35.019119","126.792248","naver","한식","고유가 피해지원금|온누리","061)334-8439","78977655"
"조은환경TandS","빛가람동","전남 나주시 빛가람동","35.014226","126.788882","dong","용역서비스업","고유가 피해지원금","080)700-0722","89070793"
"오피스디포혁신점","빛가람동","전라남도 나주시 호수로 46","35.013307","126.787543","naver","문방구점","고유가 피해지원금|온누리","061)337-6006","77551635"
"대게수산","빛가람동","전라남도 나주시 배멧1길 26 가람프라자402호 대게수산","35.019124","126.792151","naver","농.수.축산물점","고유가 피해지원금|온누리","061)332-8888","89186621"
"엘림","빛가람동","전라남도 나주시 월정5길 1","35.009273","126.78735","naver","화장품점","고유가 피해지원금","061)332-2244","116981301"
"리프레시피티스튜디오","빛가람동","전라남도 나주시 배멧1길 26 1동 3층 302호","35.019124","126.792151","naver","종합스포츠센터","고유가 피해지원금|온누리","061)336-4488","120770591"
"더벤티 나주빛가람점","빛가람동","전라남도 나주시 그린로 341 102호","35.017008","126.794063","naver","커피/음료전문점","고유가 피해지원금|온누리","070)7576-2557","112970673"
"개편한 이발소","빛가람동","전라남도 나주시 그린로 341 토담빌딩1동108호","35.016985","126.793861","naver","반려동물 서비스/용품점","고유가 피해지원금","061)336-2228","96457833"
"연우기획","빛가람동","전라남도 나주시 그린로 341","35.016999","126.793955","naver","기타 학습자재","고유가 피해지원금","062)222-8487","50092511"
"가람열쇠","빛가람동","전라남도 나주시 그린로 341 토담빌딩 1층 109 호","35.016953","126.793871","naver","열쇠/도장","고유가 피해지원금|온누리","061)333-2202","104282078"
"옷팜","빛가람동","전라남도 나주시 그린로 341 1동 1층 103호 (빛가람동, 토담빌딩) 옷팜","35.017038","126.794051","naver","기성복점","고유가 피해지원금|온누리","061)332-2244","108566810"
"수학의 신 학원","빛가람동","전라남도 나주시 그린로 341 (4층) 401호 수학의 신","35.016999","126.793955","naver","문리계학원","고유가 피해지원금","061)335-0599","110603522"
"엔스타 테니스아카데미","빛가람동","전라남도 나주시 그린로 341 토담빌딩 7층","35.016999","126.793955","naver","기타 레저업소","고유가 피해지원금","","113167731"
"(주)에이비씨코퍼레이션","빛가람동","전남 나주시 빛가람동","35.025323","126.78707","dong","이벤트업","고유가 피해지원금","061)930-9081","101548249"
"에이스(ACE)영어수학학원","빛가람동","전라남도 나주시 우정로 106 B동 504호","35.023413","126.791674","naver","문리계학원","고유가 피해지원금","061)337-5559","116305717"
"(주)하이씨티","빛가람동","전남 나주시 빛가람동","35.022853","126.794584","dong","소프트웨어업","고유가 피해지원금","061)820-8300","101494016"
"배리트리(VaryTree)","빛가람동","전라남도 나주시 우정로 106 토담스타타워 1층 A103호","35.023622","126.792178","naver","커피/음료전문점","고유가 피해지원금|온누리","070)7677-3305","94469642"
"이제이(EJ)비끄아트미술학원","빛가람동","전남 나주시 빛가람동","35.01514","126.792777","dong","예체능계학원","고유가 피해지원금|온누리","","113317574"
"나주과일왕","빛가람동","전라남도 나주시 우정로 106 A108호","35.023706","126.791996","naver","농.수.축산물점","고유가 피해지원금|온누리","","107084048"
"견생냥품 무인24시 나주혁신도시점","빛가람동","전라남도 나주시 우정로 106 토담스타타워 B동 116호","35.023212","126.791217","naver","반려동물 서비스/용품점","고유가 피해지원금|온누리","","106437285"
"박은영국어논술학원","빛가람동","전라남도 나주시 우정로 56 토담리치타워 A동 506호","35.023623","126.78628","naver","문리계학원","고유가 피해지원금","","95827593"
"아이즈뷰티","빛가람동","전라남도 나주시 우정로 106 토담스타타워빌딩 4층 403호","35.023381","126.791259","naver","화장품점","고유가 피해지원금|온누리","","120851961"
"쁨","빛가람동","전라남도 나주시 우정로 106 B동 1층 107호","35.023388","126.791787","naver","미용원","고유가 피해지원금|온누리","061)111-0000","116501283"
"리드인독서논술학원","빛가람동","전라남도 나주시 그린로 325 201-2호","35.015717","126.794849","naver","문리계학원","고유가 피해지원금","061)820-7020","109373541"
"유아헤어","빛가람동","전라남도 나주시 우정로 106 토담스타타워 B동 118호","35.023117","126.791218","naver","미용원","고유가 피해지원금|온누리","","90089628"
"봉쥬르베베","빛가람동","전남 나주시 빛가람동","35.016546","126.794271","dong","아동 및 유아복점","고유가 피해지원금","061)332-2244","110654051"
"문해와수리 나주혁신도시학원","빛가람동","전남 나주시 빛가람동","35.025774","126.788258","dong","문리계학원","고유가 피해지원금","","114864555"
"폼미나수선","빛가람동","전남 나주시 빛가람동","35.0149","126.786457","dong","세탁소","고유가 피해지원금|온누리","061)337-7879","71258311"
"반할#","빛가람동","전라남도 나주시 우정로 106 A동 110호 반할샵","35.023683","126.791906","naver","미용원","고유가 피해지원금","061)820-7654","87107279"
"(주)고든","빛가람동","전라남도 나주시 우정로 106","35.023389","126.791773","naver","인쇄 및 광고","고유가 피해지원금","061)337-4065","111607081"
"에이스(ACE)영어수학학원","빛가람동","전라남도 나주시 우정로 106 B동 504호","35.023413","126.791674","naver","문리계학원","고유가 피해지원금","061)337-5559","116305131"
"퀸제이에듀학원","빛가람동","전라남도 나주시 우정로 106 505호","35.023388","126.791787","naver","문리계학원","고유가 피해지원금","061)930-9904","101154246"
"하이오커피 나주빛가람점","빛가람동","전남 나주시 빛가람동","35.017303","126.784176","dong","커피/음료전문점","고유가 피해지원금","","122408391"
"고래학원","빛가람동","전남 나주시 빛가람동","35.018391","126.795196","dong","문리계학원","고유가 피해지원금","061)333-1079","90963769"
"토담스타타워빌딩관리단","빛가람동","전라남도 나주시 우정로 106 비101호","35.023388","126.791787","naver","주차장","고유가 피해지원금|온누리","","119704894"
"정수학앤파머스학원","빛가람동","전남 나주시 빛가람동","35.014138","126.788379","dong","문리계학원","고유가 피해지원금","061)332-7932","92509532"
"가벤피아노음악학원","빛가람동","전라남도 나주시 우정로 106 토담스타타워 4층 408호","35.023388","126.791787","naver","예체능계학원","고유가 피해지원금|온누리","061)335-8203","105061291"
"씨앤와이커피 바리스타학원","빛가람동","전남 나주시 빛가람동","35.020567","126.783538","dong","기술/사무/가정계학원","고유가 피해지원금","061)960-5519","102514167"
"혁신영재영수학원","빛가람동","전라남도 나주시 우정로 106 스타타워A동 303.304호","35.023618","126.791998","naver","문리계학원","고유가 피해지원금","061)333-3307","98785852"
"창명전기조명","빛가람동","전라남도 나주시 우정로 106 109호","35.023709","126.791959","naver","조명 전기기구점","고유가 피해지원금|온누리","","92810944"
"두드림영수학원","빛가람동","전라남도 나주시 우정로 106 406호","35.023388","126.791787","naver","문리계학원","고유가 피해지원금","061)337-4006","107081735"
"인헤어머리염색","빛가람동","전라남도 나주시 빛가람로 747 빛가람메디컬빌딩 1동 1층 110호","35.021489","126.793855","naver","미용원","고유가 피해지원금|온누리","061)930-1447","114511703"
"대접나주배닭강정","빛가람동","전라남도 나주시 우정로 106 토담스타타워 B동 115호","35.023257","126.79121","naver","일반주점","고유가 피해지원금|온누리","061)334-3829","99453145"
"연결과학학원","빛가람동","전라남도 나주시 우정로 106 B동 5층 507호","35.023388","126.791787","naver","문리계학원","고유가 피해지원금","","117059421"
"하늘지붕","빛가람동","전라남도 나주시 우정로 106 토담스타타워1동A112호","35.023668","126.791871","naver","침구/커튼/카펫트점","고유가 피해지원금","061)333-7233","50169609"
"아카샤요가","빛가람동","전라남도 나주시 우정로 106 토담스타타워 5층 506호","35.023388","126.791787","naver","요가","고유가 피해지원금|온누리","","109042237"
"가린철거","빛가람동","전남 나주시 빛가람동","35.017171","126.794772","dong","주택/건설","고유가 피해지원금","061)930-5513","112037851"
"블랑 에스테틱","빛가람동","전라남도 나주시 우정로 106 토담스타타워 비동 205호 블랑에스테틱2층","35.023388","126.791787","naver","피부미용원","고유가 피해지원금","061)930-0987","117568126"
"한양꼬마김밥","빛가람동","전라남도 나주시 우정로 106","35.023609","126.791737","naver","휴게음식점","고유가 피해지원금|온누리","061)333-3638","95577299"
"플로르아르떼","빛가람동","전남 나주시 빛가람동","35.022487","126.794946","dong","화원","고유가 피해지원금","","121166321"
"라온음악학원","빛가람동","전라남도 나주시 우정로 106 B동 4층 404호","35.023388","126.791787","naver","예체능계학원","고유가 피해지원금|온누리","061)333-6966","81527152"
"지혜샘독서토론논술교습소","빛가람동","전라남도 나주시 우정로 106 B동 2층 208호","35.023388","126.791787","naver","문리계학원","고유가 피해지원금","","121250339"
"빛누리태권도","빛가람동","전라남도 나주시 우정로 106 토담스타타워 B동 306호","35.023388","126.791787","naver","예체능계학원","고유가 피해지원금|온누리","061)336-2988","70511169"
"365마디척한의원 나주혁신점","빛가람동","전라남도 나주시 우정로 106 1층 B동 113호","35.023409","126.791213","naver","일반.치과.한의원","고유가 피해지원금|온누리","061)333-8987","117587368"
"빛가람24시독서실","빛가람동","전라남도 나주시 우정로 106 A동 204호실","35.023388","126.791787","naver","독서실","고유가 피해지원금|온누리","061)810-0909","116969711"
"쇼룸108(showroom108)","빛가람동","전라남도 나주시 우정로 106 토담스타타워 B동 108호 쇼룸108","35.023507","126.791439","naver","기성복점","고유가 피해지원금|온누리","","98386826"
"원탑수학학원","빛가람동","전라남도 나주시 우정로 106 A동 206호","35.023388","126.791787","naver","문리계학원","고유가 피해지원금","","118432125"
"식사준비 나주혁신점","빛가람동","전라남도 나주시 우정로 106 토담스타타워 A동 116호","35.023597","126.791687","naver","기타 식품","고유가 피해지원금|온누리","061)336-8582","105039335"
"최상위수학학원","빛가람동","전라남도 나주시 우정로 106","35.023344","126.791275","naver","문리계학원","고유가 피해지원금","061)332-1718","103368008"
"페이보릿스튜디오","빛가람동","전라남도 나주시 우정로 106 토담스타타워 A동 2층 207호","35.023528","126.791856","naver","사진관","고유가 피해지원금|온누리","","112788296"
"타코비 나주혁신점","빛가람동","전라남도 나주시 우정로 106 B동 111호","35.023472","126.791325","naver","일반음식점 기타","고유가 피해지원금|온누리","","112129501"
"두드림영수학원","빛가람동","전라남도 나주시 우정로 106 406호","35.023388","126.791787","naver","문리계학원","고유가 피해지원금","061)337-4006","104731137"
"만주갈비 나주점","빛가람동","전남 나주시 빛가람동","35.021265","126.795412","dong","한식","고유가 피해지원금","061)332-1190","95909489"
"파머스영어학원","빛가람동","전라남도 나주시 우정로 106 토담스타타워 A동 305호","35.023388","126.791787","naver","외국어학원","고유가 피해지원금","","96081519"
"유니팝미술학원","빛가람동","전라남도 나주시 우정로 106 502호 유니팝미술원","35.023388","126.791787","naver","예체능계학원","고유가 피해지원금","061)333-2533","88534583"
"리본 스킨 앤 바디","빛가람동","전라남도 나주시 우정로 106 B 109호 리본스킨앤바디","35.023388","126.791787","naver","피부미용원","고유가 피해지원금|온누리","061)332-2244","117146258"
"플라워오브유(Flower of you)","빛가람동","전라남도 나주시 우정로 106 스타타워 A동 114호","35.023629","126.791765","naver","화원","고유가 피해지원금","","106223151"
"토담스타타워빌딩관리단","빛가람동","전라남도 나주시 우정로 106 비101호","35.023388","126.791787","naver","용역서비스업","고유가 피해지원금|온누리","061)930-3811","115797283"
"케이 모바일","빛가람동","전라남도 나주시 우정로 106 C동 106호","35.02349","126.792253","naver","정보통신기기","고유가 피해지원금|온누리","","115772096"
"스타카페","빛가람동","전라남도 나주시 우정로 106 B동 1층 114호","35.023295","126.791338","naver","커피/음료전문점","고유가 피해지원금","061)374-0077","81157866"
"황제 찹쌀 꽈배기","빛가람동","전라남도 나주시 우정로 106 제비117호","35.02315","126.791211","naver","휴게음식점","고유가 피해지원금","061)336-9581","122089933"
"1.3.4 리듬복싱 빛가람점","빛가람동","전남 나주시 빛가람동","35.021083","126.783455","dong","예체능계학원","고유가 피해지원금|온누리","061)335-1342","86266355"
"델라델라","빛가람동","전남 나주시 빛가람동","35.015114","126.793173","dong","기성복점","고유가 피해지원금","","107993776"
"이모네","빛가람동","전라남도 나주시 그린로 339 1동 205호","35.016694","126.79392","naver","한식","고유가 피해지원금","061)332-6504","122421549"
"머스트영어학원 머스트북스","빛가람동","전남 나주시 빛가람동","35.01587","126.784933","dong","외국어학원","고유가 피해지원금","061)331-0582","82100279"
"굽네치킨 나주빛가람점","빛가람동","전라남도 나주시 그린로 339 105호","35.01681","126.79411","naver","일반음식점 기타","고유가 피해지원금|온누리","061)333-9931","113728342"
"기찬교육","빛가람동","전라남도 나주시 그린로 339 리버빌딩 483","35.016727","126.794022","naver","학습지","고유가 피해지원금","061)334-4322","90876758"
"일성일미 마라탕","빛가람동","전라남도 나주시 그린로 339 110호","35.016694","126.793922","naver","중식","고유가 피해지원금|온누리","070)7723-4998","109533968"
"이튼튼치과","빛가람동","전라남도 나주시 그린로 339","35.01675","126.793947","naver","일반.치과.한의원","고유가 피해지원금","061)333-2275","77184674"
"빛가람동물병원","빛가람동","전라남도 나주시 빛가람로 746 S타워 101~102호","35.020949","126.79325","naver","동물병원","고유가 피해지원금","061)337-7982","114024271"
"송자매푸드","빛가람동","전남 나주시 빛가람동","35.01666","126.79465","dong","한식","고유가 피해지원금","","110695321"
"이매진 포토(imagine photo)","빛가람동","전라남도 나주시 그린로 339 3층 301호","35.016727","126.794022","naver","사진관","고유가 피해지원금","","116020522"
"헤어살롱 A-min","빛가람동","전라남도 나주시 그린로 339 리버빌딩 104호","35.016679","126.794181","naver","미용원","고유가 피해지원금|온누리","061)332-7484","105267817"
"지정환피자","빛가람동","전라남도 나주시 그린로 339 리버빌딩106호","35.016837","126.794098","naver","패스트푸드점","고유가 피해지원금|온누리","","122037092"
"코코뷰티","빛가람동","전남 나주시 빛가람동","35.022372","126.783777","dong","미용재료","고유가 피해지원금","","101779800"
"수나래중고등학원","빛가람동","전남 나주시 빛가람동","35.014381","126.792064","dong","문리계학원","고유가 피해지원금","0507)1322-1732","109885095"
"도하커피바","빛가람동","전라남도 나주시 그린로 339 리버빌딩 111호, 206호","35.016612","126.793933","naver","커피/음료전문점","고유가 피해지원금|온누리","","120829245"
"본죽앤비빔밥 cafe","빛가람동","전라남도 나주시 그린로 339 1층 102호","35.016705","126.794169","naver","한식","고유가 피해지원금|온누리","061)333-6288","94540671"
"뻥튀기 HOUSE","빛가람동","전라남도 나주시 그린로 339 1동1층 109호","35.016723","126.793888","naver","기타 식품","고유가 피해지원금|온누리","","117083166"
"미블링네일","빛가람동","전라남도 나주시 그린로 339 리버빌딩2층","35.016706","126.794131","naver","피부미용원","고유가 피해지원금|온누리","","103400769"
"빛가람바이크","빛가람동","전라남도 나주시 배멧1길 26-1 106호","35.01934","126.792414","naver","자전거판매점","고유가 피해지원금|온누리","061)333-8865","75979906"
"다편한한의원","빛가람동","전라남도 나주시 그린로 339 리버빌딩 4층 401호","35.016727","126.794022","naver","일반.치과.한의원","고유가 피해지원금|온누리","061)334-1275","76671585"
"세탁백화점","빛가람동","전라남도 나주시 그린로 339 1동 101호 세탁백화점","35.01667","126.794195","naver","기성복점","고유가 피해지원금|온누리","","114259368"
"도하커피랩","빛가람동","전남 나주시 빛가람동","35.015585","126.793855","dong","주방기구점","고유가 피해지원금","","102224433"
"(유)칠성","빛가람동","전라남도 나주시 빛가람로 727","35.021593","126.791333","naver","주차장","고유가 피해지원금","","112622968"
"뮤라클 성인전문음악학원","빛가람동","전라남도 나주시 상야3길 17 204호, 205호","35.02213","126.791267","naver","예체능계학원","고유가 피해지원금|온누리","062)371-3471","103251504"
"라벨르헤어살롱","빛가람동","전라남도 나주시 상야3길 17 휴로스센트럴 203호","35.022092","126.791238","naver","미용원","고유가 피해지원금|온누리","061)333-0554","98961101"
"씨익 스튜디오(Seek Studio)","빛가람동","전라남도 나주시 상야3길 17 1층 104호 Seek Studio","35.021939","126.791173","naver","사진관","고유가 피해지원금|온누리","","104699868"
"클리지","빛가람동","전남 나주시 빛가람동","35.0139","126.790812","dong","기성복점","고유가 피해지원금","061)332-2244","112582881"
"마레몬떼","빛가람동","전라남도 나주시 상야3길 17 106호, 107호","35.022133","126.791213","naver","스포츠용품점","고유가 피해지원금|온누리","061)332-2244","120481453"
"다락방가죽공예학원","빛가람동","전라남도 나주시 상야4길 22 3층 310호","35.022749","126.791751","naver","기술/사무/가정계학원","고유가 피해지원금|온누리","","118347257"
"노블레스헤어","빛가람동","전라남도 나주시 상야3길 17 110호","35.022003","126.79133","naver","미용원","고유가 피해지원금|온누리","061)334-1253","78337320"
"비스트로 상야","빛가람동","전라남도 나주시 상야3길 17 휴로스센트럴오피스텔 1층 114호","35.022032","126.791461","naver","양식","고유가 피해지원금|온누리","061)333-0770","98798657"
"파티한정식","빛가람동","전라남도 나주시 배멧1길 46 4층 405호","35.020395","126.791348","naver","한식","고유가 피해지원금","","120905922"
"착한족발","빛가람동","전라남도 나주시 배멧1길 46 1층 착한족발","35.020476","126.791517","naver","한식","고유가 피해지원금","","122280461"
"달롱네일","빛가람동","전라남도 나주시 배멧1길 46 103호","35.020395","126.791348","naver","피부미용원","고유가 피해지원금|온누리","","118479869"
"무등산염소탕","빛가람동","전라남도 나주시 배멧1길 46","35.020333","126.7912","naver","한식","고유가 피해지원금|온누리","061)336-9989","102703736"
"3.4테라피","빛가람동","전라남도 나주시 배멧1길 46 4층","35.020386","126.791157","naver","화장품점","고유가 피해지원금","061)336-9400","74207518"
"혼밥대왕 나주빛가람점","빛가람동","전라남도 나주시 빛가람동 배멧1길 46","35.020395","126.791348","naver","한식","고유가 피해지원금|온누리","","100635193"
"우성스크린골프존","빛가람동","전라남도 나주시 배멧1길 46","35.020379","126.791348","naver","골프연습장","고유가 피해지원금|온누리","061)336-7878","77553641"
"멍다방","빛가람동","전라남도 나주시 배멧1길 46 3층 302호","35.020395","126.791348","naver","휴게음식점","고유가 피해지원금","","113313386"
"수제 홍만두","빛가람동","전라남도 나주시 배멧1길 46 1층 104호","35.020468","126.791208","naver","한식","고유가 피해지원금|온누리","061)332-8881","115640781"
"(주)나우씨앤아이","빛가람동","전라남도 나주시 배멧1길 46","35.020395","126.791348","naver","기계류 건축설비","고유가 피해지원금","062)575-7300","90732330"
"하람","빛가람동","전남 나주시 빛가람동","35.019437","126.783196","dong","용역서비스업","고유가 피해지원금","061)332-2244","119123188"
"미풍해장국나주혁신본점","빛가람동","전라남도 나주시 배멧1길 46 우성드림시티 112호","35.020381","126.791487","naver","한식","고유가 피해지원금|온누리","061)335-6333","72749205"
"무아 스튜디오","빛가람동","전라남도 나주시 배멧1길 46 108호","35.020395","126.791348","naver","피부미용원","고유가 피해지원금","","122313551"
"나주꽃사가게","빛가람동","전라남도 나주시 배멧1길 50","35.020945","126.791276","naver","화원","고유가 피해지원금","","101087701"
"에브리원 카페","빛가람동","전라남도 나주시 배멧1길 50 111,112호","35.020716","126.791285","naver","커피/음료전문점","고유가 피해지원금|온누리","061)331-2223","117250915"
"벨라루나","빛가람동","전라남도 나주시 배멧1길 50 4층","35.020839","126.791282","naver","일반음식점 기타","고유가 피해지원금","","113439947"
"향 테라피","빛가람동","전라남도 나주시 배멧1길 50","35.020831","126.791263","naver","피부미용원","고유가 피해지원금","061)332-2244","118707440"
"이지(EG)인테리어","빛가람동","전라남도 나주시 상야4길 16-10 드림페이스 1층 133호","35.023303","126.793197","naver","건축자재","고유가 피해지원금","","105025710"
"씨유 나주호수공원점","빛가람동","전라남도 나주시 배멧1길 50 110호(빛가람동)","35.020735","126.791189","naver","편의점","고유가 피해지원금|온누리","061)333-7320","80293414"
"설빙 나주혁신도시점","빛가람동","전라남도 나주시 배멧1길 50 2층 204호","35.020831","126.791263","naver","제과점/아이스크림점","고유가 피해지원금","061)333-3213","96166915"
"제육의법칙 나주혁신점","빛가람동","전라남도 나주시 빛가람동 그린로 337","35.016501","126.793982","naver","한식","고유가 피해지원금","","116633768"
"유요거트 나주혁신점","빛가람동","전라남도 나주시 그린로 337 1층 110호","35.016471","126.794106","naver","휴게음식점","고유가 피해지원금","070)7723-4998","118827577"
"빛가람 팥죽","빛가람동","전라남도 나주시 배멧1길 50 2층 204호","35.020831","126.791263","naver","기타 식품","고유가 피해지원금","","115837538"
"멘토르7독서실","빛가람동","전라남도 나주시 그린로 337 창대빌딩 3층 멘토르7","35.016488","126.794128","naver","독서실","고유가 피해지원금","061)331-0006","96229512"
"장인푸드","빛가람동","전라남도 나주시 그린로 337 창대빌딩 1층 110호 장인푸드","35.016488","126.794128","naver","한식","고유가 피해지원금","061)336-6348","106411692"
"글라스스토리 빛가람점","빛가람동","전남 나주시 빛가람동","35.026348","126.789734","dong","안경점","고유가 피해지원금|온누리","061)335-1910","81751204"
"셀디스터디카페 나주혁신점","빛가람동","전라남도 나주시 그린로 337 5층","35.016488","126.794128","naver","독서실","고유가 피해지원금|온누리","","99648452"
"세차프린스 디테일링","빛가람동","전라남도 나주시 그린로 337 1층 107호","35.016488","126.794128","naver","세차장","고유가 피해지원금","061)336-0862","120208312"
"해월 헤어룸","빛가람동","전라남도 나주시 그린로 337 창대빌딩 108호","35.01638","126.794007","naver","미용원","고유가 피해지원금","","106669419"
"파비스애니원 나주점","빛가람동","전라남도 나주시 그린로 337 창대빌딩 109호 파비스애니원 나주점","35.016349","126.794037","naver","건강식품점","고유가 피해지원금|온누리","061)332-2244","119185335"
"최영석 수학학원","빛가람동","전라남도 나주시 그린로 337 창대빌딩 301호","35.01651","126.79422","naver","문리계학원","고유가 피해지원금","061)332-1037","102369165"
"하이풋볼아카데미","빛가람동","전라남도 나주시 그린로 337 2층 202, 203호","35.016488","126.794128","naver","레포츠클럽","고유가 피해지원금|온누리","","114282132"
"오빠통닭 나주혁신점","빛가람동","전라남도 나주시 배멧1길 36 백산타워 108호","35.019645","126.791582","naver","일반음식점 기타","고유가 피해지원금","","110459024"
"월간 나주혁신도시점","빛가람동","전라남도 나주시 배멧1길 36 1층 110, 111, 112호","35.019753","126.791724","naver","한식","고유가 피해지원금|온누리","","108477753"
"뽀끼뽀끼","빛가람동","전라남도 나주시 배멧1길 36","35.019806","126.791689","naver","비디오방/게임방","고유가 피해지원금","","115499840"
"도리도리 나주빛가람점","빛가람동","전라남도 나주시 배멧1길 42 도리도리 나주빛가람점","35.02023","126.791569","naver","한식","고유가 피해지원금|온누리","061)336-8777","100491821"
"나주신쭈꾸미","빛가람동","전라남도 나주시 배멧1길 36 102호 103호","35.0197","126.791526","naver","한식","고유가 피해지원금|온누리","","121537902"
"아띠당","빛가람동","전라남도 나주시 배멧1길 36 104호","35.019576","126.791411","naver","제과점/아이스크림점","고유가 피해지원금|온누리","","102303498"
"공원골프","빛가람동","전라남도 나주시 배멧1길 42 104,103-1호","35.020159","126.791159","naver","레저용품점","고유가 피해지원금|온누리","","112053189"
"어서오리숯불구이","빛가람동","전라남도 나주시 배멧1길 42 해피트리빌딩 101호","35.020199","126.791203","naver","한식","고유가 피해지원금|온누리","061)332-1037","96040164"
"제줏간나주혁신도시점","빛가람동","전라남도 나주시 배멧1길 36 제줏간 나주혁신도시점","35.019549","126.791465","naver","일반음식점 기타","고유가 피해지원금|온누리","","108048846"
"오늘. 네일","빛가람동","전라남도 나주시 배멧1길 42 4층 401호","35.020102","126.791196","naver","피부미용원","고유가 피해지원금","","115409746"
"킹타이스파","빛가람동","전라남도 나주시 배멧1길 42 해피트리빌딩 3층","35.02014","126.79135","naver","피부미용원","고유가 피해지원금","","103554896"
"르에르 에스테틱","빛가람동","전라남도 나주시 배멧1길 42 4층 401호","35.02014","126.79135","naver","피부미용원","고유가 피해지원금","","119597121"
"하이타이","빛가람동","전라남도 나주시 배멧1길 40 401호","35.019972","126.791336","naver","화장품점","고유가 피해지원금","061)334-9333","100726271"
"스타벅스 캡슐커피 무인카페 나주혁신점","빛가람동","전남 나주시 빛가람동","35.015656","126.794249","dong","자동판매기 운영업","고유가 피해지원금|온누리","","121484900"
"스타벅스 캡슐커피 무인카페 나주혁신점","빛가람동","전남 나주시 빛가람동","35.026415","126.788876","dong","자동판매기 운영업","고유가 피해지원금|온누리","061)666-6666","121508266"
"가람동물병원","빛가람동","전라남도 나주시 배멧1길 40 창우빌딩 101호","35.019924","126.791411","naver","동물병원","고유가 피해지원금|온누리","061)332-7975","73567007"
"동물보육원 나주지부","빛가람동","전라남도 나주시 그린로 335","35.016248","126.794253","naver","반려동물 서비스/용품점","고유가 피해지원금","","121862691"
"더블짐","빛가람동","전라남도 나주시 그린로 335 수플러스빌딩 4층","35.01621","126.794215","naver","예체능계학원","고유가 피해지원금|온누리","","119533291"
"더블짐 킥복싱·주짓수","빛가람동","전라남도 나주시 그린로 335 수플러스빌딩 4층","35.01621","126.794215","naver","예체능계학원","고유가 피해지원금|온누리","061)333-5699","85820583"
"(주)위즈덤큐브","빛가람동","전남 나주시 빛가람동","35.02575","126.792428","dong","일반잡화판매점","고유가 피해지원금","061)332-2244","119763259"
"화미주아티클헤어 빛가람점","빛가람동","전라남도 나주시 그린로 335 108호","35.016248","126.794253","naver","미용원","고유가 피해지원금|온누리","061)337-1248","122322911"
"블링블링 슬라임","빛가람동","전라남도 나주시 그린로 335 수플러스빌딩302 블링블링슬라임","35.016248","126.794253","naver","휴게음식점","고유가 피해지원금","061)336-3214","90845653"
"글로우제이(Glow J)","빛가람동","전라남도 나주시 그린로 335 102호","35.016247","126.794402","naver","미용원","고유가 피해지원금|온누리","061)332-3007","114923603"
"점핑스포츠클럽 빛가람점","빛가람동","전라남도 나주시 그린로 335 502호","35.016303","126.794293","naver","시설대여업","고유가 피해지원금|온누리","","117803028"
"카페 335","빛가람동","전라남도 나주시 호수로 68 2층 카페","35.013312","126.789941","naver","커피/음료전문점","고유가 피해지원금","","98779140"
"허그달","빛가람동","전남 나주시 빛가람동","35.021353","126.783117","dong","실내장식","고유가 피해지원금","061)331-4400","97721984"
"화려","빛가람동","전라남도 나주시 그린로 335 수플러스빌딩 1층 화려","35.016279","126.794063","naver","화원","고유가 피해지원금","","105805564"
"티오피영수학원","빛가람동","전남 나주시 빛가람동","35.026447","126.790276","dong","문리계학원","고유가 피해지원금","061)333-0511","117642051"
"건 세라믹","빛가람동","전남 나주시 빛가람동","35.015767","126.784513","dong","건축자재","고유가 피해지원금","062)514-0920","87300128"
"빛날태권도","빛가람동","전라남도 나주시 그린로 331 2층 빛날태권도","35.01601","126.7944","naver","예체능계학원","고유가 피해지원금","","114095640"
"골드스타 실내테니스장","빛가람동","전라남도 나주시 그린로 331 502, 503호 (명작1) 5층","35.01601","126.7944","naver","테니스장","고유가 피해지원금","","109737005"
"공간","빛가람동","전라남도 나주시 상야2길 17","35.021785","126.788945","naver","휴게음식점","고유가 피해지원금","062)267-2009","82065990"
"바른수학학원","빛가람동","전라남도 나주시 그린로 331 3층 바른수학","35.01601","126.7944","naver","문리계학원","고유가 피해지원금","050)7888-0156","118216543"
"오늘","빛가람동","전라남도 나주시 배멧1길 42 4층 401호","35.020102","126.791196","naver","화원","고유가 피해지원금","","101033304"
"그집","빛가람동","전라남도 나주시 황동3길 50-11 1층 103호","35.011351","126.775002","naver","기타 식품","고유가 피해지원금","061)334-1194","90978032"
"조에 오가닉","빛가람동","전남 나주시 빛가람동","35.026364","126.788004","dong","완구점","고유가 피해지원금","061)333-6486","78136901"
"새봄태권도","빛가람동","전라남도 나주시 그린로 329 2층 202호","35.015777","126.794566","naver","예체능계학원","고유가 피해지원금|온누리","070)7614-3579","120959904"
"수학사관학원","빛가람동","전라남도 나주시 그린로 194 이노빌딩 4층","35.009211","126.787531","naver","문리계학원","고유가 피해지원금","061)337-3100","77981144"
"두리놀이","빛가람동","전라남도 나주시 그린로 329 2동 2층 204호(빛가람동, 명작빌딩)","35.015777","126.794566","naver","레포츠클럽","고유가 피해지원금","","110321469"
"엔젤음악학원","빛가람동","전라남도 나주시 그린로 329 명작빌딩 2층","35.015777","126.794566","naver","예체능계학원","고유가 피해지원금|온누리","061)333-7390","94569010"
"지에스25 나주루멘하임점","빛가람동","전라남도 나주시 빛가람동 그린로 329 102, 103호","35.015788","126.794693","naver","편의점","고유가 피해지원금|온누리","","109994791"
"모두아트미술학원","빛가람동","전라남도 나주시 그린로 329 301호","35.015777","126.794566","naver","예체능계학원","고유가 피해지원금","","109117596"
"알앤비 나주점","빛가람동","전남 나주시 빛가람동","35.018346","126.795834","dong","문방구점","고유가 피해지원금|온누리","061)332-4525","118140219"
"에듀엔젤학원","빛가람동","전라남도 나주시 그린로 329 명작빌딩 402호","35.015777","126.794566","naver","문리계학원","고유가 피해지원금|온누리","061)335-7390","118008694"
"청년국물떡볶이","빛가람동","전남 나주시 빛가람동","35.0135","126.78839","dong","일반음식점 기타","고유가 피해지원금","061)332-9889","73593812"
"데이인아뜰리에","빛가람동","전라남도 나주시 그린로 329 109호","35.015777","126.794566","naver","피부미용원","고유가 피해지원금|온누리","","120142417"
"더봄스터디카페","빛가람동","전라남도 나주시 그린로 329 4층 403호","35.015777","126.794566","naver","독서실","고유가 피해지원금","","118017674"
"나스푸르트","빛가람동","전라남도 나주시 그린로 329 명작빌딩 108호","35.015759","126.794396","naver","기타 식품","고유가 피해지원금|온누리","","110694384"
"반찬가","빛가람동","전라남도 나주시 그린로 329 명작빌딩 1동 1층 106호","35.015777","126.794566","naver","기타 식품","고유가 피해지원금","061)335-3246","110912377"
"헤어이야기","빛가람동","전라남도 나주시 그린로 329","35.015897","126.794606","naver","미용원","고유가 피해지원금","061)335-2666","85774046"
"케이(K)영어전문학원","빛가람동","전라남도 나주시 그린로 329 명작빌딩 401호","35.015821","126.794597","naver","외국어학원","고유가 피해지원금","","121018780"
"수학피티학원","빛가람동","전라남도 나주시 그린로 325 3층 302호","35.015558","126.794742","naver","문리계학원","고유가 피해지원금","061)332-3045","120390261"
"나우커피 나주혁신점","빛가람동","전라남도 나주시 그린로 325 부영프라자 1층 104호","35.015612","126.794859","naver","자동판매기 운영업","고유가 피해지원금","","103901041"
"크린토피아 코인워시 나주혁신루멘하임점","빛가람동","전라남도 나주시 빛가람동 그린로 325 부영프라자 1동 101호","35.015557","126.794747","naver","세탁소","고유가 피해지원금|온누리","061)333-2495","103205754"
"컴포즈커피 나주루멘하임점","빛가람동","전라남도 나주시 그린로 325 1동 102호(빛가람동, 부영프라자)","35.015558","126.794742","naver","커피/음료전문점","고유가 피해지원금","","120652083"
"3030영어학원","빛가람동","전라남도 나주시 그린로 325 부영프라자 4층 1호","35.015558","126.794742","naver","외국어학원","고유가 피해지원금","061)337-3033","103335117"
"경희대 최강 태권도장","빛가람동","전라남도 나주시 그린로 325 부영프라자 8층 802호, 803호","35.015558","126.794742","naver","예체능계학원","고유가 피해지원금|온누리","061)333-7224","89299299"
"향지헤어","빛가람동","전라남도 나주시 빛가람동 그린로 325","35.015557","126.794902","naver","미용원","고유가 피해지원금","061)337-5553","92120275"
"탑멘토수학학원","빛가람동","전라남도 나주시 그린로 325 부영프라자 701호","35.015558","126.794742","naver","문리계학원","고유가 피해지원금","061)930-3358","108904664"
"집현전국어논술전문학원","빛가람동","전라남도 나주시 그린로 325 부영프라자 601호","35.015558","126.794742","naver","문리계학원","고유가 피해지원금","061)930-6666","94996429"
"갤러리디테일","빛가람동","전라남도 나주시 그린로 325 갤러리디테일 (부영프라자 108호)","35.015531","126.794609","naver","세차장","고유가 피해지원금","","105251213"
"버프 맨즈헤어","빛가람동","전라남도 나주시 그린로 325 부영프라자 상가 109호","35.0155","126.794628","naver","미용원","고유가 피해지원금|온누리","","105954591"
"리드인힌아름스타독서논술학원","빛가람동","전남 나주시 빛가람동","35.01611","126.784068","dong","문리계학원","고유가 피해지원금","","119687279"
"나주 시매쓰 수학 과학 학원","빛가람동","전남 나주시 빛가람동","35.019199","126.796081","dong","문리계학원","고유가 피해지원금","061)335-7935","83010920"
"(주)엘제이(Lj)","빛가람동","전남 나주시 빛가람동","35.025039","126.78513","dong","문리계학원","고유가 피해지원금","","116725581"
"감자이모","빛가람동","전라남도 나주시 그린로 325 105호","35.015558","126.794742","naver","농.수.축산물점","고유가 피해지원금|온누리","070)8862-0179","89789466"
"빛가람음악학원","빛가람동","전라남도 나주시 그린로 325 부영프라자 603호","35.015558","126.794742","naver","예체능계학원","고유가 피해지원금","061)333-3022","122020939"
"송현불고기 나주혁신점","빛가람동","전라남도 나주시 그린로 325 부영프라자111호","35.015456","126.794661","naver","한식","고유가 피해지원금|온누리","061)930-1271","108878426"
"어메이징","빛가람동","전남 나주시 빛가람동","35.015762","126.79464","dong","기계류 건축설비","고유가 피해지원금","","115041505"
"원탑과학학원","빛가람동","전라남도 나주시 그린로 325 부영프라자 1동 303호","35.015558","126.794742","naver","문리계학원","고유가 피해지원금","061)334-0002","86673989"
"연희수학전문학원","빛가람동","전라남도 나주시 그린로 325 4층 402호","35.015558","126.794742","naver","문리계학원","고유가 피해지원금","","119915724"
"뭉치랑 갗이","빛가람동","전남 나주시 빛가람동","35.021521","126.795983","dong","수예점","고유가 피해지원금","","114265610"
"댕끌림","빛가람동","전라남도 나주시 우정로 103 중흥S클래스 2차 상가 111호","35.023944","126.791561","naver","반려동물 서비스/용품점","고유가 피해지원금","","114284731"
"베이비룩(Baby look)","빛가람동","전라남도 나주시 중앙로 36-2","35.03255","126.719705","naver","아동 및 유아복점","고유가 피해지원금","","102677723"
"후라이드참잘하는집 나주혁신점","빛가람동","전라남도 나주시 우정로 101 중흥S클래스 2차상가 114호","35.023984","126.791669","naver","일반음식점 기타","고유가 피해지원금","061)333-5471","102880454"
"매직크리닝","빛가람동","전라남도 나주시 우정로 101 센트럴 2차 상가 241동 1층 106호","35.023924","126.790766","naver","세탁소","고유가 피해지원금","061)332-8933","84508487"
"네일유","빛가람동","전라남도 나주시 우정로 103 빛가람 중흥S-CLASS센트럴2차 상가 113호","35.023973","126.791639","naver","피부미용원","고유가 피해지원금","061)930-9002","102354447"
"이유헤어","빛가람동","전라남도 나주시 우정로 103 이유헤어","35.024145","126.79202","naver","미용원","고유가 피해지원금","","103879353"
"몬스터매스수학교습소","빛가람동","전라남도 나주시 우정로 103 중흥s-class센트럴 2차 상가 105호","35.023892","126.790769","naver","문리계학원","고유가 피해지원금","","112793324"
"드림별어린이집","빛가람동","전라남도 나주시 우정로 101 관리동","35.023873","126.790209","naver","아이행복 어린이집","고유가 피해지원금","061)335-5767","102515224"
"불닭발땡초동대문엽기떡볶이 나주빛가람점","빛가람동","전남 나주시 빛가람동","35.021063","126.782833","dong","일반음식점 기타","고유가 피해지원금","061)337-8592","87066986"
"I'm nail (아임네일)","빛가람동","전남 나주시 빛가람동","35.01471","126.793644","dong","피부미용원","고유가 피해지원금","070)7420-1448","86845895"
"씨유(CU)나주중흥센트럴2차점","빛가람동","전라남도 나주시 우정로 103","35.023924","126.790766","naver","편의점","고유가 피해지원금|온누리","02)1577-8007","121224099"
"중앙세탁소","빛가람동","전라남도 나주시 빛가람동 우정로 103 빛가람 중흥S-CLASS센트럴2차 상가동","35.023931","126.79153","naver","세탁소","고유가 피해지원금","061)337-8808","49616050"
"에스이 식품","빛가람동","전남 나주시 빛가람동","35.020088","126.796212","dong","기타 식품","고유가 피해지원금","","115395875"
"김현숙 헤어샵","빛가람동","전라남도 나주시 우정로 103 상가 242동 117호","35.023892","126.790769","naver","미용원","고유가 피해지원금","061)332-2244","49563260"
"더 봄헤어","빛가람동","전라남도 나주시 우정로 103 상가115호","35.023993","126.7917","naver","미용원","고유가 피해지원금","061)334-2458","81924599"
"네일 유메온","빛가람동","전라남도 나주시 우정로 103 상가동 122호","35.02419","126.792204","naver","피부미용원","고유가 피해지원금","","117878096"
"전자담배","빛가람동","전라남도 나주시 상야1길 12 B동 1층 110호","35.02184","126.786608","naver","일반잡화판매점","고유가 피해지원금|온누리","062)514-8899","83443426"
"뭉쓰살롱","빛가람동","전라남도 나주시 우정로 103 110호 뭉쓰살롱","35.023915","126.791493","naver","반려동물 서비스/용품점","고유가 피해지원금|온누리","070)7614-3579","119283786"
"빛가람파크골프","빛가람동","전라남도 나주시 쌍산3길 21","35.028213","126.795707","naver","스포츠용품점","고유가 피해지원금","","108266364"
"동그라미 테이블(dongrami table)","빛가람동","전라남도 나주시 쌍산3길 21 1층","35.02822","126.795726","naver","양식","고유가 피해지원금","","109801721"
"마콤","빛가람동","전라남도 나주시 그린로 317-17 105호","35.015829","126.793915","naver","양식","고유가 피해지원금|온누리","","121849208"
"푸라닭나주혁신도시점","빛가람동","전라남도 나주시 그린로 317-17","35.015839","126.794018","naver","일반음식점 기타","고유가 피해지원금|온누리","061)337-9206","97517545"
"빛가람동 행정복지센터","빛가람동","전라남도 나주시 빛가람로 719","35.02188","126.790193","naver","주차장","고유가 피해지원금","061)339-3957","112851442"
"시립도서관카페","빛가람동","전라남도 나주시 빛가람로 717","35.02221","126.789996","naver","커피/음료전문점","고유가 피해지원금","061)334-7090","100679443"
"닭갈비 제작소","빛가람동","전라남도 나주시 그린로 321 103호","35.015242","126.794938","naver","한식","고유가 피해지원금|온누리","061)333-1333","117292994"
"나주태광갈비 나주혁신점","빛가람동","전남 나주시 빛가람동","35.018628","126.796127","dong","한식","고유가 피해지원금|온누리","","111147912"
"천라마라탕탕후루","빛가람동","전라남도 나주시 그린로 321 1층 101-1호","35.015242","126.794938","naver","중식","고유가 피해지원금|온누리","","113821542"
"팀탑건","빛가람동","전라남도 나주시 그린로 321 1층 팀탑건","35.015107","126.794879","naver","종합스포츠센터","고유가 피해지원금","","114933491"
"온다뷰티","빛가람동","전라남도 나주시 그린로 321 107호","35.015242","126.794938","naver","피부미용원","고유가 피해지원금|온누리","","118156674"
"나주목초밥(나주본점)","빛가람동","전라남도 나주시 그린로 321 백산주차타워 1층 101호","35.015386","126.794992","naver","일반음식점 기타","고유가 피해지원금|온누리","061)930-8778","108864063"
"다락방","빛가람동","전라남도 나주시 상야3길 17 206호","35.022003","126.79133","naver","민예.공예.토산품","고유가 피해지원금|온누리","061)333-0132","79428695"
"(주)아이디","빛가람동","전라남도 나주시 빛가람동 그린로 317-15 아이디빌딩 4층, 5층","35.015634","126.794083","naver","볼링장","고유가 피해지원금","061)336-1991","79721032"
"참숯집","빛가람동","전라남도 나주시 그린로 317-15 1층 105호, 106호, 107호","35.015529","126.793983","naver","한식","고유가 피해지원금|온누리","061)333-9242","83680007"
"이수에카페","빛가람동","전라남도 나주시 그린로 317-15 102호,203호","35.015612","126.794066","naver","일반음식점 기타","고유가 피해지원금","061)337-7676","82600224"
"순간이닭나주혁신점","빛가람동","전라남도 나주시 그린로 317-15 1층 103호, 104호","35.015612","126.794066","naver","일반음식점 기타","고유가 피해지원금","063)653-0500","115888113"
"레이크락볼링장매점","빛가람동","전남 나주시 빛가람동","35.013346","126.79107","dong","일반잡화판매점","고유가 피해지원금","061)336-1991","79610853"
"굽네치킨나주혁신도시1호점","빛가람동","전남 나주시 빛가람동","35.02597","126.792783","dong","일반음식점 기타","고유가 피해지원금|온누리","","120861726"
"엔비피씨","빛가람동","전남 나주시 빛가람동","35.017814","126.782987","dong","컴퓨터기기","고유가 피해지원금","","119140121"
"알파 빛가람중앙점","빛가람동","전라남도 나주시 상야3길 8 중흥메가티움2차상가 A동 117호","35.023415","126.789958","naver","문방구점","고유가 피해지원금|온누리","","105614930"
"네일 더예뻐","빛가람동","전라남도 나주시 상야3길 8 중흥메가티움2차 상가 111-1호","35.022925","126.790364","naver","피부미용원","고유가 피해지원금|온누리","061)820-8777","116373005"
"오늘도 혁신","빛가람동","전라남도 나주시 상야3길 8 113호","35.023391","126.790356","naver","한식","고유가 피해지원금","061)332-2244","121412473"
"드림메디컬","빛가람동","전남 나주시 빛가람동","35.023268","126.795493","dong","의료기기 및 용품","고유가 피해지원금","061)393-6117","89295831"
"라온제이 주식회사","빛가람동","전남 나주시 빛가람동","35.02164","126.782814","dong","일반잡화판매점","고유가 피해지원금","","112413808"
"현대농원농산물직판장","빛가람동","전남 나주시 빛가람동","35.014271","126.793269","dong","농.수.축산물점","고유가 피해지원금","061)331-7722","76473031"
"알리바이 메가티움점","빛가람동","전라남도 나주시 상야3길 8","35.022926","126.790364","naver","편의점","고유가 피해지원금","061)332-1889","66403879"
"크린토피아 코인워시 나주혁신도시중흥점","빛가람동","전라남도 나주시 빛가람동 상야3길 8 (빛가람동) 중흥메가티움2차 115, 116호","35.022925","126.790364","naver","세탁소","고유가 피해지원금|온누리","061)333-2599","111884916"
"얌샘김밥","빛가람동","전라남도 나주시 상야3길 8 110호","35.023275","126.790635","naver","휴게음식점","고유가 피해지원금","061)332-6994","96865038"
"알리바이 (메가티움점)","빛가람동","전라남도 나주시 상야3길 8","35.022926","126.790364","naver","일반잡화판매점","고유가 피해지원금","061)332-1889","93172337"
"중흥가족치과의원","빛가람동","전라남도 나주시 상야3길 8","35.023067","126.790621","naver","일반.치과.한의원","고유가 피해지원금","062)376-2879","68618203"
"빛가람농구교실","빛가람동","전라남도 나주시 상야3길 8 1층 112호(빛가람동, 중흥s클래스 메가 티움 2차)","35.023391","126.790518","naver","레포츠클럽","고유가 피해지원금","","107811963"
"맥시칸치킨 나주혁신점","빛가람동","전라남도 나주시 상야3길 8 1층 104호","35.022718","126.79073","naver","한식","고유가 피해지원금|온누리","061)332-8585","118793303"
"수제비랑 국수랑","빛가람동","전라남도 나주시 상야3길 8 102호","35.022431","126.79059","naver","한식","고유가 피해지원금|온누리","","117959753"
"지에스25 나주메가티움점","빛가람동","전라남도 나주시 상야3길 8 중흥S클래스 메가티움2차 1층 130호","35.022926","126.790364","naver","편의점","고유가 피해지원금|온누리","080)555-2525","89045673"
"카페플라워92","빛가람동","전라남도 나주시 쌍산3길 5-6","35.02801","126.794722","naver","커피/음료전문점","고유가 피해지원금","061)334-8009","96041130"
"모범이용원","빛가람동","전라남도 나주시 빛가람동 쌍산3길 41-11","35.028637","126.796326","naver","이용원","고유가 피해지원금","061)331-1386","99855526"
"디어베스티","빛가람동","전라남도 나주시 쌍산3길 41 1층 101호","35.028864","126.797037","naver","양식","고유가 피해지원금","","122058897"
"타이어프로","빛가람동","전라남도 나주시 쌍산3길 19-6","35.028535","126.795546","naver","차량 정비/부품/인테리어","고유가 피해지원금","061)334-0504","38385850"
"위즈에프앤비","빛가람동","전남 나주시 빛가람동","35.026435","126.791986","dong","한식","고유가 피해지원금","","114349907"
"엔스터치","빛가람동","전라남도 나주시 그린로 317-9 108호","35.015156","126.794365","naver","피부미용원","고유가 피해지원금","","111306287"
"(주)스마트미디어","빛가람동","전라남도 나주시 호수로 77","35.015403","126.790944","naver","이벤트업","고유가 피해지원금","","115307764"
"집밥먹개 집밥먹냥","빛가람동","전라남도 나주시 그린로 317-9 스카이빌딩 109호 멍냥밥집","35.015156","126.794208","naver","반려동물 서비스/용품점","고유가 피해지원금","","113933741"
"웰탑어학원","빛가람동","전라남도 나주시 그린로 317-9","35.015147","126.794368","naver","외국어학원","고유가 피해지원금","061)662-0179","88398676"
"안심수학전문학원","빛가람동","전라남도 나주시 그린로 317-9 303-2호","35.015156","126.794365","naver","문리계학원","고유가 피해지원금","","112850074"
"(주)일구구사투어렌트카 나주지점","빛가람동","전남 나주시 빛가람동","35.020746","126.782571","dong","렌트카","고유가 피해지원금","061)336-1994","89680568"
"지구인점빵","빛가람동","전남 나주시 빛가람동","35.014767","126.794051","dong","주방 및 가정용품점","고유가 피해지원금","","107638065"
"키즈나무","빛가람동","전남 나주시 빛가람동","35.026937","126.789623","dong","교육기자재","고유가 피해지원금","","114449418"
"더존퍼니처","빛가람동","전남 나주시 빛가람동","35.014965","126.784665","dong","주방기구점","고유가 피해지원금","","104852344"
"원플로우","빛가람동","전라남도 나주시 그린로 317-7 2층 203호","35.014925","126.794503","naver","종합스포츠센터","고유가 피해지원금|온누리","","119809910"
"넉넉(KnockKnock)","빛가람동","전라남도 나주시 그린로 317-7","35.014925","126.794503","naver","커피/음료전문점","고유가 피해지원금","061)123-4564","95414555"
"에이원플러스","빛가람동","전남 나주시 빛가람동","35.013106","126.790536","dong","컴퓨터기기","고유가 피해지원금","","119550729"
"빈들의 기적","빛가람동","전남 나주시 빛가람동","35.025786","126.793339","dong","한식","고유가 피해지원금","","106839286"
"조아트미술학원","빛가람동","전라남도 나주시 그린로 317-7 402호","35.014925","126.794503","naver","예체능계학원","고유가 피해지원금","061)336-7797","87015455"
"어뮤즈","빛가람동","전라남도 나주시 그린로 317-7 명작갤러리빌딩 3층, 4층","35.014925","126.794503","naver","시설대여업","고유가 피해지원금","","116708735"
"소담","빛가람동","전라남도 나주시 쌍산1길 42 1층(빛가람동) 소담 보리밥전문점","35.02866","126.795176","naver","한식","고유가 피해지원금","0507)1343-9352","114410784"
"유한회사 이룸축산유통","빛가람동","전남 나주시 빛가람동","35.013592","126.786667","dong","농.수.축산물점","고유가 피해지원금","061)331-1123","110309707"
"오토엘란","빛가람동","전라남도 나주시 쌍산1길 47 1층 오토엘란","35.029173","126.79575","naver","차량 정비/부품/인테리어","고유가 피해지원금","","82706430"
"치유 커피","빛가람동","전라남도 나주시 쌍산1길 33-14 1층","35.029042","126.794968","naver","커피/음료전문점","고유가 피해지원금","","112697651"
"유한회사 빛가람모터스","빛가람동","전남 나주시 빛가람동","35.013861","126.792847","dong","차량 정비/부품/인테리어","고유가 피해지원금","","117342716"
"(주)피알푸드","빛가람동","전남 나주시 빛가람동","35.026791","126.791123","dong","기타 식품","고유가 피해지원금","","118945296"
"공임나라 나주빛가람점","빛가람동","전라남도 나주시 쌍산1길 47-3 1층","35.029319","126.79532","naver","차량 정비/부품/인테리어","고유가 피해지원금","061)1234-0000","119032346"
"(주)더베스트파트너","빛가람동","전남 나주시 빛가람동","35.018938","126.7964","dong","차량 정비/부품/인테리어","고유가 피해지원금","061)334-6601","76617589"
"빛가람웰컴퓨터","빛가람동","전라남도 나주시 우정로 56 토담리치타워 B동 104호","35.023658","126.786301","naver","컴퓨터기기","고유가 피해지원금|온누리","","99554941"
"나주시청(빛가람복합문화체육센터)","빛가람동","전라남도 나주시 시청길 22 나주시청","35.015814","126.710814","naver","주차장","고유가 피해지원금","061)339-2757","121608192"
"(주)서현씨엠에스(카페호수)","빛가람동","전남 나주시 빛가람동","35.024856","126.79453","dong","커피/음료전문점","고유가 피해지원금","","121487045"
"행복공방","빛가람동","전라남도 나주시 쌍산1길 33-7 1층","35.029039","126.794211","naver","기타 식품","고유가 피해지원금","","115847604"
"오토게러지","빛가람동","전라남도 나주시 쌍산1길 33-7 1층 솔라가드","35.029039","126.794211","naver","차량 정비/부품/인테리어","고유가 피해지원금","","93324543"
"라니필라테스","빛가람동","전라남도 나주시 우정로 56 토담리치타워 B동 203호","35.023812","126.786145","naver","요가","고유가 피해지원금|온누리","","96479359"
"에스엠정보통신","빛가람동","전남 나주시 빛가람동","35.014303","126.78533","dong","정보통신기기","고유가 피해지원금","061)337-8090","79865381"
"헤어디자인 더 라임","빛가람동","전라남도 나주시 상야2길 7 중흥s클래스 메가티움 1차 141호","35.022913","126.788844","naver","미용원","고유가 피해지원금|온누리","061)930-8262","86912872"
"배보삼춘","빛가람동","전라남도 나주시 상야2길 7 중흥S클래스메가티움상가1차 A동 1층","35.023371","126.789222","naver","한식","고유가 피해지원금|온누리","","113395037"
"요거팡 나주혁신점","빛가람동","전남 나주시 빛가람동","35.013232","126.791467","dong","휴게음식점","고유가 피해지원금|온누리","061)335-7325","120434588"
"오투스파식당","빛가람동","전남 나주시 빛가람동","35.026323","126.792567","dong","한식","고유가 피해지원금","061)335-0200","117982610"
"호식이 두마리치킨 나주혁신도시점","빛가람동","전남 나주시 빛가람동","35.017408","126.782908","dong","일반음식점 기타","고유가 피해지원금|온누리","061)335-5093","114984872"
"기울어진 뚝배기 나주혁신도시점","빛가람동","전라남도 나주시 상야2길 7 B동 1층 107호","35.022913","126.788845","naver","한식","고유가 피해지원금|온누리","061)820-8223","119573861"
"나주혁신 중흥점 와이마트","빛가람동","전남 나주시 빛가람동","35.026309","126.786324","dong","정육점","고유가 피해지원금|온누리","061)335-9007","119284837"
"비비큐 프리미엄 카페","빛가람동","전남 나주시 빛가람동","35.013198","126.787523","dong","일반음식점 기타","고유가 피해지원금|온누리","061)337-9919","110160404"
"토탈기획","빛가람동","전라남도 나주시 상야2길 7","35.022913","126.788845","naver","조명 전기기구점","고유가 피해지원금","","105756207"
"중흥오투스파","빛가람동","전라남도 나주시 상야2길 7 중흥s클래스 메가티움 1차 2층","35.022656","126.788977","naver","일반잡화판매점","고유가 피해지원금","031)335-0200","100960055"
"고기동네","빛가람동","전라남도 나주시 상야2길 7 145호","35.022913","126.788845","naver","한식","고유가 피해지원금","061)336-7700","98449325"
"방자전","빛가람동","전남 나주시 빛가람동","35.02703","126.79021","dong","한식","고유가 피해지원금","","110172106"
"어차피감자탕","빛가람동","전라남도 나주시 상야2길 7 145호","35.022913","126.788845","naver","한식","고유가 피해지원금|온누리","","121768559"
"딱이네단팥빵","빛가람동","전라남도 나주시 상야2길 7","35.023337","126.788631","naver","일반음식점 기타","고유가 피해지원금|온누리","061)332-4949","76173191"
"비비드","빛가람동","전라남도 나주시 석전1길 10 202호","35.025629","126.779416","naver","피부미용원","고유가 피해지원금|온누리","","88770661"
"동네김밥","빛가람동","전라남도 나주시 상야2길 7 104호, 스타벅스 건너편. 한솥도시락 입구.","35.022544","126.788458","naver","일반음식점 기타","고유가 피해지원금|온누리","","104867822"
"세탁갤러리","빛가람동","전라남도 나주시 상야2길 7 108호","35.022973","126.788444","naver","세탁소","고유가 피해지원금|온누리","061)333-9908","121745291"
"섬진강추어탕나주혁신점","빛가람동","전남 나주시 빛가람동","35.01887","126.782458","dong","한식","고유가 피해지원금|온누리","061)332-0911","88047161"
"한스푼 한끼.한잔","빛가람동","전라남도 나주시 상야2길 7 중흥S클래스메가티움1차 B동 105호 한스푼 한끼,한잔","35.022681","126.788442","naver","한식","고유가 피해지원금|온누리","061)513-0580","118472268"
"김삿갓통닭 나주혁신점","빛가람동","전라남도 나주시 상야2길 7 상가동 113호 A동","35.023177","126.788462","naver","일반음식점 기타","고유가 피해지원금|온누리","","117937271"
"(주)한한","빛가람동","전남 나주시 빛가람동","35.013732","126.786087","dong","한식","고유가 피해지원금","061)1833-8579","78647939"
"윤분식","빛가람동","전라남도 나주시 상야2길 7 1층 112호","35.022913","126.788845","naver","휴게음식점","고유가 피해지원금|온누리","","110944983"
"역전할머니맥주 1982 나주혁신도시점","빛가람동","전남 나주시 빛가람동","35.022817","126.782936","dong","한식","고유가 피해지원금","061)333-1982","110052770"
"세븐일레븐 나주혁신중흥점","빛가람동","전라남도 나주시 빛가람동 상야2길 7","35.022501","126.788457","naver","편의점","고유가 피해지원금|온누리","02)1577-0711","113677270"
"거북선","빛가람동","전남 나주시 빛가람동","35.026754","126.79172","dong","한식","고유가 피해지원금","","113969595"
"중흥이용원","빛가람동","전남 나주시 빛가람동","35.016517","126.783241","dong","이용원","고유가 피해지원금","061)335-0200","116265767"
"소키우는 배보삼춘","빛가람동","전라남도 나주시 상야2길 7 중흥S클래스메가티움상가1차 A동 1층","35.023371","126.789222","naver","정육점","고유가 피해지원금|온누리","","113405855"
"오투치킨바","빛가람동","전남 나주시 빛가람동","35.025899","126.785464","dong","일반음식점 기타","고유가 피해지원금","061)335-0200","109761530"
"달리는커피나주혁신도시점","빛가람동","전라남도 나주시 상야2길 7 1층 101호","35.022457","126.788644","naver","커피/음료전문점","고유가 피해지원금|온누리","061)333-7709","121635057"
"치순이통닭 나주혁신점","빛가람동","전라남도 나주시 상야2길 7 A동 1층 120호","35.022913","126.788844","naver","한식","고유가 피해지원금|온누리","070)7614-3579","122141582"
"메가티움1차여자사우나내매점","빛가람동","전남 나주시 빛가람동","35.020405","126.782332","dong","일반잡화판매점","고유가 피해지원금","061)335-0200","104318247"
"랑헤어","빛가람동","전남 나주시 빛가람동","35.014857","126.794458","dong","미용원","고유가 피해지원금","061)333-7879","78928175"
"빛그린유치원","빛가람동","전라남도 나주시 쌍산1길 1","35.027363","126.791293","naver","아이행복 유치원","고유가 피해지원금","061)335-5172","96977553"
"(주)니나노플래닝","빛가람동","전남 나주시 빛가람동","35.014568","126.784791","dong","사진관","고유가 피해지원금","","105427901"
"시골통돼지볶음삼겹살빛가람2호점","빛가람동","전라남도 나주시 쌍산2길 50 (빛가람동 53-4)","35.030083","126.796347","naver","한식","고유가 피해지원금","061)335-5575","59771755"
"도담유치원","빛가람동","전라남도 나주시 월정5길 26","35.00675","126.786333","naver","아이행복 유치원","고유가 피해지원금","061)339-9613","92223216"
"카페 비하인드","빛가람동","전라남도 나주시 호수로 77 1층","35.015535","126.790632","naver","커피/음료전문점","고유가 피해지원금","061)333-1397","114735841"
"한수위수학학원","빛가람동","전라남도 나주시 쌍산2길 22-1 1층","35.029776","126.794201","naver","문리계학원","고유가 피해지원금","","103372279"
"달시","빛가람동","전라남도 나주시 쌍산2길 18 102호","35.029615","126.793754","naver","기타 식품","고유가 피해지원금","","121026114"
"산들치과의원","빛가람동","전라남도 나주시 상야2길 22 4층 1호 산들치과의원","35.021574","126.78791","naver","일반.치과.한의원","고유가 피해지원금|온누리","061)336-2275","84093862"
"봄이네호떡","빛가람동","전라남도 나주시 상야2길 22","35.021418","126.787903","naver","휴게음식점","고유가 피해지원금","","122053669"
"스카이 수학·과학 전문 학원","빛가람동","전라남도 나주시 상야2길 22 선도타워 6층","35.021588","126.787926","naver","문리계학원","고유가 피해지원금","061)335-2346","82208068"
"북촌손만두 나주혁신도시점","빛가람동","전라남도 나주시 상야2길 22 선도타워 101호 북촌손만두","35.021435","126.787797","naver","한식","고유가 피해지원금|온누리","061)331-1400","110597105"
"플로리쉬","빛가람동","전라남도 나주시 석전2길 18-2 1층","35.024238","126.778842","naver","화원","고유가 피해지원금","0507)1304-0408","96496268"
"별밤포차","빛가람동","전라남도 나주시 상야2길 22 선도타워 117호","35.021574","126.78791","naver","한식","고유가 피해지원금","","121954601"
"완연","빛가람동","전라남도 나주시 상야2길 22 1층 116호","35.021649","126.787768","naver","일식/생선회집","고유가 피해지원금|온누리","","121194261"
"행복골프 훈련소 나주혁신점","빛가람동","전라남도 나주시 상야2길 22 3층","35.021574","126.78791","naver","골프연습장","고유가 피해지원금|온누리","","113300788"
"이철헤어커커","빛가람동","전라남도 나주시 상야2길 22 선도타워 2F 이철헤어커커 나주혁신점","35.021574","126.78791","naver","미용원","고유가 피해지원금|온누리","070)7614-3579","90556861"
"포인트정석속독학원","빛가람동","전라남도 나주시 우정로 56 비동 303호","35.023658","126.786301","naver","기타학원","고유가 피해지원금","061)333-6001","84419304"
"엠브로키친나주혁신점","빛가람동","전남 나주시 빛가람동","35.012767","126.789385","dong","한식","고유가 피해지원금","061)930-4417","111775924"
"크로스핏 버서커","빛가람동","전라남도 나주시 상야2길 22 7층 702호","35.021574","126.78791","naver","종합스포츠센터","고유가 피해지원금|온누리","061)333-4495","82317613"
"레드포스 PC아레나 나주빛가람점","빛가람동","전라남도 나주시 상야2길 22 3층 제302호, 제303호","35.021574","126.78791","naver","비디오방/게임방","고유가 피해지원금","070)4096-0600","121883730"
"뉴(NEW) 봄날","빛가람동","전남 나주시 빛가람동","35.015519","126.795159","dong","피부미용원","고유가 피해지원금","061)335-9888","98246648"
"엔케이월드투어유한회사","빛가람동","전남 나주시 빛가람동","35.02713","126.788297","dong","관광여행사","고유가 피해지원금|온누리","062)222-5919","75774706"
"버서커 짐 문화비","빛가람동","전라남도 나주시 상야2길 22 선도타워 7층 701호","35.021574","126.78791","naver","종합스포츠센터","고유가 피해지원금|온누리","","119044101"
"썬통신","빛가람동","전라남도 나주시 상야2길 22","35.021404","126.787993","naver","정보통신기기","고유가 피해지원금|온누리","061)331-0071","81499819"
"버서커 P.T","빛가람동","전라남도 나주시 상야2길 22 선도타워6층 605호 버서커 P.T","35.021574","126.78791","naver","종합스포츠센터","고유가 피해지원금|온누리","061)332-1243","105448369"
"명동아이랜드","빛가람동","전라남도 나주시 상야2길 22 선도타워 1층 113호, 114호","35.021608","126.788033","naver","안경점","고유가 피해지원금|온누리","061)331-5607","113052228"
"로잔발레필라테스학원","빛가람동","전라남도 나주시 상야2길 22 선도타워 6층 604호","35.021588","126.787926","naver","예체능계학원","고유가 피해지원금","061)335-7033","81854762"
"버서커 짐","빛가람동","전라남도 나주시 상야2길 22 선도타워 7층 701호","35.021574","126.78791","naver","종합스포츠센터","고유가 피해지원금|온누리","","108863121"
"영글로우 슈가링","빛가람동","전라남도 나주시 상야2길 16 1동 1층 111호","35.022028","126.788013","naver","피부미용원","고유가 피해지원금|온누리","","118583991"
"청파한의원","빛가람동","전라남도 나주시 상야2길 16 1동 2층 204호","35.022169","126.787769","naver","일반.치과.한의원","고유가 피해지원금|온누리","061)335-7850","116383618"
"리얼펍살얼음맥주","빛가람동","전라남도 나주시 상야2길 16 109호","35.022156","126.787988","naver","일반주점","고유가 피해지원금|온누리","061)443-7375","111370654"
"요릿집","빛가람동","전라남도 나주시 상야2길 16 1층 101호","35.021936","126.787766","naver","한식","고유가 피해지원금|온누리","","113460021"
"아오르뷰티(Aor)","빛가람동","전라남도 나주시 상야2길 16 2층","35.022011","126.787887","naver","피부미용원","고유가 피해지원금|온누리","","120370548"
"헤어바이나영","빛가람동","전라남도 나주시 상야2길 16 1동 1층 115호","35.021885","126.788014","naver","미용원","고유가 피해지원금","061)371-0000","116106422"
"쉐프'S집밥","빛가람동","전남 나주시 빛가람동","35.027264","126.78986","dong","한식","고유가 피해지원금","061)332-5511","74458146"
"씨유 나주휴로스1차점","빛가람동","전라남도 나주시 상야2길 16 (빛가람동) 1층 107호","35.022011","126.787887","naver","편의점","고유가 피해지원금|온누리","061)332-2137","78574764"
"욘더스콘 나주점","빛가람동","전라남도 나주시 상야2길 16 116호","35.021845","126.788023","naver","커피/음료전문점","고유가 피해지원금|온누리","","112856711"
"투다리 나주혁신점","빛가람동","전라남도 나주시 상야2길 16 1동 102호","35.021978","126.787779","naver","일반음식점 기타","고유가 피해지원금|온누리","061)333-8139","112364037"
"비에이치씨 나주혁신도시점","빛가람동","전라남도 나주시 상야2길 16 104호","35.022011","126.787887","naver","일반음식점 기타","고유가 피해지원금|온누리","061)332-9271","121846112"
"해썸헤어","빛가람동","전라남도 나주시 상야2길 16 토담휴로스 1차 205호(빛가람동)","35.022011","126.787887","naver","미용원","고유가 피해지원금|온누리","061)333-0812","99074637"
"정해정 PT스튜디오","빛가람동","전라남도 나주시 상야2길 16 토담휴로스1차오피스텔 1동 2층 206호","35.022011","126.787887","naver","피부미용원","고유가 피해지원금|온누리","","109440661"
"라화공방","빛가람동","전라남도 나주시 상야2길 16 103호","35.022033","126.787761","naver","중식","고유가 피해지원금|온누리","061)337-8846","101459487"
"네일 혜","빛가람동","전라남도 나주시 상야2길 16 1동 112호( 빛가람동 토담휴로스 1차 오피스텔)","35.021976","126.788016","naver","피부미용원","고유가 피해지원금","","117511762"
"텐진야끼니꾸 나주혁신점","빛가람동","전라남도 나주시 상야2길 16 105호","35.02211","126.787785","naver","일식/생선회집","고유가 피해지원금|온누리","","110763711"
"목포미가","빛가람동","전남 나주시 빛가람동","35.022734","126.79626","dong","일반음식점 기타","고유가 피해지원금","","110880321"
"빛나라","빛가람동","전남 나주시 빛가람동","35.022551","126.782609","dong","기성복점","고유가 피해지원금","","113495781"
"한주당구클럽","빛가람동","전남 나주시 빛가람동","35.013461","126.792804","dong","당구장","고유가 피해지원금","061)366-2779","98992530"
"피제이짐","빛가람동","전라남도 나주시 상야2길 16 208호 토담휴로스 2층","35.022036","126.787887","naver","예체능계학원","고유가 피해지원금|온누리","061)337-6077","96245934"
"뚜레쥬르빛가람점","빛가람동","전라남도 나주시 그린로 341","35.01707","126.794032","naver","제과점/아이스크림점","고유가 피해지원금|온누리","061)332-8455","46214093"
"(주)에스피에스학원","빛가람동","전라남도 나주시 쌍산2길 19 202호","35.029925","126.793707","naver","문리계학원","고유가 피해지원금","061)336-0782","117234286"
"SPS","빛가람동","전라남도 나주시 쌍산2길 19 202호","35.029925","126.793707","naver","외국어학원","고유가 피해지원금","061)336-0780","113833958"
"윤수학학원","빛가람동","전라남도 나주시 쌍산2길 19 매성프라자 5층","35.029935","126.793697","naver","문리계학원","고유가 피해지원금","","97040266"
"(주)브랜드노","빛가람동","전남 나주시 빛가람동","35.024916","126.794928","dong","농.수.축산물점","고유가 피해지원금","070)4944-2761","103376542"
"더홀릭(나주혁신점)","빛가람동","전라남도 나주시 상야1길 21 킹덤프라자 A동 2층 206호","35.022578","126.787885","naver","커피/음료전문점","고유가 피해지원금|온누리","070)4649-1101","114620085"
"꽃 한송이","빛가람동","전라남도 나주시 상야1길 21 킹덤프라자 A동 118호","35.022775","126.787901","naver","화원","고유가 피해지원금|온누리","061)930-7074","94573153"
"비비드윤","빛가람동","전라남도 나주시 상야1길 21 킹덤프라자 B동 114-1호","35.022598","126.787171","naver","미용원","고유가 피해지원금|온누리","061)820-7889","107156466"
"에브리커피 나주혁신점","빛가람동","전라남도 나주시 상야1길 21 A동 112호","35.022454","126.787651","naver","커피/음료전문점","고유가 피해지원금|온누리","","118446212"
"빛가람통신","빛가람동","전라남도 나주시 정보화길 1","35.02429","126.795629","naver","정보통신기기","고유가 피해지원금","061)333-2244","114334752"
"재간댁삼겹살","빛가람동","전라남도 나주시 상야1길 21 킹덤프라자 b동 202호","35.022619","126.786793","naver","한식","고유가 피해지원금","","116514998"
"오늘도탁구 나주혁신점","빛가람동","전라남도 나주시 상야1길 21 킹덤프라자 A동 3층 305호","35.022578","126.787885","naver","레포츠클럽","고유가 피해지원금","","120522611"
"제이브로(J.Bro)","빛가람동","전라남도 나주시 상야1길 21 A동 2층 204호","35.022565","126.787872","naver","미용원","고유가 피해지원금","061)337-4394","97763855"
"창평국밥","빛가람동","전라남도 나주시 상야1길 21 킹덤프라자 C동 107호","35.022856","126.787376","naver","한식","고유가 피해지원금|온누리","061)332-7940","117541476"
"마구로 혼","빛가람동","전라남도 나주시 상야1길 21","35.022495","126.786943","naver","일식/생선회집","고유가 피해지원금","061)334-2221","84533388"
"프랭크커핀바나주혁신점","빛가람동","전남 나주시 빛가람동","35.026705","126.786387","dong","커피/음료전문점","고유가 피해지원금|온누리","","111466460"
"래쉬랩스","빛가람동","전라남도 나주시 상야1길 21 킹덤프라자 A동 205호","35.022578","126.787885","naver","피부미용원","고유가 피해지원금","061)333-2514","82158455"
"어니스트식스티","빛가람동","전라남도 나주시 상야1길 21 킹덤프라자 B동 116호","35.022655","126.787384","naver","한식","고유가 피해지원금|온누리","","117426934"
"디자인 골프 아카데미","빛가람동","전라남도 나주시 상야1길 21 킹덤프라자A동 6층","35.022578","126.787885","naver","골프연습장","고유가 피해지원금","061)336-0753","121296767"
"괜찮은하루","빛가람동","전라남도 나주시 빛가람동 195 킹덤프라자 a동 4층","35.02247","126.788042","naver","피부미용원","고유가 피해지원금|온누리","061)332-2588","83709529"
"크라우드PC 나주혁신도시점","빛가람동","전라남도 나주시 상야1길 21 비동 3층 306호","35.022512","126.787233","naver","비디오방/게임방","고유가 피해지원금","070)8456-8775","109803524"
"깐깐한족발","빛가람동","전라남도 나주시 상야1길 21 킹덤프라자 비동 101호","35.022769","126.786786","naver","한식","고유가 피해지원금|온누리","061)336-2292","115825393"
"유에프오 나주혁신점(UFO)","빛가람동","전남 나주시 빛가람동","35.01963","126.79688","dong","완구점","고유가 피해지원금","","120125704"
"컴포즈커피 나주혁신점","빛가람동","전라남도 나주시 상야1길 21 B동 B112-1","35.022466","126.787242","naver","커피/음료전문점","고유가 피해지원금|온누리","","100395408"
"스토리 네일","빛가람동","전라남도 나주시 상야1길 21 킹덤프라자 B동1층 114호","35.02257","126.787341","naver","피부미용원","고유가 피해지원금","","94575971"
"일품양평해장국나주혁신도시점","빛가람동","전라남도 나주시 상야1길 21 A동 114, 115호","35.022578","126.787885","naver","한식","고유가 피해지원금|온누리","070)6326-6954","112376011"
"찡찡꼬마김밥 나주혁신점","빛가람동","전라남도 나주시 상야1길 21 B동 105호","35.022509","126.786783","naver","휴게음식점","고유가 피해지원금|온누리","","117545890"
"아찌","빛가람동","전라남도 나주시 상야1길 21 킹덤프라자빌딩 B동 109호","35.022453","126.787009","naver","일식/생선회집","고유가 피해지원금|온누리","061)334-8900","91966789"
"목포낙지전문점","빛가람동","전라남도 나주시 상야1길 21","35.022521","126.787832","naver","한식","고유가 피해지원금","","100470880"
"나드리","빛가람동","전라남도 나주시 상야1길 21 C동 1층 118호","35.022824","126.787672","naver","농.수.축산물점","고유가 피해지원금|온누리","061)333-1266","119423754"
"달다","빛가람동","전라남도 나주시 상야1길 21 C동 117호","35.022578","126.787885","naver","피부미용원","고유가 피해지원금|온누리","","112470048"
"드림점프줄넘기클럽","빛가람동","전라남도 나주시 상야1길 21 A동 201호","35.022598","126.788077","naver","예체능계학원","고유가 피해지원금|온누리","061)335-7790","120901999"
"수나래초등수학학원","빛가람동","전라남도 나주시 상야1길 21 킹덤프라자 A동 403호","35.022578","126.787885","naver","문리계학원","고유가 피해지원금","061)332-3709","75313879"
"청해양만나주점","빛가람동","전남 나주시 빛가람동","35.026987","126.792045","dong","농.수.축산물점","고유가 피해지원금","","111712294"
"벌크짐","빛가람동","전라남도 나주시 상야1길 21 킹덤프라자 제에이동 5층 501호 501-1호, 502호, 502-1호","35.022578","126.787885","naver","종합스포츠센터","고유가 피해지원금|온누리","0507)1323-0003","119102621"
"노브랜드버거 나주혁신점","빛가람동","전라남도 나주시 상야1길 21 A동 1층 113-1호","35.022578","126.787885","naver","패스트푸드점","고유가 피해지원금|온누리","","117931124"
"아이작수학아이비(IB)대치영어학원","빛가람동","전남 나주시 빛가람동","35.026298","126.785479","dong","문리계학원","고유가 피해지원금","061)930-0937","116676149"
"프랭크버거 나주혁신점","빛가람동","전라남도 나주시 빛가람동 196","35.022458","126.787092","naver","패스트푸드점","고유가 피해지원금|온누리","061)332-8777","82299615"
"힐링아로마테라피","빛가람동","전남 나주시 빛가람동","35.024523","126.795413","dong","피부미용원","고유가 피해지원금","061)336-8666","118983906"
"(주)모동숲","빛가람동","전남 나주시 빛가람동","35.020659","126.782025","dong","일반음식점 기타","고유가 피해지원금","","101366934"
"참숯벽돌","빛가람동","전라남도 나주시 상야1길 21 B동111호112호 1층 참숯벽돌 [구 벽돌집]","35.022446","126.787226","naver","한식","고유가 피해지원금|온누리","061)366-7206","85927067"
"나주멋짐 주짓수","빛가람동","전라남도 나주시 상야1길 21 A동 A-404호","35.022578","126.787885","naver","레포츠클럽","고유가 피해지원금","","114394641"
"헤어샵차미","빛가람동","전라남도 나주시 상야1길 21 킹덤프라자 C동 124호","35.022578","126.787885","naver","미용원","고유가 피해지원금|온누리","","115230988"
"명랑시대 쌀핫도그 나주혁신점","빛가람동","전라남도 나주시 상야1길 21","35.022458","126.787783","naver","휴게음식점","고유가 피해지원금|온누리","061)333-1524","81705926"
"세렌디키친","빛가람동","전라남도 나주시 상야1길 21 C동 123호","35.022852","126.787791","naver","양식","고유가 피해지원금|온누리","061)930-5774","113968653"
"온시 베이커리","빛가람동","전라남도 나주시 상야1길 21 킹덤프라자 A동 101-1호 온시 베이커리","35.022578","126.787885","naver","제과점/아이스크림점","고유가 피해지원금|온누리","","122272336"
"옛날아우내순대국밥나주혁신점","빛가람동","전남 나주시 빛가람동","35.02631","126.793513","dong","한식","고유가 피해지원금|온누리","","102553374"
"옷고리","빛가람동","전남 나주시 빛가람동","35.018057","126.782219","dong","기성복점","고유가 피해지원금","","110677112"
"라운지","빛가람동","전라남도 나주시 빛가람동 전력로 55","35.026369","126.784454","naver","일반주점","고유가 피해지원금","","115959036"
"육온담","빛가람동","전라남도 나주시 상야1길 21 킹덤프라자 B동 106호","35.022484","126.78683","naver","한식","고유가 피해지원금|온누리","","113176353"
"전라도","빛가람동","전라남도 나주시 상야1길 21 B동 113호","35.022522","126.787296","naver","한식","고유가 피해지원금|온누리","061)332-0614","110494849"
"슈퍼타이","빛가람동","전라남도 나주시 상야1길 21 A동 303호","35.022521","126.787832","naver","피부미용원","고유가 피해지원금","","112870868"
"88포장마차 나주점","빛가람동","전라남도 나주시 상야1길 21 B동 108호","35.02247","126.787077","naver","한식","고유가 피해지원금|온누리","061)333-8807","108089735"
"퀸주얼리","빛가람동","전라남도 나주시 빛가람동 196","35.02246","126.787618","naver","악세사리점","고유가 피해지원금","061)334-1052","82354308"
"자연힐링","빛가람동","전남 나주시 빛가람동","35.02734","126.791106","dong","건강식품점","고유가 피해지원금","061)336-8990","109048500"
"모두멀티 만화카페","빛가람동","전라남도 나주시 상야1길 21 킹덤프라자 B동 2층 205호","35.022513","126.787023","naver","비디오 및 도서대여점","고유가 피해지원금|온누리","061)333-3533","121384403"
"위도노","빛가람동","전라남도 나주시 상야1길 21 킹덤프라자 C동 102호 위도노","35.022882","126.787141","naver","일반음식점 기타","고유가 피해지원금|온누리","","102234735"
"정동","빛가람동","전라남도 나주시 상야1길 21 킹덤프라자 c동 116호","35.022762","126.787572","naver","일반음식점 기타","고유가 피해지원금|온누리","","112624450"
"장어사계","빛가람동","전라남도 나주시 상야1길 21 킹덤프라자 B동201호","35.022728","126.786866","naver","한식","고유가 피해지원금|온누리","061)331-5577","81906005"
"줌바투나잇나주혁신점","빛가람동","전라남도 나주시 상야1길 21 킹덤프라자 B동 4층 404호","35.022578","126.787885","naver","레포츠클럽","고유가 피해지원금|온누리","","117110023"
"온시 베이커리","빛가람동","전라남도 나주시 상야1길 21 킹덤프라자 A동 101-1호 온시 베이커리","35.022578","126.787885","naver","제과점/아이스크림점","고유가 피해지원금|온누리","","122026867"
"소곱집","빛가람동","전라남도 나주시 상야1길 21 B동 102,103,104호","35.02255","126.786788","naver","한식","고유가 피해지원금|온누리","061)336-6693","120603674"
"벌크짐","빛가람동","전라남도 나주시 상야1길 21 킹덤프라자 제에이동 5층 501호 501-1호, 502호, 502-1호","35.022578","126.787885","naver","종합스포츠센터","고유가 피해지원금|온누리","061)337-0001","107470833"
"메이데이(MAYDAY)","빛가람동","전라남도 나주시 상야1길 21 킹덤프라자 B동 3층 303호","35.022566","126.786827","naver","양식","고유가 피해지원금|온누리","","108537410"
"Re Pilates 리 필라테스","빛가람동","전라남도 나주시 상야1길 21 킹덤프라자 A동 4층 리 필라테스","35.022728","126.787978","naver","요가","고유가 피해지원금|온누리","061)333-0332","82300712"
"우리동네 생선가게","빛가람동","전라남도 나주시 상야1길 21 C동119호","35.022578","126.787885","naver","농.수.축산물점","고유가 피해지원금|온누리","02)1577-0000","95089541"
"국수먹는 오리","빛가람동","전라남도 나주시 상야1길 21 2층 202호(빛가람동)","35.022578","126.787885","naver","한식","고유가 피해지원금","061)336-8222","121324468"
"모두멀티 만화카페","빛가람동","전라남도 나주시 상야1길 21 킹덤프라자 B동 2층 205호","35.022513","126.787023","naver","비디오 및 도서대여점","고유가 피해지원금|온누리","061)333-3533","121366830"
"하율농산","빛가람동","전남 나주시 빛가람동","35.017078","126.782473","dong","농.수.축산물점","고유가 피해지원금","070)7614-3579","115249531"
"기운쎈합기도","빛가람동","전라남도 나주시 상야1길 21 킹덤프라자 제C동 2층 206호","35.022913","126.78777","naver","예체능계학원","고유가 피해지원금|온누리","","115469756"
"쉐프의 부대찌개","빛가람동","전라남도 나주시 상야1길 21 스타벅스 2층","35.022568","126.787969","naver","한식","고유가 피해지원금","061)332-3236","83605358"
"임선자족발 나주혁신점","빛가람동","전남 나주시 빛가람동","35.012654","126.787521","dong","한식","고유가 피해지원금","061)336-8990","83769516"
"아우라","빛가람동","전라남도 나주시 상야1길 21 킹덤프라자B동 118-1호","35.022596","126.787096","naver","기성복점","고유가 피해지원금","","92377395"
"오페라풋볼","빛가람동","전라남도 나주시 우정로 72 B동 701,702호","35.023206","126.787929","naver","레포츠클럽","고유가 피해지원금|온누리","","113973635"
"유한회사 더누림(종로서적 나주점)_도서","빛가람동","전남 나주시 빛가람동","35.013969","126.794113","dong","서점","고유가 피해지원금|온누리","","98954081"
"유한회사 더누림(종로서적 나주지점)","빛가람동","전남 나주시 빛가람동","35.027566","126.790117","dong","서점","고유가 피해지원금|온누리","","98943383"
"유미헤어","빛가람동","전라남도 나주시 우정로 72 더클래스빌딩 B동 2층 유미헤어","35.023217","126.787818","naver","미용원","고유가 피해지원금|온누리","061)337-5008","68323489"
"비디(BD)텔레콤","빛가람동","전남 나주시 빛가람동","35.020009","126.797084","dong","정보통신기기","고유가 피해지원금","","115750640"
"하진뷰티","빛가람동","전라남도 나주시 상야2길 16 토담휴로스 1차 2층 203호","35.022011","126.787887","naver","피부미용원","고유가 피해지원금|온누리","","117487081"
"아이러브제이 나주혁신점","빛가람동","전라남도 나주시 우정로 72 1층 108호","35.023545","126.787499","naver","아동 및 유아복점","고유가 피해지원금|온누리","061)334-4255","121910684"
"루나미장원","빛가람동","전라남도 나주시 우정로 72 A동 104호","35.023491","126.787747","naver","미용원","고유가 피해지원금","","119913662"
"트렌드 팩토리","빛가람동","전남 나주시 빛가람동","35.018641","126.781966","dong","기계 및 장비임대업","고유가 피해지원금","","112401916"
"백범영어수학학원","빛가람동","전라남도 나주시 우정로 72 A동 4층 405호","35.023469","126.78726","naver","문리계학원","고유가 피해지원금","061)333-9585","117636235"
"사월 에스테틱","빛가람동","전라남도 나주시 우정로 72 B동 7층 707-A호","35.023469","126.78726","naver","피부미용원","고유가 피해지원금","","121663947"
"후토루 나주혁신점","빛가람동","전남 나주시 빛가람동","35.013203","126.78597","dong","일반음식점 기타","고유가 피해지원금","061)111-2222","112667849"
"이곳","빛가람동","전라남도 나주시 우정로 72 더클래스빌딩 A동 103호","35.023489","126.787768","naver","미용원","고유가 피해지원금|온누리","","102020117"
"백범국어독서논술학원","빛가람동","전라남도 나주시 우정로 72 더클래스 A동 404호","35.023504","126.787597","naver","문리계학원","고유가 피해지원금","","109546400"
"(주)씨앤케이","빛가람동","전라남도 나주시 우정로 72 더클래스빌딩 B동 713호","35.023474","126.786856","naver","관광여행사","고유가 피해지원금","","118326926"
"나주혁신위즈수학영어학원","빛가람동","전라남도 나주시 우정로 72 A동 403호","35.023469","126.78726","naver","문리계학원","고유가 피해지원금","061)332-8828","104711381"
"서울깍두기(나주혁신점)","빛가람동","전라남도 나주시 우정로 72 1층 164호","35.023113","126.786879","naver","한식","고유가 피해지원금","","111203173"
"매매빼 플레이스","빛가람동","전남 나주시 빛가람동","35.018364","126.796955","dong","미용원","고유가 피해지원금|온누리","061)333-1199","101090402"
"우리당구장","빛가람동","전라남도 나주시 우정로 72 더클래스 B동 422,423,424,425호","35.023469","126.78726","naver","당구장","고유가 피해지원금|온누리","061)334-0035","85747463"
"지우 헤어","빛가람동","전라남도 나주시 우정로 72 1층 111호","35.023579","126.787342","naver","미용원","고유가 피해지원금|온누리","","109748890"
"나음짐 (문화비)","빛가람동","전라남도 나주시 우정로 72 더클래스건물 B동 607호","35.023469","126.78726","naver","종합스포츠센터","고유가 피해지원금","061)336-7234","120159930"
"헤어클래스","빛가람동","전라남도 나주시 우정로 72 더클래스빌딩 A동 2층 201호","35.023469","126.78726","naver","미용원","고유가 피해지원금","061)333-0311","101962254"
"페리토학원","빛가람동","전라남도 나주시 우정로 72 더클래스빌딩B동709호","35.023469","126.78726","naver","문리계학원","고유가 피해지원금","061)333-1309","104019579"
"럭키즈어학원","빛가람동","전라남도 나주시 우정로 72 A동 410호","35.023311","126.786831","naver","외국어학원","고유가 피해지원금|온누리","","109325521"
"프라임과학학원","빛가람동","전라남도 나주시 우정로 72 A동 203호","35.023469","126.78726","naver","문리계학원","고유가 피해지원금","061)930-1729","111145896"
"바짝독서실","빛가람동","전라남도 나주시 우정로 72 B동 7층 710호","35.023469","126.78726","naver","독서실","고유가 피해지원금","061)333-2528","86866623"
"더피아노음악학원","빛가람동","전라남도 나주시 우정로 72 더클래스빌딩 B동 219호","35.02319","126.788035","naver","예체능계학원","고유가 피해지원금|온누리","070)4036-3694","92857058"
"탑클래스 안경체인 나주혁신점","빛가람동","전라남도 나주시 우정로 72 더클래스빌딩 1층 101호","35.023469","126.787873","naver","안경점","고유가 피해지원금|온누리","061)336-3005","99812759"
"어썸","빛가람동","전라남도 나주시 우정로 72 B동 165호","35.023095","126.787264","naver","커피/음료전문점","고유가 피해지원금|온누리","","97030091"
"오봉집 나주혁신점","빛가람동","전라남도 나주시 우정로 72 119, 120호","35.023469","126.78726","naver","중식","고유가 피해지원금|온누리","061)335-9999","106280941"
"수진수학학원","빛가람동","전라남도 나주시 우정로 72 A동 305호","35.023472","126.787307","naver","문리계학원","고유가 피해지원금","061)336-1184","110441021"
"초심 스터디카페","빛가람동","전라남도 나주시 우정로 72 더클래스빌딩 A동 4층 401호","35.023199","126.787652","naver","독서실","고유가 피해지원금","","116629117"
"나음짐","빛가람동","전라남도 나주시 우정로 72 더클래스건물 B동 607호","35.023469","126.78726","naver","요가","고유가 피해지원금|온누리","","102470363"
"리리아브로우and스칼프","빛가람동","전남 나주시 빛가람동","35.023595","126.79629","dong","피부미용원","고유가 피해지원금","","105992906"
"네일쌀롱","빛가람동","전라남도 나주시 우정로 72 더클래스빌딩 A동 102호","35.023482","126.787829","naver","피부미용원","고유가 피해지원금|온누리","","101570526"
"에떼르노","빛가람동","전라남도 나주시 빛가람로 800","35.019567","126.799072","naver","기성복점","고유가 피해지원금","","104236685"
"디바스킨 본점","빛가람동","전라남도 나주시 우정로 72 더클래스빌딩 A동 411호","35.023412","126.78693","naver","피부미용원","고유가 피해지원금|온누리","070)4794-8979","73881829"
"20'핏 (20'FIT)","빛가람동","전라남도 나주시 우정로 72 B동6층 605~609호","35.023469","126.78726","naver","종합스포츠센터","고유가 피해지원금","061)279-9902","81359745"
"이기원 바이올린 클래스 음악학원","빛가람동","전남 나주시 빛가람동","35.019371","126.797177","dong","예체능계학원","고유가 피해지원금|온누리","061)333-9318","92353461"
"에코샵동백","빛가람동","전라남도 나주시 우정로 72 4층 428호","35.023131","126.787118","naver","주방 및 가정용품점","고유가 피해지원금","","114796095"
"나도 피아노","빛가람동","전라남도 나주시 우정로 72 A동 2층 나도 피아노 학원","35.02356","126.787249","naver","예체능계학원","고유가 피해지원금|온누리","","103709911"
"제이드 에스테틱","빛가람동","전라남도 나주시 우정로 72 더클래스빌딩 B동 218호","35.023311","126.788033","naver","피부미용원","고유가 피해지원금|온누리","061)334-4232","107956735"
"서진학원","빛가람동","전라남도 나주시 우정로 72 더클래스 B동 320호","35.023469","126.78726","naver","외국어학원","고유가 피해지원금","061)336-4603","28055912"
"바람난손톱","빛가람동","전라남도 나주시 우정로 72 더클래스B동 223호","35.02319","126.787668","naver","피부미용원","고유가 피해지원금|온누리","061)334-1177","85415685"
"나주혁신위즈수학영어학원","빛가람동","전라남도 나주시 우정로 72 A동 403호","35.023469","126.78726","naver","외국어학원","고유가 피해지원금","061)332-8828","104840262"
"위즈학원","빛가람동","전라남도 나주시 우정로 72 A동 403호","35.023469","126.78726","naver","문리계학원","고유가 피해지원금","061)332-8828","110818696"
"오에브","빛가람동","전라남도 나주시 우정로 72 A동 1층 122호 OEV","35.023497","126.786866","naver","기성복점","고유가 피해지원금|온누리","","117519297"
"래쉬톡","빛가람동","전남 나주시 빛가람동","35.023514","126.782558","dong","화장품점","고유가 피해지원금","","115924941"
"지코바치킨 빛가람점","빛가람동","전라남도 나주시 우정로 72 더클래스 105호","35.023502","126.787724","naver","일반음식점 기타","고유가 피해지원금","061)334-9906","85788628"
"별빛정육","빛가람동","전라남도 나주시 우정로 72 더클래스 113호","35.023601","126.787251","naver","정육점","고유가 피해지원금|온누리","061)333-2037","108174972"
"동그라미숲 유한회사","빛가람동","전남 나주시 빛가람동","35.016643","126.782459","dong","교육기자재","고유가 피해지원금","","118057362"
"청년다방나주혁신점","빛가람동","전라남도 나주시 우정로 72 (빛가람동, 더클래스빌딩) 1층 163호","35.02316","126.786888","naver","휴게음식점","고유가 피해지원금|온누리","061)336-8301","110617586"
"동그라미세모네모 실험실 미술학원","빛가람동","전라남도 나주시 우정로 72 더클래스빌딩 A동 409호","35.023529","126.787023","naver","예체능계학원","고유가 피해지원금|온누리","","103660891"
"어커봅잉글리쉬 나주점","빛가람동","전라남도 나주시 우정로 72 B동 4층 429호","35.023128","126.787124","naver","외국어학원","고유가 피해지원금|온누리","","120995715"
"발레블랑","빛가람동","전라남도 나주시 우정로 72 420호","35.023469","126.78726","naver","예체능계학원","고유가 피해지원금","061)331-3318","86093657"
"루미브레인 창의사고력학원","빛가람동","전라남도 나주시 우정로 72 더클래스 A동 309호","35.023469","126.78726","naver","문리계학원","고유가 피해지원금","","110859337"
"헤일로로스터스(HALO ROASTERS) 2nd","빛가람동","전라남도 나주시 우정로 72 더클래스빌딩 139,140,141호","35.023166","126.788044","naver","커피/음료전문점","고유가 피해지원금","061)334-8444","99885380"
"에릭어학원","빛가람동","전라남도 나주시 우정로 72 더클래스빌딩 A동 202호","35.023469","126.78726","naver","외국어학원","고유가 피해지원금|온누리","","121253500"
"젓가락질잘해야만밥을먹나요나주혁신점","빛가람동","전라남도 나주시 우정로 72 1층 138호","35.023469","126.78726","naver","한식","고유가 피해지원금|온누리","","122147354"
"킴브로스피자 나주혁신점","빛가람동","전라남도 나주시 우정로 72 109호","35.023557","126.787437","naver","패스트푸드점","고유가 피해지원금|온누리","061)930-1730","105940969"
"비블리오텍주식회사","빛가람동","전남 나주시 빛가람동","35.024945","126.783442","dong","주차장","고유가 피해지원금","070)4620-8000","114183632"
"에스뜨레야","빛가람동","전라남도 나주시 우정로 72 더클래스빌딩 B동 1층162호 에스뜨레야","35.023227","126.786839","naver","기성복점","고유가 피해지원금","","96199410"
"한우리독서토론논술학원","빛가람동","전라남도 나주시 우정로 72 더클래스 A동 414호","35.023469","126.78726","naver","문리계학원","고유가 피해지원금","061)334-1909","85675736"
"가우스수학클리닉학원","빛가람동","전라남도 나주시 우정로 72 더클래스 A동 206호","35.023469","126.78726","naver","문리계학원","고유가 피해지원금","061)355-1984","94680405"
"나를 사랑하는 20분","빛가람동","전라남도 나주시 우정로 72 3층 318호","35.023208","126.788058","naver","요가","고유가 피해지원금|온누리","061)336-2088","88852435"
"라비에벨 스튜디오","빛가람동","전남 나주시 빛가람동","35.027423","126.787039","dong","예체능계학원","고유가 피해지원금","061)1111-1110","93900382"
"칸타빌레음악학원","빛가람동","전라남도 나주시 우정로 72 B동 224호 종로서적 바로 위 2층","35.023469","126.78726","naver","예체능계학원","고유가 피해지원금","","98826001"
"제니파닉스앤리딩","빛가람동","전라남도 나주시 우정로 72 B동 3층 319호","35.023469","126.78726","naver","문리계학원","고유가 피해지원금","","117689834"
"에픽어학원","빛가람동","전라남도 나주시 우정로 72 A동 210호","35.023596","126.787032","naver","문리계학원","고유가 피해지원금","061)331-0594","117090648"
"열린태권도","빛가람동","전라남도 나주시 우정로 72 더클래스빌딩 A동 3층 301호","35.023479","126.787805","naver","예체능계학원","고유가 피해지원금|온누리","","97088399"
"유에이","빛가람동","전남 나주시 빛가람동","35.027584","126.791413","dong","기성복점","고유가 피해지원금","","113085661"
"게코빈","빛가람동","전라남도 나주시 우정로 72 B동 4층 419호","35.023469","126.78726","naver","커피/음료전문점","고유가 피해지원금|온누리","","120090340"
"베베드피노 나주혁신점","빛가람동","전라남도 나주시 우정로 72 더클래스빌딩 A동 1층 115호","35.023622","126.787133","naver","기성복점","고유가 피해지원금|온누리","","106155543"
"드림앤펀짐","빛가람동","전라남도 나주시 우정로 72","35.023469","126.78726","naver","예체능계학원","고유가 피해지원금","061)333-2071","73717053"
"모넬로(MONELLO)","빛가람동","전라남도 나주시 우정로 72 더클래스빌딩 A동 124호 모넬로","35.023469","126.78726","naver","기성복점","고유가 피해지원금|온누리","061)930-3707","104656859"
"하이츠잉글리쉬학원","빛가람동","전라남도 나주시 우정로 72 더클래스빌딩 B동 708호","35.023499","126.787316","naver","외국어학원","고유가 피해지원금|온누리","061)333-8005","101092165"
"에이스","빛가람동","전라남도 나주시 배멧3길 19-5","35.019275","126.786067","naver","당구장","고유가 피해지원금","061)334-4424","99480926"
"유하하헤어","빛가람동","전라남도 나주시 빛가람로 689 가온빌딩 1층 102호","35.02139","126.787105","naver","미용원","고유가 피해지원금|온누리","","119435116"
"김현성빛가람건강안마센타","빛가람동","전라남도 나주시 빛가람로 689 4층 401, 402호","35.021514","126.787129","naver","피부미용원","고유가 피해지원금|온누리","061)333-3690","95450602"
"브리(brie)","빛가람동","전라남도 나주시 빛가람로 689 가온빌딩 1층 103호","35.021398","126.787132","naver","양식","고유가 피해지원금","070)4348-7477","111550137"
"카사데타코 나주혁신점","빛가람동","전남 나주시 빛가람동","35.021456","126.797207","dong","일반음식점 기타","고유가 피해지원금|온누리","","117640811"
"민스튜디오 필라앤댄스","빛가람동","전라남도 나주시 빛가람로 689 403, 404호","35.02143","126.787131","naver","요가","고유가 피해지원금|온누리","","107835230"
"바디탠 태닝 나주혁신점","빛가람동","전라남도 나주시 빛가람로 689 3층 303호","35.021514","126.787129","naver","피부미용원","고유가 피해지원금|온누리","02)1544-4223","113952302"
"강다짐(나주혁신점)","빛가람동","전라남도 나주시 빛가람동 빛가람로 689 가온빌딩 106호","35.021397","126.787213","naver","휴게음식점","고유가 피해지원금|온누리","061)337-3535","109847008"
"견상낙원","빛가람동","전라남도 나주시 빛가람로 689 801호","35.021514","126.787129","naver","휴게음식점","고유가 피해지원금|온누리","","102596401"
"블링블링","빛가람동","전라남도 나주시 그린로 335 수플러스빌딩302 블링블링슬라임","35.016248","126.794253","naver","기성복점","고유가 피해지원금","061)332-8830","105354707"
"포르코로쏘","빛가람동","전라남도 나주시 빛가람로 689 7층 701호","35.021514","126.787129","naver","시설대여업","고유가 피해지원금","","120438436"
"노랑통닭 나주혁신점","빛가람동","전라남도 나주시 빛가람로 689","35.021649","126.787112","naver","일반음식점 기타","고유가 피해지원금|온누리","061)331-9277","117659642"
"점핑하이 (빛가람점)","빛가람동","전라남도 나주시 빛가람로 689 2층 205호","35.021514","126.787129","naver","종합스포츠센터","고유가 피해지원금|온누리","061)336-4397","87917067"
"루야네심야식당","빛가람동","전라남도 나주시 상야1길 20 114호","35.022076","126.787436","naver","한식","고유가 피해지원금|온누리","061)636-7244","107334492"
"스시현","빛가람동","전라남도 나주시 상야1길 20 1층 108호 스시현","35.021917","126.787317","naver","일식/생선회집","고유가 피해지원금","","109374539"
"투엑스(XX)","빛가람동","전남 나주시 빛가람동","35.027845","126.790391","dong","커피/음료전문점","고유가 피해지원금","061)333-0553","99888072"
"걸작떡볶이치킨 나주혁신점","빛가람동","전라남도 나주시 상야1길 20 엘로드타워 1층 116호","35.022168","126.787303","naver","일반음식점 기타","고유가 피해지원금|온누리","061)332-2821","93752335"
"취","빛가람동","전남 나주시 빛가람동","35.01976","126.797385","dong","한식","고유가 피해지원금","061)443-7375","117572761"
"상구네돼지구이 나주혁신도시점","빛가람동","전라남도 나주시 상야1길 20 110호","35.021912","126.787445","naver","한식","고유가 피해지원금|온누리","061)336-3992","115636296"
"삼산회관","빛가람동","전라남도 나주시 상야1길 20 103호","35.021895","126.786948","naver","한식","고유가 피해지원금|온누리","","110261358"
"본","빛가람동","전라남도 나주시 배멧2길 43 1층 101, 102호","35.020126","126.791859","naver","한식","고유가 피해지원금|온누리","","115804814"
"홍익궁중전통육개장 나주혁신점","빛가람동","전라남도 나주시 상야1길 20 121, 122호","35.022158","126.787081","naver","한식","고유가 피해지원금|온누리","061)331-0666","93497474"
"전일맥주나주혁신점","빛가람동","전라남도 나주시 상야1길 20 1층 111호","35.021986","126.787435","naver","한식","고유가 피해지원금|온누리","","118204772"
"교촌치킨 빛가람점","빛가람동","전남 나주시 빛가람동","35.02771","126.787635","dong","일반음식점 기타","고유가 피해지원금|온누리","061)336-5999","119610218"
"봉자막창 나주혁신점","빛가람동","전라남도 나주시 상야1길 20 1층 124호","35.02203","126.78711","naver","한식","고유가 피해지원금|온누리","061)0930-1417","118301061"
"크라운호프 나주혁신점","빛가람동","전라남도 나주시 상야1길 20 L타워 123호","35.022151","126.786947","naver","한식","고유가 피해지원금","","110971975"
"백제칼국수","빛가람동","전라남도 나주시 상야1길 20 101, 102호","35.021909","126.786888","naver","한식","고유가 피해지원금|온누리","061)371-3470","112146502"
"목구멍 나주점","빛가람동","전라남도 나주시 상야1길 20 1층 115호, 116호","35.022164","126.787442","naver","한식","고유가 피해지원금|온누리","","109772329"
"유한회사 엘로드","빛가람동","전남 나주시 빛가람동","35.027506","126.792071","dong","한식","고유가 피해지원금","061)332-0550","73207232"
"조선국밥 나주혁신점","빛가람동","전라남도 나주시 상야1길 20 1층 118호","35.02203","126.78711","naver","한식","고유가 피해지원금|온누리","061)820-7222","117239082"
"유한회사 엘로드","빛가람동","전남 나주시 빛가람동","35.018055","126.797194","dong","한식","고유가 피해지원금","","73583049"
"정희 나주혁신도시점","빛가람동","전라남도 나주시 상야1길 20 106호","35.02203","126.78711","naver","한식","고유가 피해지원금|온누리","","119494531"
"황소곱창막창","빛가람동","전라남도 나주시 상야1길 20 L타워 104 황소곱창막창","35.021893","126.786994","naver","한식","고유가 피해지원금|온누리","061)333-8777","46213681"
"돈워리","빛가람동","전라남도 나주시 상야1길 20 엘타워 105호","35.021894","126.787045","naver","한식","고유가 피해지원금|온누리","061)331-9333","95166669"
"일품대패","빛가람동","전라남도 나주시 상야1길 20","35.022162","126.787118","naver","한식","고유가 피해지원금","","100556168"
"25센치꼬치앤오뎅바 나주혁신점","빛가람동","전라남도 나주시 상야1길 20 109호","35.02203","126.78711","naver","한식","고유가 피해지원금|온누리","","113650492"
"오감치킨 1982","빛가람동","전라남도 나주시 상야1길 20 107호","35.02203","126.78711","naver","한식","고유가 피해지원금|온누리","061)336-5388","95773279"
"하마네아구찜 나주점","빛가람동","전라남도 나주시 상야1길 20 1동 1층 126호","35.022149","126.786767","naver","한식","고유가 피해지원금|온누리","061)227-4950","113761892"
"완미족발 나주혁신점","빛가람동","전라남도 나주시 상야1길 20 117호","35.02203","126.78711","naver","한식","고유가 피해지원금|온누리","061)335-7778","114476802"
"아이스비어","빛가람동","전남 나주시 빛가람동","35.02474","126.783048","dong","기타 식품","고유가 피해지원금","","91924716"
"꽃의 정원(꽃정)","빛가람동","전남 나주시 빛가람동","35.012143","126.791","dong","화원","고유가 피해지원금","","119630490"
"빛나라어린이집","빛가람동","전라남도 나주시 우정로 77 중흥1차","35.023978","126.787834","naver","아이행복 어린이집","고유가 피해지원금","061)333-4517","102359139"
"이(E).Jin hair","빛가람동","전남 나주시 빛가람동","35.017779","126.781783","dong","미용원","고유가 피해지원금|온누리","061)331-3603","119581276"
"(주)모던셰프","빛가람동","전라남도 나주시 금천면 촌곡신가길 2","35.034812","126.766053","naver","정육점","고유가 피해지원금","061)332-9611","88945299"
"장원교육독서논술교습소","빛가람동","전남 나주시 빛가람동","35.027461","126.786596","dong","서점","고유가 피해지원금","061)383-0988","95017396"
"지에스(GS)25 나주중흥점","빛가람동","전라남도 나주시 우정로 75 143동 124호, 125호 (빛가람동)","35.023882","126.788392","naver","편의점","고유가 피해지원금|온누리","","97484449"
"빛가람세탁","빛가람동","전라남도 나주시 우정로 75","35.023891","126.787785","naver","세탁소","고유가 피해지원금|온누리","061)337-3380","112040136"
"헤이","빛가람동","전라남도 나주시 우정로 75","35.023989","126.787193","naver","기성복점","고유가 피해지원금|온누리","","118112654"
"푸르넷 도희쌤","빛가람동","전남 나주시 빛가람동","35.013121","126.793612","dong","문리계학원","고유가 피해지원금","061)332-2244","106404175"
"다정텔레콤","빛가람동","전라남도 나주시 우정로 75 상가동 1층 103호","35.024008","126.787079","naver","정보통신기기","고유가 피해지원금","061)335-5090","116010214"
"더벤티 나주혁신점","빛가람동","전라남도 나주시 우정로 75 105호","35.024033","126.787127","naver","커피/음료전문점","고유가 피해지원금|온누리","061)332-9007","112971816"
"고고기획기프트","빛가람동","전남 나주시 빛가람동","35.019094","126.797452","dong","인쇄 및 광고","고유가 피해지원금","061)332-2244","117985659"
"중흥명품세탁소","빛가람동","전라남도 나주시 우정로 77 143동 1층 122호","35.023823","126.788523","naver","세탁소","고유가 피해지원금","061)334-2366","81406211"
"헤어 빈","빛가람동","전라남도 나주시 우정로 75 상가동143동123호","35.023755","126.788417","naver","미용원","고유가 피해지원금|온누리","061)333-5506","83088334"
"리룸디자인 솔루션","빛가람동","전남 나주시 빛가람동","35.025785","126.795044","dong","주택/건설","고유가 피해지원금","","110713060"
"간식창고","빛가람동","전남 나주시 빛가람동","35.019479","126.781445","dong","일반잡화판매점","고유가 피해지원금|온누리","","110747577"
"한우리","빛가람동","전라남도 나주시 호수로 70","35.013376","126.790225","naver","서점","고유가 피해지원금","061)334-1909","92149673"
"반찬하우스","빛가람동","전라남도 나주시 우정로 77","35.023978","126.787834","naver","기타 식품","고유가 피해지원금|온누리","061)333-2705","83418174"
"빵꾸똥꾸문구야 나주혁신도시점","빛가람동","전라남도 나주시 빛가람동 우정로 75 141동 104호","35.023991","126.787166","naver","문방구점","고유가 피해지원금|온누리","","114411708"
"빛가람렌탈","빛가람동","전라남도 나주시 그린로 317-9 스카이빌딩 1층 102호","35.015149","126.794503","naver","이벤트업","고유가 피해지원금","","95272398"
"엘에이치(LH)빛가람어린이집","빛가람동","전남 나주시 빛가람동","35.023875","126.782411","dong","아이행복 어린이집","고유가 피해지원금","061)331-1695","106902081"
"삼겹살화덕구이","빛가람동","전라남도 나주시 호수로 86","35.013349","126.791957","naver","한식","고유가 피해지원금|온누리","061)333-5895","98346447"
"도이첸 나주혁신점","빛가람동","전라남도 나주시 호수로 86","35.013333","126.791993","naver","패스트푸드점","고유가 피해지원금|온누리","070)7423-6603","88566850"
"(주)제이엠씨","빛가람동","전남 나주시 빛가람동","35.016746","126.782083","dong","의료기기 및 용품","고유가 피해지원금","062)681-2589","105604961"
"클로버","빛가람동","전라남도 나주시 빛가람로 685 비전타워 1층 109호","35.021388","126.786836","naver","기타 식품","고유가 피해지원금|온누리","02)1577-0000","107337219"
"스페샬나잇트 나주점","빛가람동","전남 나주시 빛가람동","35.027072","126.785592","dong","일식/생선회집","고유가 피해지원금|온누리","070)4833-4952","117953331"
"챱챱","빛가람동","전라남도 나주시 빛가람로 685 108호","35.021518","126.786664","naver","반려동물 서비스/용품점","고유가 피해지원금|온누리","","112926392"
"바니티","빛가람동","전남 나주시 빛가람동","35.024477","126.796194","dong","기성복점","고유가 피해지원금","070)7614-3579","115703296"
"봉명동내커피 나주빛가람점","빛가람동","전라남도 나주시 빛가람로 685 1층 118호","35.021632","126.78665","naver","커피/음료전문점","고유가 피해지원금|온누리","061)333-6603","110605607"
"죠아쏭코인노래연습장","빛가람동","전라남도 나주시 빛가람로 685 2층 207호","35.021518","126.786664","naver","노래방","고유가 피해지원금","","117455581"
"카페오월","빛가람동","전라남도 나주시 빛가람로 685 122호","35.021628","126.786475","naver","커피/음료전문점","고유가 피해지원금|온누리","061)332-0478","88881259"
"곤(GON) 당구장","빛가람동","전라남도 나주시 빛가람로 685 비전타워 6층 곤당구장","35.021518","126.786664","naver","당구장","고유가 피해지원금","","105138653"
"신세계중식당나주혁신점","빛가람동","전라남도 나주시 빛가람로 685 비전타워 1층, 신세계중식당","35.02166","126.786556","naver","중식","고유가 피해지원금|온누리","070)7614-3579","121027396"
"다움 펫푸드","빛가람동","전남 나주시 빛가람동","35.025328","126.783378","dong","제과점/아이스크림점","고유가 피해지원금","","110874512"
"마이요거트립 나주혁신점","빛가람동","전남 나주시 빛가람동","35.011932","126.790359","dong","휴게음식점","고유가 피해지원금","","122115382"
"효소원순두부와청국장","빛가람동","전라남도 나주시 빛가람로 685 비전타워313호","35.021612","126.786434","naver","한식","고유가 피해지원금|온누리","061)333-7333","83138575"
"소하에스테틱 나주혁신점","빛가람동","전라남도 나주시 빛가람로 685 4층 407호","35.021518","126.786664","naver","피부미용원","고유가 피해지원금|온누리","","113700272"
"선덕","빛가람동","전라남도 나주시 다도면 덕동리","34.968221","126.829306","naver","기성복점","고유가 피해지원금","","103427575"
"퍼스널영어트레이닝스튜디오(S.D.G.ENGLISH)","빛가람동","전라남도 나주시 빛가람동 빛가람로 685 (빛가람동) 비전타워203호","35.021518","126.786664","naver","외국어학원","고유가 피해지원금","","96816291"
"마니토네일","빛가람동","전라남도 나주시 빛가람로 685 102호","35.021375","126.786534","naver","피부미용원","고유가 피해지원금","061)820-7832","120151743"
"공구폰 나주점","빛가람동","전라남도 나주시 빛가람로 685 105호","35.021518","126.786664","naver","정보통신기기","고유가 피해지원금","","112963611"
"하이슈가왁싱","빛가람동","전라남도 나주시 빛가람로 685 3층","35.021518","126.786664","naver","미용재료","고유가 피해지원금|온누리","","107817539"
"한켠에","빛가람동","전라남도 나주시 빛가람로 685 1층 115호","35.02163","126.786777","naver","커피/음료전문점","고유가 피해지원금|온누리","","111985670"
"시엘행복한치과","빛가람동","전라남도 나주시 빛가람로 685 비전타워 6층","35.021518","126.786664","naver","일반.치과.한의원","고유가 피해지원금|온누리","061)336-2255","86364627"
"수앙휴족시간(전남나주점)","빛가람동","전라남도 나주시 빛가람로 685 비젼타워 1층 111호","35.021381","126.786925","naver","피부미용원","고유가 피해지원금|온누리","","112808143"
"디깅소셜클럽(digging social club)","빛가람동","전라남도 나주시 빛가람로 685 비전타워 1층 112,113,114호","35.021635","126.786849","naver","일반음식점 기타","고유가 피해지원금|온누리","","100149726"
"한가람식품주식회사 k-the착한한끼","빛가람동","전남 나주시 빛가람동","35.026546","126.784642","dong","한식","고유가 피해지원금|온누리","061)333-1851","121573794"
"당나귀여행사","빛가람동","전라남도 나주시 빛가람로 685 비전타워 406호","35.021518","126.786664","naver","관광여행사","고유가 피해지원금","062)1544-4057","109947690"
"노트커피and로스터스","빛가람동","전남 나주시 빛가람동","35.025378","126.795587","dong","커피/음료전문점","고유가 피해지원금","","117061162"
"슬뷰티","빛가람동","전라남도 나주시 빛가람로 685 1동 5층 505-1호 SEUL beauty(슬뷰티)","35.021555","126.786706","naver","피부미용원","고유가 피해지원금|온누리","","109244076"
"한가람내과의원","빛가람동","전라남도 나주시 빛가람로 685 비전타워 4층","35.021502","126.786778","naver","일반.치과.한의원","고유가 피해지원금","061)336-3033","77115079"
"유한회사 빛가람골프존","빛가람동","전남 나주시 빛가람동","35.028131","126.788915","dong","골프연습장","고유가 피해지원금|온누리","061)333-0753","75695388"
"CL미의원","빛가람동","전남 나주시 빛가람동","35.013607","126.784381","dong","일반.치과.한의원","고유가 피해지원금","061)335-3800","85429098"
"모노아즈","빛가람동","전라남도 나주시 빛가람로 685 1층 107호","35.021518","126.786664","naver","피부미용원","고유가 피해지원금|온누리","","116366208"
"나주송정수산","빛가람동","전라남도 나주시 호수로 84 1층 101호","35.013313","126.791756","naver","농.수.축산물점","고유가 피해지원금|온누리","061)333-5058","107057309"
"나주호수로","빛가람동","전라남도 나주시 호수로 68 105호","35.013269","126.789869","naver","일반음식점 기타","고유가 피해지원금|온누리","061)333-5058","107064770"
"능이향 2호점","빛가람동","전라남도 나주시 상야1길 12 B동 113호","35.021849","126.786443","naver","한식","고유가 피해지원금|온누리","061)335-7087","116869797"
"헤어맨","빛가람동","전라남도 나주시 상야1길 12 전남나주시빛가람동190-2골든프라자1층B동116호헤어맨","35.021869","126.786311","naver","미용원","고유가 피해지원금","061)333-3437","76681151"
"명","빛가람동","전라남도 나주시 문평면 송산리","35.067197","126.597289","naver","피부미용원","고유가 피해지원금","070)7614-3579","113217838"
"파도 회 상회","빛가람동","전라남도 나주시 상야1길 12 . 제A동 103,104호","35.022185","126.786372","naver","한식","고유가 피해지원금|온누리","","119644898"
"난타5000피자 나주혁신도시점","빛가람동","전라남도 나주시 빛가람동 상야2길 7 중흥s클래스 메가티움 1차","35.023128","126.788495","naver","패스트푸드점","고유가 피해지원금|온누리","061)335-5092","73520006"
"식껍나주혁신점","빛가람동","전남 나주시 빛가람동","35.02396","126.796638","dong","한식","고유가 피해지원금|온누리","","114525393"
"오엑스피시 나주혁신도시점","빛가람동","전라남도 나주시 상야1길 12 에이동 4층 401호","35.021918","126.786406","naver","비디오방/게임방","고유가 피해지원금","02)2222-2222","119843053"
"오엑스코인노래연습장(OXCOIN) 나주혁신도시점","빛가람동","전남 나주시 빛가람동","35.013192","126.794058","dong","노래방","고유가 피해지원금","","119938912"
"제로 전자담배 나주혁신점","빛가람동","전남 나주시 빛가람동","35.028102","126.790682","dong","일반잡화판매점","고유가 피해지원금|온누리","","119766011"
"육십(60)계 전남나주빛가람점","빛가람동","전라남도 나주시 상야1길 12 골든프라자 A동 101호,102호","35.022189","126.786242","naver","일반음식점 기타","고유가 피해지원금|온누리","061)337-0060","95699914"
"나주당","빛가람동","전라남도 나주시 상야1길 12 골든프라자 A동 108호","35.022181","126.786551","naver","한식","고유가 피해지원금|온누리","","119282314"
"미소식당","빛가람동","전라남도 나주시 상야1길 12 B동 117, 118호","35.021864","126.786239","naver","한식","고유가 피해지원금|온누리","061)333-3363","114168578"
"혁신백숙","빛가람동","전라남도 나주시 상야1길 12 골든 프라자 203호","35.022132","126.786418","naver","한식","고유가 피해지원금","061)334-0924","118241670"
"전통항아리보쌈","빛가람동","전라남도 나주시 상야1길 12 1층","35.022184","126.786486","naver","한식","고유가 피해지원금|온누리","061)335-5557","93892058"
"삼거리포차","빛가람동","전라남도 나주시 상야1길 12 109호","35.022182","126.786603","naver","한식","고유가 피해지원금","061)336-8886","84274081"
"빛가람세탁&수선","빛가람동","전라남도 나주시 우정로 101 센트럴 2차 상가 241동 1층 106호","35.023924","126.790766","naver","세탁소","고유가 피해지원금","061)930-1866","99449601"
"에듀포레","빛가람동","전남 나주시 빛가람동","35.02805","126.787821","dong","자동판매기 운영업","고유가 피해지원금","","120045922"
"B단헤어","빛가람동","전라남도 나주시 그린로 274","35.011349","126.796282","naver","미용원","고유가 피해지원금","061)332-2177","76019435"
"유한회사 로우커피컴퍼니","빛가람동","전남 나주시 빛가람동","35.02234","126.797364","dong","커피/음료전문점","고유가 피해지원금|온누리","","121206467"
"오롯이","빛가람동","전라남도 나주시 빛가람로 679 2층 204, 205, 206호","35.021522","126.786155","naver","한식","고유가 피해지원금|온누리","","116297699"
"탑클래스골프아카데미","빛가람동","전남 나주시 빛가람동","35.012327","126.792507","dong","골프연습장","고유가 피해지원금","061)100-1000","114929491"
"한결같이","빛가람동","전라남도 나주시 빛가람로 679 206호","35.021522","126.786155","naver","정육점","고유가 피해지원금","","116522587"
"자연농원","빛가람동","전라남도 나주시 빛가람로 679 삼보타워 2층","35.021379","126.78605","naver","일반음식점 기타","고유가 피해지원금|온누리","061)331-9282","89207600"
"큐이디(QED)골프스튜디오","빛가람동","전남 나주시 빛가람동","35.017733","126.797408","dong","골프연습장","고유가 피해지원금|온누리","061)100-1000","114787472"
"소림마라 나주혁신도시점","빛가람동","전라남도 나주시 빛가람동 빛가람로 679 1층 소림마라 나주혁신도시점","35.021669","126.786282","naver","중식","고유가 피해지원금","061)820-7710","113138105"
"현풍닭칼국수 나주혁신점","빛가람동","전라남도 나주시 빛가람로 679 삼보타워 1층 108호, 109호","35.021653","126.786265","naver","한식","고유가 피해지원금|온누리","","119286623"
"잘 HAIR","빛가람동","전라남도 나주시 빛가람로 679 삼보타워 111호","35.021661","126.786075","naver","미용원","고유가 피해지원금|온누리","061)334-0422","106386102"
"맘스터치 나주혁신점","빛가람동","전남 나주시 빛가람동","35.02083","126.781251","dong","패스트푸드점","고유가 피해지원금","061)333-2256","114590454"
"아이앤아이안경(EYEandEYE안경)","빛가람동","전라남도 나주시 빛가람로 679 삼보타워 105호","35.021392","126.786267","naver","안경점","고유가 피해지원금|온누리","061)332-8001","106698255"
"맘스피자 나주혁신점","빛가람동","전남 나주시 빛가람동","35.028258","126.789591","dong","패스트푸드점","고유가 피해지원금","061)333-2256","114591908"
"빛가람FandB","빛가람동","전남 나주시 빛가람동","35.013969","126.783796","dong","과학기자재점","고유가 피해지원금","","119360679"
"도도한","빛가람동","전남 나주시 빛가람동","35.020594","126.797726","dong","일반음식점 기타","고유가 피해지원금|온누리","061)333-1353","84130779"
"커튼이야기","빛가람동","전라남도 나주시 빛가람로 680 리더스타워 102호","35.020944","126.786234","naver","침구/커튼/카펫트점","고유가 피해지원금|온누리","02)111-5869","112211624"
"삼앤삼헤어","빛가람동","전라남도 나주시 빛가람로 680","35.020934","126.786178","naver","미용원","고유가 피해지원금|온누리","061)332-3837","92730298"
"와이이(YE)푸드 식자재","빛가람동","전남 나주시 빛가람동","35.026916","126.794019","dong","기타 식품","고유가 피해지원금","","119252630"
"다비치안경 나주혁신도시점","빛가람동","전라남도 나주시 빛가람로 680 1층","35.020927","126.786042","naver","안경점","고유가 피해지원금|온누리","061)335-7720","108822543"
"흥부네떡볶이","빛가람동","전라남도 나주시 문화로 244 서담빌딩 105호 이로운 키친( 대로변 쪽)","35.020407","126.785215","naver","휴게음식점","고유가 피해지원금","","118784029"
"깨끗한,결","빛가람동","전라남도 나주시 빛가람로 680 3층 305호","35.020829","126.786138","naver","용역서비스업","고유가 피해지원금|온누리","","119462644"
"봉원필방","빛가람동","전남 나주시 빛가람동","35.012364","126.786196","dong","화방","고유가 피해지원금","061)332-1013","84963801"
"빛갤러리","빛가람동","전라남도 나주시 빛가람로 680 리더스타워 309호","35.020829","126.786138","naver","화랑","고유가 피해지원금","","84390934"
"어나더키친 나주혁신점","빛가람동","전남 나주시 빛가람동","35.022588","126.781584","dong","양식","고유가 피해지원금|온누리","061)100-1000","119278464"
"호텔코어 키즈풀빌라","빛가람동","전라남도 나주시 배멧3길 19-13 코어프라자 6층","35.02024","126.786074","naver","기타숙박업","고유가 피해지원금","061)337-0700","109869911"
"그린식당","빛가람동","전라남도 나주시 상야1길 8 1층","35.022004","126.78598","naver","휴게음식점","고유가 피해지원금","070)7614-3579","116561978"
"더리터 나주혁신점","빛가람동","전라남도 나주시 배멧3길 19-3 1동 1층 105호","35.019181","126.786501","naver","커피/음료전문점","고유가 피해지원금|온누리","061)9523-1957","113068625"
"2대원조나주곰탕","빛가람동","전라남도 나주시 배멧3길 19-13 109호","35.019978","126.786228","naver","한식","고유가 피해지원금|온누리","061)333-1223","118267475"
"빛가람치킨","빛가람동","전라남도 나주시 배멧3길 19-3 108,109호 (엠제이빌딩)","35.01919","126.786358","naver","일반음식점 기타","고유가 피해지원금","053)9573-7222","121358094"
"타이아로마","빛가람동","전라남도 나주시 문화로 234","35.019659","126.785313","naver","피부미용원","고유가 피해지원금","061)333-0500","103379074"
"래희한의원","빛가람동","전라남도 나주시 배멧3길 19-3","35.019143","126.786386","naver","일반.치과.한의원","고유가 피해지원금","061)331-8243","96535370"
"신쭈꾸미 나주혁신점","빛가람동","전라남도 나주시 배멧3길 19-3","35.019223","126.786459","naver","한식","고유가 피해지원금|온누리","","97042985"
"사우리","빛가람동","전라남도 나주시 배멧3길 19-3 엠제이빌딩 101호","35.019064","126.786408","naver","아동 및 유아복점","고유가 피해지원금|온누리","070)4832-5689","85648652"
"다정","빛가람동","전라남도 나주시 배멧3길 19-3 엠제이빌딩 3층 303호","35.01919","126.786358","naver","한식","고유가 피해지원금|온누리","061)334-4438","120899190"
"투다리혁신2호점","빛가람동","전라남도 나주시 배멧3길 19-3 1층 103호","35.01912","126.786468","naver","일반주점","고유가 피해지원금","061)333-5792","92647043"
"동명카츠 나주혁신점","빛가람동","전라남도 나주시 배멧3길 19-3 3층 303호","35.01919","126.786358","naver","일반음식점 기타","고유가 피해지원금","061)335-3001","90140646"
"5블럭","빛가람동","전라남도 나주시 배멧3길 19-3","35.019295","126.786319","naver","커피/음료전문점","고유가 피해지원금|온누리","062)514-8899","85068677"
"호텔코어(유)","빛가람동","전라남도 나주시 배멧3길 19-13","35.020262","126.786179","naver","기타관광호텔","고유가 피해지원금","061)337-7851","82049428"
"더(THE)","빛가람동","전라남도 나주시 배멧1길 10 4층 더하이난","35.018168","126.793299","naver","화장품점","고유가 피해지원금","","107785817"
"리누(RENU)","빛가람동","전라남도 나주시 배멧3길 19-3 2층 202호 리누헤어살롱","35.01919","126.786358","naver","미용원","고유가 피해지원금|온누리","061)331-5626","96972659"
"헤이븐헤어(HAVEN HAIR)","빛가람동","전라남도 나주시 배멧3길 19-13 110호","35.020509","126.786024","naver","미용원","고유가 피해지원금","","117521937"
"어나더키친유한회사","빛가람동","전남 나주시 빛가람동","35.027446","126.785688","dong","양식","고유가 피해지원금","061)337-7853","83659087"
"호텔코어","빛가람동","전라남도 나주시 배멧3길 19-13","35.020262","126.786179","naver","기타숙박업","고유가 피해지원금","061)337-0700","106463623"
"데이앤나잇","빛가람동","전라남도 나주시 산포면 예림길 20","35.018437","126.810047","naver","일반음식점 기타","고유가 피해지원금|온누리","","100306494"
"코다리명가나주혁신점","빛가람동","전라남도 나주시 배멧3길 19-13 1층 107호,108호","35.020121","126.786201","naver","한식","고유가 피해지원금|온누리","061)331-9576","95972800"
"디피카요가","빛가람동","전라남도 나주시 배멧3길 19-3 엠제이빌딩 5층 501호","35.019155","126.786417","naver","요가","고유가 피해지원금","","100984127"
"모꼬지","빛가람동","전라남도 나주시 배멧3길 19-13 혁신 호텔코어 2층","35.020356","126.78617","naver","일식/생선회집","고유가 피해지원금","061)337-7757","84975273"
"무아무아","빛가람동","전라남도 나주시 배멧3길 19-3 601호","35.01919","126.786358","naver","일반잡화판매점","고유가 피해지원금|온누리","","110812209"
"지에스25 나주혁신코어점","빛가람동","전라남도 나주시 빛가람동 348-18","35.020289","126.786238","naver","편의점","고유가 피해지원금|온누리","080)555-2525","85615853"
"나주혁신점 카페봄봄","빛가람동","전라남도 나주시 상야1길 8 106호(빛가람동, 토담휴로스2차)","35.021921","126.785821","naver","커피/음료전문점","고유가 피해지원금|온누리","","119024135"
"초이헤어","빛가람동","전라남도 나주시 상야1길 8 토담휴로스 2차","35.021876","126.786096","naver","미용원","고유가 피해지원금","061)332-3721","79251728"
"금성연탄","빛가람동","전라남도 나주시 상야1길 8 주1동 112,113호","35.022004","126.78598","naver","한식","고유가 피해지원금|온누리","070)7614-3579","121771387"
"솔솥 나주혁신점","빛가람동","전라남도 나주시 상야1길 8 1동 111호","35.022138","126.785829","naver","한식","고유가 피해지원금|온누리","061)337-5689","106717651"
"한양닭갈비","빛가람동","전라남도 나주시 상야1길 8 한양닭갈비","35.021995","126.785843","naver","한식","고유가 피해지원금|온누리","061)334-0903","92246548"
"더브리즈(the Breeze)","빛가람동","전라남도 나주시 상야1길 8 토담휴로스 2차 1층 110호","35.022006","126.785815","naver","커피/음료전문점","고유가 피해지원금|온누리","","121848255"
"인스틸(instill)","빛가람동","전라남도 나주시 상야1길 8 토담휴로스2차 102호","35.021869","126.786064","naver","커피/음료전문점","고유가 피해지원금|온누리","","108097629"
"천가냉면보쌈","빛가람동","전라남도 나주시 상야1길 8 103,104호","35.021899","126.785935","naver","한식","고유가 피해지원금|온누리","061)930-1953","113629934"
"본가왕뼈감자탕 혁신점","빛가람동","전라남도 나주시 상야1길 8 1층115,116호","35.022004","126.78598","naver","한식","고유가 피해지원금","061)335-2009","121889288"
"맘스그린푸드","빛가람동","전라남도 나주시 상야1길 8 1층","35.022004","126.78598","naver","한식","고유가 피해지원금|온누리","061)336-3339","74451858"
"베트남골목식당(빛가람점)","빛가람동","전라남도 나주시 상야1길 8 114호","35.022137","126.786051","naver","일반음식점 기타","고유가 피해지원금|온누리","061)333-8890","115858360"
"신선한주방 나주혁신점","빛가람동","전라남도 나주시 상야1길 8 107호","35.021994","126.78583","naver","휴게음식점","고유가 피해지원금|온누리","","95478190"
"고모네뽈찜","빛가람동","전라남도 나주시 호수로 74 다인빌딩 203호","35.013331","126.790527","naver","한식","고유가 피해지원금|온누리","061)334-1986","87180505"
"달밤","빛가람동","전라남도 나주시 호수로 74 101호","35.013322","126.790528","naver","한식","고유가 피해지원금|온누리","","117056174"
"빛가람나눔슈퍼","빛가람동","전라남도 나주시 호수로 74","35.013379","126.790563","naver","일반잡화판매점","고유가 피해지원금","","73339078"
"호수로74","빛가람동","전라남도 나주시 호수로 74 다인빌딩102호 호수로74","35.013381","126.790588","naver","일반음식점 기타","고유가 피해지원금|온누리","061)335-4987","98622492"
"정담 플란트 치과의원","빛가람동","전라남도 나주시 빛가람로 677 3층","35.021511","126.78584","naver","일반.치과.한의원","고유가 피해지원금|온누리","061)334-2275","119631407"
"연세애플소아청소년과의원","빛가람동","전라남도 나주시 빛가람로 677","35.021505","126.785868","naver","일반.치과.한의원","고유가 피해지원금","061)333-1366","82797141"
"솜초밥","빛가람동","전남 나주시 빛가람동","35.028427","126.789162","dong","일식/생선회집","고유가 피해지원금","061)335-1300","111628707"
"굿모닝약국","빛가람동","전라남도 나주시 빛가람로 677 굿모닝약국","35.021648","126.785745","naver","약국","고유가 피해지원금|온누리","061)333-7990","83512707"
"써브웨이 나주혁신점","빛가람동","전라남도 나주시 빛가람로 677","35.021369","126.785952","naver","휴게음식점","고유가 피해지원금|온누리","061)335-1110","103839498"
"와플대학 나주혁신캠퍼스","빛가람동","전라남도 나주시 상야1길 7 예가람타워 102호","35.022501","126.785441","naver","휴게음식점","고유가 피해지원금|온누리","061)332-7022","117428478"
"커피로드뷰나주혁신점","빛가람동","전라남도 나주시 상야1길 7 113호, 114호","35.02249","126.785949","naver","커피/음료전문점","고유가 피해지원금|온누리","","114956258"
"39당구클럽(BILLIARDS)","빛가람동","전라남도 나주시 상야1길 7 2층 217호","35.022659","126.785852","naver","당구장","고유가 피해지원금","061)333-0390","120466946"
"헤어12.5나주혁신점","빛가람동","전라남도 나주시 상야1길 7 예가람타워 307호","35.022559","126.786356","naver","미용원","고유가 피해지원금|온누리","","121012380"
"천리향 양꼬치","빛가람동","전라남도 나주시 상야1길 7 203","35.022659","126.785852","naver","중식","고유가 피해지원금|온누리","061)333-9688","104921562"
"오즈에스테틱","빛가람동","전라남도 나주시 상야1길 7 154호","35.022659","126.785852","naver","화장품점","고유가 피해지원금|온누리","","112338678"
"만배식탁나주혁신도시점","빛가람동","전라남도 나주시 상야1길 7 1층 148호","35.022659","126.785852","naver","한식","고유가 피해지원금|온누리","","119258159"
"백억커피 나주혁신점","빛가람동","전라남도 나주시 상야1길 7 1층 104호","35.02249","126.78547","naver","커피/음료전문점","고유가 피해지원금|온누리","061)111-2222","114832911"
"윤쁨","빛가람동","전라남도 나주시 상야1길 7 153호","35.022659","126.785852","naver","피부미용원","고유가 피해지원금|온누리","","107172630"
"은행나무 갈매기","빛가람동","전라남도 나주시 상야1길 7 130호, 131호, 132호","35.022659","126.785852","naver","한식","고유가 피해지원금|온누리","","116888526"
"대동갈비","빛가람동","전라남도 나주시 상야1길 7 133호 ,134호","35.022659","126.785852","naver","한식","고유가 피해지원금|온누리","","121413410"
"미모오른","빛가람동","전라남도 나주시 상야1길 7 141, 142호","35.022659","126.785852","naver","피부미용원","고유가 피해지원금|온누리","","120213127"
"소피아리움","빛가람동","전라남도 나주시 상야1길 7 140호","35.022744","126.78566","naver","화원","고유가 피해지원금|온누리","","100704566"
"지오(ZIO)헤어","빛가람동","전라남도 나주시 상야1길 7 201호 지오헤어","35.022659","126.785852","naver","미용원","고유가 피해지원금|온누리","","116973659"
"토박이 잔치국수","빛가람동","전라남도 나주시 상야1길 7 토박이 잔치국수","35.022659","126.785852","naver","한식","고유가 피해지원금|온누리","033)263-9712","101736970"
"큰집묵은지","빛가람동","전라남도 나주시 상야1길 7 135호, 136호","35.022659","126.785852","naver","한식","고유가 피해지원금|온누리","061)331-7891","114624837"
"피자알볼로 나주혁신점","빛가람동","전남 나주시 빛가람동","35.019285","126.780998","dong","패스트푸드점","고유가 피해지원금|온누리","061)333-8495","98246308"
"촉촉피부관리실","빛가람동","전라남도 나주시 상야1길 7","35.022659","126.785852","naver","피부미용원","고유가 피해지원금|온누리","061)335-2330","83196851"
"지오뷰티","빛가람동","전라남도 나주시 상야1길 7 201호 지오헤어","35.022659","126.785852","naver","미용재료","고유가 피해지원금|온누리","","121462912"
"아이리스pc방","빛가람동","전라남도 나주시 상야1길 7 예가람타워 2층 207호","35.022526","126.786348","naver","비디오방/게임방","고유가 피해지원금|온누리","02)2222-2222","114757730"
"스위트리무진투어","빛가람동","전라남도 나주시 문화로 184 412호","35.01511","126.783656","naver","휴게음식점","고유가 피해지원금","","113675805"
"꽃소마루 나주혁신점","빛가람동","전라남도 나주시 상야1길 7 예가람타워 209, 210호","35.022659","126.785852","naver","한식","고유가 피해지원금|온누리","061)333-0092","116644436"
"락휴 테마파크","빛가람동","전라남도 나주시 상야1길 7 예가람타워 1층 락휴테마파크","35.022496","126.786363","naver","비디오방/게임방","고유가 피해지원금","","113302009"
"코오롱스포츠 나주빛가람점","빛가람동","전라남도 나주시 상야1길 7","35.022766","126.785358","naver","스포츠용품점","고유가 피해지원금|온누리","061)333-1331","65089811"
"공차 나주빛가람점","빛가람동","전라남도 나주시 상야1길 7 예가람타워 147호","35.022706","126.78535","naver","커피/음료전문점","고유가 피해지원금|온누리","061)336-0009","109583061"
"허니스포츠","빛가람동","전라남도 나주시 상야1길 7 B동 2층 223호","35.022659","126.785852","naver","스포츠용품점","고유가 피해지원금|온누리","061)337-6779","82829630"
"육회바른연어 나주점","빛가람동","전라남도 나주시 상야1길 7 1층 육회바른연어 나주점","35.02247","126.785991","naver","한식","고유가 피해지원금","063)332-2282","108490537"
"바른몸 움직임 연구소","빛가람동","전라남도 나주시 상야1길 7 1층 152호","35.022659","126.785852","naver","종합스포츠센터","고유가 피해지원금|온누리","","113544475"
"긴자료코 나주혁신점","빛가람동","전라남도 나주시 상야1길 7 예가람타워 1층 110호 긴자료코","35.022491","126.78577","naver","한식","고유가 피해지원금|온누리","061)333-1214","102475458"
"보울레시피 나주혁신점","빛가람동","전라남도 나주시 상야1길 7 107호","35.022475","126.785623","naver","휴게음식점","고유가 피해지원금","","112035373"
"공차 나주빛가람점","빛가람동","전라남도 나주시 상야1길 7 예가람타워 147호","35.022706","126.78535","naver","커피/음료전문점","고유가 피해지원금","061)336-0009","91838181"
"해탄","빛가람동","전라남도 나주시 상야1길 7 117, 118호","35.022495","126.786206","naver","한식","고유가 피해지원금|온누리","","115843382"
"미 센스","빛가람동","전라남도 나주시 상야1길 7","35.02248","126.785707","naver","기성복점","고유가 피해지원금|온누리","070)7614-3579","44604591"
"이바돔감자탕 나주혁신점","빛가람동","전라남도 나주시 상야1길 7 2층","35.022573","126.785476","naver","한식","고유가 피해지원금|온누리","061)336-2111","93169377"
"포레스파 나주혁신점","빛가람동","전라남도 나주시 상야1길 7 307호","35.022659","126.785852","naver","미용원","고유가 피해지원금|온누리","","110638907"
"짐나인","빛가람동","전라남도 나주시 상야1길 7 3층 짐나인","35.022756","126.785627","naver","요가","고유가 피해지원금|온누리","","102293671"
"설렘","빛가람동","전라남도 나주시 상야1길 7 1층 155호","35.022659","126.785852","naver","이벤트업","고유가 피해지원금|온누리","061)332-2244","115472739"
"제이엠씨푸드","빛가람동","전남 나주시 빛가람동","35.018147","126.781104","dong","일반음식점 기타","고유가 피해지원금","","101337148"
"빽다방 나주혁신점","빛가람동","전라남도 나주시 상야1길 7","35.022491","126.785823","naver","커피/음료전문점","고유가 피해지원금|온누리","070)7585-8808","118073254"
"현 필라테스","빛가람동","전라남도 나주시 상야1길 7 예가람타워 B동 3층 305호","35.022659","126.785852","naver","종합스포츠센터","고유가 피해지원금|온누리","061)333-3610","106982948"
"포토시그니처 나주혁신점","빛가람동","전남 나주시 빛가람동","35.01222","126.785839","dong","자동판매기 운영업","고유가 피해지원금","","108701405"
"일층약국","빛가람동","전라남도 나주시 상야1길 7 151호","35.022659","126.785852","naver","약국","고유가 피해지원금|온누리","061)820-8919","119383730"
"미스사이공 나주혁신점","빛가람동","전라남도 나주시 상야1길 7 예가람타워 148호","35.022627","126.785266","naver","일식/생선회집","고유가 피해지원금|온누리","061)333-0420","85650313"
"투썸플레이스","빛가람동","전라남도 나주시 상야1길 7 예가람타워 1층 투썸플레이스","35.022502","126.786079","naver","커피/음료전문점","고유가 피해지원금|온누리","","116220707"
"혁신속편한내과의원","빛가람동","전라남도 나주시 상야1길 7 401, 406호","35.022659","126.785852","naver","일반.치과.한의원","고유가 피해지원금","061)334-0600","119505685"
"메가엠지씨커피 나주빛가람점","빛가람동","전남 나주시 빛가람동","35.015375","126.782223","dong","커피/음료전문점","고유가 피해지원금|온누리","061)333-3280","120683009"
"놀부족발보쌈","빛가람동","전남 나주시 빛가람동","35.018494","126.797936","dong","일반음식점 기타","고유가 피해지원금|온누리","","98893712"
"참조은인테리어","빛가람동","전라남도 나주시 그린로 317-7 108호","35.014925","126.794503","naver","실내장식","고유가 피해지원금","070)7614-3579","116255338"
"원푸드","빛가람동","전라남도 나주시 청동길 31","35.038235","126.724476","naver","한식","고유가 피해지원금|온누리","","121771433"
"바른치킨 나주혁신점","빛가람동","전라남도 나주시 상야1길 7 103호","35.022659","126.785852","naver","일반음식점 기타","고유가 피해지원금|온누리","061)334-3378","57640543"
"Emoi나주혁신도시점","빛가람동","전라남도 나주시 우정로 72 116호","35.023648","126.787099","naver","일반음식점 기타","고유가 피해지원금|온누리","061)336-7174","107140017"
"라면집","빛가람동","전라남도 나주시 문화로 244 서담빌딩 105호 이로운 키친( 대로변 쪽)","35.020407","126.785215","naver","일반음식점 기타","고유가 피해지원금","061)820-7870","116671123"
"예가람타워관리단","빛가람동","전라남도 나주시 상야1길 7","35.02264","126.785873","naver","주차장","고유가 피해지원금","061)331-1482","110036364"
"킹콩부대찌개 나주혁신도시점","빛가람동","전남 나주시 빛가람동","35.013149","126.784231","dong","한식","고유가 피해지원금","061)333-1220","82493654"
"요거트월드 나주혁신점","빛가람동","전라남도 나주시 상야1길 7 1층 112호","35.022659","126.785852","naver","제과점/아이스크림점","고유가 피해지원금|온누리","061)111-2222","117144812"
"가온제면소","빛가람동","전남 나주시 빛가람동","35.024615","126.782195","dong","한식","고유가 피해지원금|온누리","061)331-8023","118788344"
"짐나인(문화비)","빛가람동","전라남도 나주시 상야1길 7 3층 짐나인","35.022756","126.785627","naver","종합스포츠센터","고유가 피해지원금|온누리","","119019471"
"휘스 공방","빛가람동","전라남도 나주시 배멧3길 19-7 1층 106호","35.019602","126.785863","naver","문화/취미 기타","고유가 피해지원금|온누리","","95799569"
"파라디아 나주","빛가람동","전라남도 나주시 배멧3길 19-7 105호","35.019593","126.7858","naver","기성복점","고유가 피해지원금|온누리","","108415577"
"투사랑","빛가람동","전라남도 나주시 배멧3길 19-7 109호","35.019615","126.785991","naver","한식","고유가 피해지원금","","102648346"
"이마트24 R나주혁신중앙점","빛가람동","전라남도 나주시 배멧3길 19-7","35.019627","126.785738","naver","편의점","고유가 피해지원금|온누리","","102792426"
"또와김밥","빛가람동","전라남도 나주시 배멧3길 19-7","35.019622","126.78613","naver","휴게음식점","고유가 피해지원금|온누리","061)335-8287","109585237"
"온돌 나주혁신점","빛가람동","전남 나주시 빛가람동","35.024325","126.79695","dong","한식","고유가 피해지원금|온누리","","107343178"
"전주콩뿌리 콩나물국밥 나주혁신도시점","빛가람동","전남 나주시 빛가람동","35.021844","126.781026","dong","한식","고유가 피해지원금|온누리","061)333-8070","96456505"
"큰집나주곰탕","빛가람동","전라남도 나주시 우정로 10 이노파크식스틴 사동 1층 큰집나주곰탕","35.024864","126.781424","naver","한식","고유가 피해지원금","061)9999-9999","103929899"
"카니프리뉴어","빛가람동","전라남도 나주시 배멧3길 19-7 111호","35.019613","126.786088","naver","농.수.축산물점","고유가 피해지원금|온누리","","117417804"
"씨유 나주혁신중앙점","빛가람동","전남 나주시 빛가람동","35.014409","126.782854","dong","편의점","고유가 피해지원금|온누리","062)651-3839","81050915"
"아마블레","빛가람동","전라남도 나주시 배멧3길 19-7 LS타워 110호","35.019602","126.786038","naver","커피/음료전문점","고유가 피해지원금|온누리","","108494110"
"눈보뛰프리미엄","빛가람동","전라남도 나주시 배멧3길 19-7 LS타워 201호","35.019722","126.785974","naver","반려동물 서비스/용품점","고유가 피해지원금","062)941-5808","116858547"
"유한회사 빛가람스크린","빛가람동","전남 나주시 빛가람동","35.011333","126.789874","dong","골프연습장","고유가 피해지원금","061)331-6300","103453867"
"유한회사 라온팰리스","빛가람동","전남 나주시 빛가람동","35.026646","126.795025","dong","기타관광호텔","고유가 피해지원금","061)338-1900","94306443"
"25년 장인아구찜 나주혁신점","빛가람동","전라남도 나주시 배멧3길 5-20 레이크스테이빌딩 101호, 102호","35.020469","126.785828","naver","한식","고유가 피해지원금|온누리","061)334-7500","94300066"
"아카데미 레슨장","빛가람동","전남 나주시 빛가람동","35.015036","126.796594","dong","골프연습장","고유가 피해지원금","","110506249"
"에이스 스크린","빛가람동","전라남도 나주시 배멧3길 19-5","35.019275","126.786067","naver","골프연습장","고유가 피해지원금","061)331-6300","113080122"
"옥상 달빛포차","빛가람동","전라남도 나주시 배멧3길 19-5 3층","35.019256","126.786068","naver","일식/생선회집","고유가 피해지원금","061)333-3755","110613628"
"(Ace)골프스크린","빛가람동","전라남도 나주시 배멧3길 19-5","35.019275","126.786067","naver","골프연습장","고유가 피해지원금","061)331-6300","116198502"
"다다아트미술학원(2호점)","빛가람동","전라남도 나주시 우정로 56 토담리치타워 A동 406호","35.023658","126.786301","naver","예체능계학원","고유가 피해지원금|온누리","061)332-7711","108805058"
"halo","빛가람동","전라남도 나주시 빛가람로 747 빛가람메디칼빌딩, 108호","35.021438","126.793853","naver","기성복점","고유가 피해지원금","","93839678"
"맨하튼","빛가람동","전라남도 나주시 우정로 56 A동 106호","35.023663","126.785529","naver","미용원","고유가 피해지원금|온누리","","103770081"
"보현검도관","빛가람동","전라남도 나주시 우정로 56 A동 401호","35.023568","126.785577","naver","예체능계학원","고유가 피해지원금|온누리","061)333-7585","120854238"
"리즈실용음악학원","빛가람동","전라남도 나주시 우정로 56 1동 6층 607호","35.023658","126.786301","naver","예체능계학원","고유가 피해지원금|온누리","061)337-7740","80698461"
"153네일(NAIL)","빛가람동","전라남도 나주시 우정로 56 토담리치타워 A동 120호","35.023705","126.785937","naver","피부미용원","고유가 피해지원금","","106346823"
"이엠(EM)수학학원","빛가람동","전라남도 나주시 우정로 56 중흥1차 맞은편 토담리치타워 B동 3층 305호","35.023658","126.786301","naver","문리계학원","고유가 피해지원금","","116905703"
"표현수학학원","빛가람동","전라남도 나주시 우정로 56 604호","35.023917","126.785649","naver","문리계학원","고유가 피해지원금","061)930-5123","111472227"
"옴므","빛가람동","전라남도 나주시 우정로 56 토담리치타워 A동 117호","35.023658","126.786301","naver","기성복점","고유가 피해지원금|온누리","","107353941"
"브릭스짐(BRICKS GYM)","빛가람동","전라남도 나주시 우정로 56 토담리치타워 A동 201호","35.023557","126.785496","naver","종합스포츠센터","고유가 피해지원금|온누리","","98716758"
"첨단공원국밥 나주혁신점","빛가람동","전라남도 나주시 우정로 56 B120, 121, 122호","35.023495","126.786496","naver","한식","고유가 피해지원금|온누리","061)331-1097","116756496"
"플랜에이치","빛가람동","전라남도 나주시 우정로 56 토담리치타워 B 115호","35.023768","126.785727","naver","미용원","고유가 피해지원금|온누리","061)335-5577","81718173"
"와이비엠(YBM)잉글루영어학원","빛가람동","전남 나주시 빛가람동","35.020796","126.798158","dong","외국어학원","고유가 피해지원금","","111339155"
"디더블유(DW) 축구아카데미","빛가람동","전라남도 나주시 우정로 56 A동 202호","35.023658","126.786301","naver","레포츠클럽","고유가 피해지원금","061)332-2244","107791718"
"지티(GT)커피 나주혁신점","빛가람동","전라남도 나주시 우정로 56 1동 1층 에이125호, 126호","35.023658","126.786301","naver","커피/음료전문점","고유가 피해지원금|온누리","","116045657"
"샐러디 나주혁신도시점","빛가람동","전라남도 나주시 우정로 56 A동 105호","35.02365","126.785573","naver","일반음식점 기타","고유가 피해지원금|온누리","061)930-6676","115811831"
"테니스윈아카데미","빛가람동","전라남도 나주시 우정로 56 토담리치타워 A동 3층 301, 302호","35.023603","126.785472","naver","테니스장","고유가 피해지원금|온누리","070)7614-3579","117100464"
"라브리지헤어살롱 나주혁신점","빛가람동","전라남도 나주시 우정로 56 토담리치타워 B동 207호","35.023658","126.786301","naver","미용원","고유가 피해지원금|온누리","061)337-6418","29945129"
"데일리스푼","빛가람동","전라남도 나주시 우정로 56 리치타워 제1동 에이동 113호","35.023658","126.786301","naver","일반잡화판매점","고유가 피해지원금|온누리","061)332-2244","120945535"
"써니무용학원","빛가람동","전라남도 나주시 우정로 56 b동 5층 504호","35.023658","126.786301","naver","예체능계학원","고유가 피해지원금","","121908775"
"시너지수학학원","빛가람동","전라남도 나주시 우정로 56 B동 306호","35.023623","126.786494","naver","문리계학원","고유가 피해지원금","061)930-5480","107380311"
"조이스 미술학원","빛가람동","전라남도 나주시 우정로 56 토담리치타워 B동 404호","35.023658","126.786301","naver","예체능계학원","고유가 피해지원금|온누리","061)333-4606","95562801"
"자연바다","빛가람동","전라남도 나주시 우정로 56 리치타워 A동 207호","35.023658","126.786301","naver","한식","고유가 피해지원금","061)333-1480","95783691"
"신과담","빛가람동","전라남도 나주시 우정로 56 A동 118호","35.023861","126.785997","naver","커피/음료전문점","고유가 피해지원금","","111174871"
"나주복권방","빛가람동","전라남도 나주시 문화로 226 1층 102호","35.019051","126.785122","naver","일반잡화판매점","고유가 피해지원금","061)333-7677","119269017"
"에스알(SR)과학전문학원","빛가람동","전라남도 나주시 우정로 56 B동 3층 302호","35.023658","126.786301","naver","문리계학원","고유가 피해지원금","","118305109"
"아무르(amour)","빛가람동","전남 나주시 빛가람동","35.026662","126.783789","dong","기성복점","고유가 피해지원금","","97675827"
"한빛국어사회학원","빛가람동","전라남도 나주시 우정로 56 토담리치타워 A동 508호 한빛 국어사회 학원","35.023658","126.786301","naver","문리계학원","고유가 피해지원금","061)336-0954","50527091"
"스마트러닝 스팀 과학학원","빛가람동","전라남도 나주시 우정로 56 토담리치타워 A동 608호, A동 407호","35.023768","126.785727","naver","기타학원","고유가 피해지원금|온누리","061)334-1090","85722005"
"어컵오브어데이 A cup of A day","빛가람동","전라남도 나주시 우정로 56 토담리치타워 B동 1층 108호","35.023806","126.786249","naver","휴게음식점","고유가 피해지원금","","109480245"
"에듀링크 인터네셔널","빛가람동","전남 나주시 빛가람동","35.0144","126.79624","dong","서점","고유가 피해지원금","","120448433"
"그루브 댄스 학원 나주혁신점","빛가람동","전라남도 나주시 우정로 56 토담리치타워 A동 2층 206호","35.023658","126.786301","naver","기타학원","고유가 피해지원금|온누리","","119687008"
"와이비엠(YBM)잉글루영어 제2캠퍼스학원","빛가람동","전남 나주시 빛가람동","35.012754","126.784492","dong","외국어학원","고유가 피해지원금","","116065599"
"아이크미어학원","빛가람동","전라남도 나주시 우정로 56 토담리치타워 B동 304호","35.023658","126.786301","naver","외국어학원","고유가 피해지원금|온누리","","108358113"
"도트커피","빛가람동","전라남도 나주시 우정로 56 A동 107호","35.023755","126.78559","naver","커피/음료전문점","고유가 피해지원금","","121141930"
"씨유(CU)나주중흥점","빛가람동","전라남도 나주시 우정로 56","35.023753","126.786468","naver","편의점","고유가 피해지원금|온누리","02)1577-8007","121444445"
"앤(N)","빛가람동","전라남도 나주시 빛가람동 빛가람로 789 베스트빌딩 1층 A 101호","35.021428","126.798002","naver","미용원","고유가 피해지원금|온누리","","119977930"
"해운대양품점 나주혁신점","빛가람동","전라남도 나주시 우정로 56 토담리치타워 A동 121호","35.023735","126.785944","naver","일반잡화판매점","고유가 피해지원금|온누리","061)332-2244","114066417"
"표현어학원","빛가람동","전라남도 나주시 우정로 56 604호","35.023917","126.785649","naver","외국어학원","고유가 피해지원금","061)334-0020","85501817"
"바디체인지업","빛가람동","전라남도 나주시 우정로 56 토담리치타워 3층","35.023768","126.785727","naver","피부미용원","고유가 피해지원금|온누리","061)332-3212","32661868"
"바이오메디슨","빛가람동","전남 나주시 빛가람동","35.011461","126.787271","dong","기타 전자제품","고유가 피해지원금","061)334-3788","106734904"
"씽킹매쓰영재센터학원","빛가람동","전남 나주시 빛가람동","35.024792","126.796858","dong","문리계학원","고유가 피해지원금","061)333-6766","118046135"
"에이블 영어학원","빛가람동","전라남도 나주시 우정로 56 B동 401호","35.023658","126.786301","naver","외국어학원","고유가 피해지원금","061)111-2222","113937277"
"나주빛가람간호학원","빛가람동","전라남도 나주시 우정로 56 6층 B604호","35.023658","126.786301","naver","기술/사무/가정계학원","고유가 피해지원금","061)336-7582","108176429"
"생각을여는수학교습소","빛가람동","전남 나주시 빛가람동","35.028782","126.790155","dong","문리계학원","고유가 피해지원금","","106424641"
"더란아너스학원","빛가람동","전라남도 나주시 우정로 56 A동 4층 404호","35.023658","126.786301","naver","외국어학원","고유가 피해지원금","061)332-2244","119112128"
"연주가","빛가람동","전라남도 나주시 우정로 56 1동 1층 B119호","35.023541","126.786503","naver","일반음식점 기타","고유가 피해지원금|온누리","070)7614-3579","114267435"
"투웰브 바스켓 (12 BASKET)","빛가람동","전라남도 나주시 우정로 56 토담리치타워 A104호","35.023623","126.785527","naver","화원","고유가 피해지원금|온누리","","112943519"
"아베크음악전문학원","빛가람동","전라남도 나주시 우정로 56 토담리치타워 B동 403호","35.023658","126.786301","naver","예체능계학원","고유가 피해지원금|온누리","061)336-4626","101097237"
"배움아카데미컴퓨터학원","빛가람동","전라남도 나주시 우정로 56 토담리치타워 A동 402호","35.02375","126.785584","naver","기술/사무/가정계학원","고유가 피해지원금|온누리","061)331-0002","102460372"
"도스마스 나주혁신점","빛가람동","전라남도 나주시 우정로 56 A동 102호","35.023579","126.78552","naver","일반음식점 기타","고유가 피해지원금","","119039050"
"눈썹집(.zip)","빛가람동","전남 나주시 빛가람동","35.015319","126.796978","dong","피부미용원","고유가 피해지원금","","109678010"
"신의한국수나주혁신점","빛가람동","전라남도 나주시 우정로 56 A동 203호","35.023658","126.786301","naver","한식","고유가 피해지원금|온누리","061)333-7590","116490773"
"김밥집","빛가람동","전라남도 나주시 전력로 2 이화프라자 107호","35.021399","126.785393","naver","휴게음식점","고유가 피해지원금|온누리","061)333-1019","118876493"
"제이의정원","빛가람동","전라남도 나주시 우정로 56 토담리치타워 b동 102호","35.023658","126.786301","naver","실내장식","고유가 피해지원금|온누리","062)955-8046","84028069"
"미풍해장국 한전점","빛가람동","전라남도 나주시 우정로 56 토담리치타워 B동205호","35.023722","126.786421","naver","한식","고유가 피해지원금|온누리","061)337-2344","86654230"
"착한분장실","빛가람동","전라남도 나주시 우정로 56 토담리치타워 A동 103호","35.023603","126.785522","naver","기성복점","고유가 피해지원금|온누리","","91015478"
"줄리스북앤클래스학원","빛가람동","전라남도 나주시 우정로 56 토담리치타워 A동 405호","35.023873","126.785728","naver","문리계학원","고유가 피해지원금","","96282170"
"(주)란잉글리쉬","빛가람동","전라남도 나주시 우정로 56 A동 5층 504호","35.023816","126.785765","naver","외국어학원","고유가 피해지원금","061)333-3623","107082867"
"점프파이어 줄넘기","빛가람동","전라남도 나주시 우정로 56 A동 605호","35.023872","126.785841","naver","레포츠클럽","고유가 피해지원금|온누리","","121097070"
"메인드러머서담학원","빛가람동","전라남도 나주시 우정로 56 B동 6층 606호","35.023658","126.786301","naver","예체능계학원","고유가 피해지원금|온누리","","110838610"
"니흐(NIH)","빛가람동","전라남도 나주시 우정로 56 B동 1층 109호","35.023658","126.786301","naver","기성복점","고유가 피해지원금|온누리","061)9166-1175","122028578"
"오유미당 나주혁신점","빛가람동","전라남도 나주시 우정로 56 A동 112호","35.023935","126.785632","naver","일반음식점 기타","고유가 피해지원금|온누리","","106169457"
"샤마르(SHAMAR)","빛가람동","전남 나주시 빛가람동","35.020267","126.780601","dong","아동 및 유아복점","고유가 피해지원금","","113531687"
"옥경이 순대국","빛가람동","전라남도 나주시 우정로 56 B동 101호","35.023658","126.786301","naver","한식","고유가 피해지원금|온누리","061)337-7740","96488846"
"웨이블리 뷰티(WAVELY BEAUTY)","빛가람동","전라남도 나주시 우정로 56 A동 116호(1층)","35.023882","126.785935","naver","피부미용원","고유가 피해지원금","","111436572"
"해동검도","빛가람동","전라남도 나주시 우정로 56 토담리치타워 B동 603호","35.023658","126.786301","naver","예체능계학원","고유가 피해지원금","","118851035"
"꽃 피는 별x오우야에스프레소바 나주점","빛가람동","전남 나주시 빛가람동","35.021262","126.798268","dong","화원","고유가 피해지원금|온누리","","108815435"
"문크(MOONKE)","빛가람동","전라남도 나주시 우정로 56 b동 1층 103호","35.023658","126.786301","naver","문화/취미 기타","고유가 피해지원금|온누리","","104305217"
"빛나래태권도 우정관","빛가람동","전라남도 나주시 우정로 56 B동 4층 405호","35.023658","126.786301","naver","예체능계학원","고유가 피해지원금|온누리","","118584034"
"이해하는수학학원","빛가람동","전라남도 나주시 우정로 56 B동 402호","35.023658","126.786301","naver","문리계학원","고유가 피해지원금","061)336-0942","101728199"
"참조은약국","빛가람동","전라남도 나주시 우정로 56 B114호","35.023658","126.786301","naver","약국","고유가 피해지원금|온누리","061)332-3521","119148231"
"브릭스짐(BRICKS GYM)","빛가람동","전라남도 나주시 우정로 56 토담리치타워 A동 201호","35.023557","126.785496","naver","종합스포츠센터","고유가 피해지원금|온누리","","118827888"
"에브리데이엘린 나주혁신점","빛가람동","전라남도 나주시 우정로 56 A-115","35.023896","126.78588","naver","기성복점","고유가 피해지원금|온누리","","118275133"
"리즈피아노음악학원","빛가람동","전라남도 나주시 우정로 56 B동 6층 605호","35.023658","126.786301","naver","예체능계학원","고유가 피해지원금|온누리","061)337-7740","80694151"
"씽킹매쓰영재센터학원","빛가람동","전남 나주시 빛가람동","35.024213","126.797318","dong","문리계학원","고유가 피해지원금","061)333-6766","110308149"
"지니어스수학학원","빛가람동","전라남도 나주시 우정로 56 토담리치타워 A동 505호","35.023642","126.786373","naver","문리계학원","고유가 피해지원금","061)333-0422","103759226"
"우리할매떡볶이 나주혁신점","빛가람동","전라남도 나주시 우정로 56","35.023764","126.786371","naver","휴게음식점","고유가 피해지원금","061)337-8885","116383837"
"차령숯불갈비","빛가람동","전라남도 나주시 우정로 56 토담리치타워 A동 205호","35.023658","126.786301","naver","일반음식점 기타","고유가 피해지원금|온누리","061)332-0333","105111369"
"지호뷰티","빛가람동","전라남도 나주시 배멧3길 11 드림타워 2층 204호","35.018911","126.786173","naver","미용원","고유가 피해지원금","","122386913"
"에이치짐(H GYM)","빛가람동","전라남도 나주시 배멧3길 11 6층","35.018948","126.786103","naver","종합스포츠센터","고유가 피해지원금|온누리","","108517686"
"지호헤어","빛가람동","전라남도 나주시 배멧3길 11 드림타워 2층 204호","35.018911","126.786173","naver","미용원","고유가 피해지원금","061)820-7122","73991003"
"유한회사 드림호텔","빛가람동","전남 나주시 빛가람동","35.011058","126.789605","dong","기타관광호텔","고유가 피해지원금","061)336-9300","81646256"
"에이치짐(H GYM)_문화비","빛가람동","전라남도 나주시 배멧3길 11 6층","35.018948","126.786103","naver","종합스포츠센터","고유가 피해지원금|온누리","","119426931"
"카페잇샌드나주혁신점","빛가람동","전라남도 나주시 배멧3길 11 드림타워 1층 107호","35.01893","126.786255","naver","커피/음료전문점","고유가 피해지원금|온누리","070)7614-3579","115910641"
"채선당플러스","빛가람동","전라남도 나주시 배멧3길 11 5층 채선당","35.018888","126.786197","naver","한식","고유가 피해지원금","061)333-2233","84153028"
"(주)비율에스테틱앤스킨뷰티아카데미","빛가람동","전남 나주시 빛가람동","35.028772","126.787784","dong","피부미용원","고유가 피해지원금","061)333-7149","108766292"
"채선당 플러스","빛가람동","전라남도 나주시 배멧3길 11 5층 채선당","35.018888","126.786197","naver","한식","고유가 피해지원금|온누리","061)333-2233","107036034"
"다름국밥곱창구이","빛가람동","전라남도 나주시 배멧3길 11 드림타워1층","35.018824","126.786071","naver","한식","고유가 피해지원금|온누리","061)332-5567","121676286"
"유유","빛가람동","전라남도 나주시 배멧1길 22 1층 113호, 114호","35.018869","126.792725","naver","피부미용원","고유가 피해지원금","","105870809"
"커피마켓","빛가람동","전라남도 나주시 한빛로 171","35.028899","126.789047","naver","커피/음료전문점","고유가 피해지원금","","111697029"
"배멧원","빛가람동","전라남도 나주시 배멧3길 5-18","35.020061","126.785781","naver","한식","고유가 피해지원금|온누리","061)333-0403","91634602"
"(주)웨스턴호텔","빛가람동","전라남도 나주시 배멧3길 5-18","35.020044","126.785847","naver","기타관광호텔","고유가 피해지원금","062)361-5500","88136637"
"하라커피","빛가람동","전라남도 나주시 나주로 83-16","35.026389","126.715277","naver","자동판매기 운영업","고유가 피해지원금","","104605962"
"(주)우리투어","빛가람동","전남 나주시 빛가람동","35.02768","126.784861","dong","관광여행사","고유가 피해지원금","","104183221"
"미향푸드","빛가람동","전남 나주시 빛가람동","35.011201","126.787676","dong","한식","고유가 피해지원금","070)7723-4998","121884636"
"호떡and붕어빵","빛가람동","전남 나주시 빛가람동","35.025258","126.796735","dong","휴게음식점","고유가 피해지원금|온누리","","119745005"
"달롱도르 요거트 아이스크림 나주점","빛가람동","전라남도 나주시 그린로 197","35.009828","126.788157","naver","커피/음료전문점","고유가 피해지원금","061)333-0010","101055216"
"아구듬뿍and알곤마니 나즈혁신점","빛가람동","전남 나주시 빛가람동","35.01321","126.79536","dong","한식","고유가 피해지원금","061)333-9200","120729770"
"플로우 디저트","빛가람동","전라남도 나주시 호수로 70 플로우 디저트","35.013303","126.790237","naver","커피/음료전문점","고유가 피해지원금","","113176163"
"고기듬뿍 국물두루치기 나주혁신점","빛가람동","전남 나주시 빛가람동","35.013527","126.78323","dong","한식","고유가 피해지원금","061)333-5577","84928264"
"한우리","빛가람동","전라남도 나주시 호수로 70","35.013376","126.790225","naver","일반음식점 기타","고유가 피해지원금|온누리","061)334-8820","81058548"
"장어이야기","빛가람동","전남 나주시 빛가람동","35.025646","126.782485","dong","농.수.축산물점","고유가 피해지원금","061)336-1822","101621899"
"드럼기타색소폰전문학원","빛가람동","전라남도 나주시 호수로 70 5층 전층","35.013303","126.790237","naver","예체능계학원","고유가 피해지원금","","86889051"
"한빛전기소방학원","빛가람동","전라남도 나주시 빛가람동 호수로 70 S&S 금천빌딩 4F 한빛전기소방학원","35.013303","126.790237","naver","기술/사무/가정계학원","고유가 피해지원금","061)333-5566","87358870"
"헤아니","빛가람동","전남 나주시 빛가람동","35.017884","126.780723","dong","시설대여업","고유가 피해지원금","","121373919"
"(주)빛고을교육","빛가람동","전라남도 나주시 호수로 68","35.013312","126.789941","naver","교육기자재","고유가 피해지원금","062)603-2252","83477911"
"깻잎통닭","빛가람동","전라남도 나주시 호수로 68 105호","35.013269","126.789869","naver","일반음식점 기타","고유가 피해지원금|온누리","070)7614-3579","115334550"
"강아지세상고양이세상","빛가람동","전라남도 나주시 호수로 68 1층","35.013377","126.789985","naver","반려동물 서비스/용품점","고유가 피해지원금|온누리","061)332-0733","102618488"
"무등교육","빛가람동","전남 나주시 빛가람동","35.023591","126.797732","dong","학습지","고유가 피해지원금","062)603-2252","83453999"
"강아지세상고양이세상","빛가람동","전라남도 나주시 호수로 68 1층","35.013377","126.789985","naver","반려동물 서비스/용품점","고유가 피해지원금","061)332-0733","84173362"
"세컨플로어","빛가람동","전라남도 나주시 호수로 68 2층 카페","35.013312","126.789941","naver","커피/음료전문점","고유가 피해지원금","061)335-7080","97480821"
"강아지세상 고양이세상","빛가람동","전라남도 나주시 호수로 68 1층","35.013377","126.789985","naver","반려동물 서비스/용품점","고유가 피해지원금","061)332-0733","105373000"
"고유스튜디오","빛가람동","전라남도 나주시 호수로 68 5층","35.013312","126.789941","naver","요가","고유가 피해지원금|온누리","061)332-5696","97940927"
"브이아이피VIP","빛가람동","전라남도 나주시 부덕동","34.9814","126.7323","naver","피부미용원","고유가 피해지원금","061)336-9588","101934124"
"마루오구이구이","빛가람동","전라남도 나주시 배멧3길 5-8 106호, 107호","35.019193","126.785654","naver","한식","고유가 피해지원금|온누리","061)332-0099","105992117"
"한결축산유통","빛가람동","전라남도 나주시 배멧3길 5-8","35.019268","126.785759","naver","정육점","고유가 피해지원금|온누리","061)331-2233","98477864"
"기영이 숯불두마리치킨 나주혁신점","빛가람동","전남 나주시 빛가람동","35.026222","126.796012","dong","일반음식점 기타","고유가 피해지원금|온누리","061)336-2799","121186015"
"무등소갈비(빛가람점)","빛가람동","전라남도 나주시 배멧3길 5-8 2F","35.019335","126.785743","naver","한식","고유가 피해지원금|온누리","061)331-2233","98442542"
"마루오당구클럽","빛가람동","전라남도 나주시 배멧3길 5-8 4층 403~4호","35.019268","126.785759","naver","당구장","고유가 피해지원금|온누리","061)333-4939","99284382"
"(주)마루오호텔","빛가람동","전라남도 나주시 배멧3길 5-8","35.01926","126.785732","naver","기타숙박업","고유가 피해지원금","061)331-0700","85062611"
"마루오(MARU-0)","빛가람동","전라남도 나주시 배멧3길 5-8","35.01926","126.785732","naver","기타숙박업","고유가 피해지원금|온누리","061)331-0700","106792944"
"마루오beer","빛가람동","전라남도 나주시 배멧3길 5-8","35.019268","126.785759","naver","일반주점","고유가 피해지원금","061)333-4939","99283221"
"든든정신건강의학과의원","빛가람동","전라남도 나주시 전력로 2 6층 601-3,601-4,602-1호","35.021572","126.785331","naver","일반.치과.한의원","고유가 피해지원금|온누리","061)820-7322","109953394"
"연세해피라인의원","빛가람동","전라남도 나주시 전력로 2","35.02159","126.785386","naver","일반.치과.한의원","고유가 피해지원금|온누리","061)333-9111","109992629"
"연세해피라인의원","빛가람동","전라남도 나주시 전력로 2","35.02159","126.785386","naver","일반.치과.한의원","고유가 피해지원금|온누리","061)333-6662","109408502"
"신전떡볶이","빛가람동","전라남도 나주시 대호길 84","35.042996","126.717186","naver","휴게음식점","고유가 피해지원금|온누리","061)333-9725","81126686"
"버거킹 나주빛가람점","빛가람동","전라남도 나주시 전력로 2","35.02142","126.785477","naver","패스트푸드점","고유가 피해지원금|온누리","061)333-5597","116691376"
"본죽앤비빔밥","빛가람동","전라남도 나주시 그린로 339 1층 102호","35.016705","126.794169","naver","한식","고유가 피해지원금|온누리","061)335-6288","76669503"
"맥짐 (MAC GYM)","빛가람동","전라남도 나주시 전력로 2 8층 맥짐","35.021572","126.785331","naver","종합스포츠센터","고유가 피해지원금|온누리","061)333-9682","87189191"
"서울이비인후과의원","빛가람동","전라남도 나주시 전력로 2 이화프라자 4층","35.021572","126.785331","naver","일반.치과.한의원","고유가 피해지원금","061)336-3555","103421244"
"롯데리아혁신점","빛가람동","전라남도 나주시 전력로 6 펠리시티s","35.021878","126.785239","naver","패스트푸드점","고유가 피해지원금|온누리","061)336-9996","51597544"
"또또꼬마김밥혁신점","빛가람동","전라남도 나주시 전력로 2 이화프라자 107호","35.021399","126.785393","naver","일반음식점 기타","고유가 피해지원금|온누리","","119024211"
"정관장 나주혁신도시점","빛가람동","전라남도 나주시 전력로 2 이화메디컬 1층","35.021443","126.785315","naver","건강식품점","고유가 피해지원금|온누리","061)333-2304","87674591"
"수한의원","빛가람동","전라남도 나주시 전력로 2 이화메디컬빌딩 6층","35.021572","126.785331","naver","일반.치과.한의원","고유가 피해지원금","061)331-3030","74505240"
"나주혁신정형외과","빛가람동","전라남도 나주시 전력로 2 이화프라자 301호","35.021572","126.785331","naver","일반.치과.한의원","고유가 피해지원금","061)930-9119","96942628"
"센트럴내과","빛가람동","전라남도 나주시 전력로 2","35.02159","126.785386","naver","일반.치과.한의원","고유가 피해지원금","061)333-7571","77962547"
"(주)노블키즈나주혁신점","빛가람동","전라남도 나주시 전력로 2 203-3호","35.021572","126.785331","naver","유아전문 교육기관/놀이시설","고유가 피해지원금","061)333-8111","112207267"
"늘푸른임안과의원","빛가람동","전라남도 나주시 전력로 2","35.021572","126.785331","naver","일반.치과.한의원","고유가 피해지원금","061)333-2075","60078729"
"파리바게뜨이화점","빛가람동","전라남도 나주시 전력로 2 이화프라자 1층 105호","35.021486","126.785191","naver","제과점/아이스크림점","고유가 피해지원금|온누리","061)336-8279","73716439"
"에코이비인후과","빛가람동","전라남도 나주시 빛가람로 676 405,406호","35.020805","126.785541","naver","일반.치과.한의원","고유가 피해지원금","061)336-8575","78140065"
"DUNKIN'DONUTS","빛가람동","전라남도 나주시 전력로 2","35.02168","126.78518","naver","제과점/아이스크림점","고유가 피해지원금|온누리","061)332-9114","108011145"
"맥짐(MAC GYM)","빛가람동","전라남도 나주시 전력로 2 8층 맥짐","35.021572","126.785331","naver","종합스포츠센터","고유가 피해지원금|온누리","061)333-9682","118931141"
"baskin BR robbins","빛가람동","전남 나주시 빛가람동","35.022928","126.798094","dong","제과점/아이스크림점","고유가 피해지원금|온누리","061)333-3177","117301453"
"디토헤어(DITTO)","빛가람동","전라남도 나주시 전력로 6","35.021995","126.785336","naver","미용원","고유가 피해지원금","061)335-4444","82949001"
"팜듀 나주지사","빛가람동","전남 나주시 빛가람동","35.011652","126.793156","dong","건강식품점","고유가 피해지원금","062)375-1474","52975759"
"텐퍼센트커피 나주혁신점","빛가람동","전남 나주시 빛가람동","35.028628","126.792388","dong","커피/음료전문점","고유가 피해지원금","070)4100-1010","98280466"
"화정옥모밀","빛가람동","전라남도 나주시 전력로 6 팰리시티s 2층 203호","35.021995","126.785336","naver","일반음식점 기타","고유가 피해지원금|온누리","062)336-7709","85399375"
"청담 스킨&왁싱","빛가람동","전라남도 나주시 전력로 6 펠리시티S 3층 306호","35.022166","126.785342","naver","화장품점","고유가 피해지원금","","93513087"
"텐퍼센트커피 나주혁신점","빛가람동","전남 나주시 빛가람동","35.027567","126.784386","dong","커피/음료전문점","고유가 피해지원금|온누리","","110288538"
"맨시크 나주혁신점","빛가람동","전라남도 나주시 전력로 6 207호","35.022137","126.78549","naver","미용원","고유가 피해지원금","061)334-0530","114449741"
"구르미 김밥","빛가람동","전라남도 나주시 전력로 6 펠리시티빌딩 1층 106호","35.022079","126.785187","naver","휴게음식점","고유가 피해지원금|온누리","061)336-7755","113563014"
"모디자인","빛가람동","전라남도 나주시 전력로 6 3층 308호","35.021995","126.785336","naver","주택/건설","고유가 피해지원금","","109002463"
"공감안경","빛가람동","전라남도 나주시 전력로 6 펠리시티S 104호","35.02194","126.78521","naver","안경점","고유가 피해지원금|온누리","061)332-1991","86437739"
"포맨","빛가람동","전라남도 나주시 전력로 6 펠리시티s 107호","35.022102","126.785197","naver","미용원","고유가 피해지원금","061)332-1104","106595792"
"지에스25 나주펠리시티점","빛가람동","전라남도 나주시 빛가람동 전력로 6 115호, 116호 (빛가람동 189-1)","35.021995","126.785336","naver","편의점","고유가 피해지원금|온누리","","114006816"
"하이오커피 나주혁신점","빛가람동","전라남도 나주시 전력로 6 1층 105호","35.022056","126.785196","naver","커피/음료전문점","고유가 피해지원금|온누리","","106092105"
"이니","빛가람동","전라남도 나주시 배멧3길 5-4 운재빌딩 3층","35.01891","126.785731","naver","요가","고유가 피해지원금","","117973462"
"뚜레쥬르 나주혁신중앙점","빛가람동","전라남도 나주시 빛가람로 676 시티원빌딩 1층 뚜레쥬르","35.020918","126.785278","naver","제과점/아이스크림점","고유가 피해지원금|온누리","","120149143"
"바른부부한의원","빛가람동","전라남도 나주시 빛가람로 676 303호, 304호","35.020696","126.785904","naver","일반.치과.한의원","고유가 피해지원금|온누리","061)332-1075","101764091"
"이니필라테스","빛가람동","전라남도 나주시 배멧3길 5-4 운재빌딩 3층","35.01891","126.785731","naver","요가","고유가 피해지원금","","102030621"
"미지예피부과나주혁신점","빛가람동","전라남도 나주시 빛가람로 676 4층 미지예피부과","35.020805","126.785541","naver","일반.치과.한의원","고유가 피해지원금","061)334-7002","88592565"
"쏘이살롱(SSOLSALON) 빛가람점","빛가람동","전라남도 나주시 빛가람로 676 205호","35.020805","126.785541","naver","미용원","고유가 피해지원금|온누리","","114792166"
"미소담","빛가람동","전라남도 나주시 빛가람로 676 116, 117, 118호","35.020805","126.785541","naver","한식","고유가 피해지원금|온누리","061)333-0003","116604339"
"바른엔오","빛가람동","전남 나주시 빛가람동","35.024078","126.797679","dong","건강식품점","고유가 피해지원금","061)332-1075","109284871"
"가지런이 치과교정과 치과의원","빛가람동","전라남도 나주시 빛가람로 676 씨티원빌딩 3층","35.020834","126.785566","naver","일반.치과.한의원","고유가 피해지원금|온누리","061)334-2828","95730443"
"이차돌 나주혁신도시점","빛가람동","전라남도 나주시 배멧3길 5-4 1층","35.018782","126.785608","naver","한식","고유가 피해지원금|온누리","061)333-7799","115538876"
"레이크45","빛가람동","전라남도 나주시 배멧3길 5-4 1~6층 숙박 1호~6호","35.01891","126.785731","naver","기타숙박업","고유가 피해지원금","061)338-8000","105380752"
"디저트39 나주빛가람점","빛가람동","전라남도 나주시 배멧3길 5-4 1층 105, 106호","35.018773","126.785655","naver","커피/음료전문점","고유가 피해지원금|온누리","0507)1457-0180","108680547"
"이삭토스트앤커피","빛가람동","전남 나주시 빛가람동","35.019033","126.798606","dong","패스트푸드점","고유가 피해지원금|온누리","061)333-2223","83059988"
"락 아로마","빛가람동","전라남도 나주시 배멧3길 5-4 4층 403호","35.01891","126.785731","naver","피부미용원","고유가 피해지원금","061)335-5853","120310705"
"햇살약국","빛가람동","전라남도 나주시 빛가람로 676 씨티원빌딩 104호","35.020938","126.785687","naver","약국","고유가 피해지원금","061)334-2755","85703944"
"다온헤어","빛가람동","전라남도 나주시 배멧3길 5-4 108호 (할리스커피 옆 )","35.01883","126.785771","naver","미용원","고유가 피해지원금|온누리","","108738369"
"(주)더아름다운셀","빛가람동","전남 나주시 빛가람동","35.019339","126.7803","dong","화장품점","고유가 피해지원금","061)333-9394","117770249"
"빵이당 나주혁신점","빛가람동","전라남도 나주시 빛가람로 676 씨티원빌딩 1층 107호","35.020961","126.785459","naver","제과점/아이스크림점","고유가 피해지원금|온누리","","120071707"
"가람초밥","빛가람동","전라남도 나주시 배멧3길 5-4 101호 102호","35.018915","126.785635","naver","일식/생선회집","고유가 피해지원금|온누리","061)337-7878","109008517"
"스위치","빛가람동","전라남도 나주시 배멧3길 5-4","35.018769","126.785718","naver","자동판매기 운영업","고유가 피해지원금","","104984668"
"빛가람플란트 치과의원","빛가람동","전라남도 나주시 빛가람로 676 다이소 건물 2층","35.020805","126.785541","naver","일반.치과.한의원","고유가 피해지원금|온누리","061)335-7528","120417996"
"할리스 나주빛가람혁신도시점","빛가람동","전라남도 나주시 배멧3길 5-4 1층 할리스커피","35.018837","126.785821","naver","커피/음료전문점","고유가 피해지원금","061)334-5466","121705120"
"브라더수산두번째","빛가람동","전남 나주시 빛가람동","35.011284","126.792487","dong","한식","고유가 피해지원금|온누리","061)333-8738","104778518"
"버거리 나주혁신점","빛가람동","전라남도 나주시 빛가람로 676 108호","35.020955","126.78537","naver","패스트푸드점","고유가 피해지원금|온누리","","117846671"
"일공공일 안경콘택트","빛가람동","전라남도 나주시 문화로 244 서담빌딩 1층","35.020357","126.78523","naver","안경점","고유가 피해지원금|온누리","061)334-1009","87914564"
"토니모리 나주혁신점","빛가람동","전라남도 나주시 빛가람동 문화로 244 서담빌딩102호","35.020511","126.785223","naver","화장품점","고유가 피해지원금|온누리","061)332-5641","97606647"
"헤어아떼 나주빛가람점","빛가람동","전라남도 나주시 교육길 13 E동 1-111호","35.020257","126.7804","naver","미용원","고유가 피해지원금","061)332-0960","93921520"
"에이티엠(ATM)","빛가람동","전라남도 나주시 전력로 2","35.021566","126.785377","naver","커피/음료전문점","고유가 피해지원금|온누리","070)7856-1114","100808518"
"로이드(나주혁신점)","빛가람동","전라남도 나주시 문화로 244","35.020431","126.785348","naver","악세사리점","고유가 피해지원금|온누리","","121884551"
"봄봄","빛가람동","전라남도 나주시 상야1길 8 106호(빛가람동, 토담휴로스2차)","35.021921","126.785821","naver","문화센터","고유가 피해지원금|온누리","061)336-6240","97881096"
"이로운 키친","빛가람동","전라남도 나주시 문화로 244 서담빌딩 105호 이로운 키친( 대로변 쪽)","35.020407","126.785215","naver","일반음식점 기타","고유가 피해지원금|온누리","061)331-0210","109492311"
"수타이아로마","빛가람동","전남 나주시 빛가람동","35.029211","126.790008","dong","피부미용원","고유가 피해지원금","070)7614-3579","109927545"
"카페 비","빛가람동","전라남도 나주시 노안면 건재로 524-11 비클래시","35.064298","126.752572","naver","커피/음료전문점","고유가 피해지원금","061)336-6240","115273778"
"베니르","빛가람동","전라남도 나주시 문화로 244 서담빌딩 104호","35.020868","126.785383","naver","화원","고유가 피해지원금|온누리","070)7614-3579","98862470"
"보니또 클래식(BONITO-CLASSIC)","빛가람동","전남 나주시 빛가람동","35.026031","126.782473","dong","기성복점","고유가 피해지원금","","114717131"
"하얀꽃케이크","빛가람동","전라남도 나주시 문화로 244 서담빌딩 3층 304호","35.020431","126.785348","naver","제과점/아이스크림점","고유가 피해지원금|온누리","061)337-6667","121658010"
"약손안마지압원(마사지)","빛가람동","전라남도 나주시 문화로 238 4층 405호","35.019913","126.78534","naver","피부미용원","고유가 피해지원금|온누리","061)333-7588","112412803"
"통큰갈비 나주혁신점","빛가람동","전남 나주시 빛가람동","35.018109","126.78041","dong","한식","고유가 피해지원금|온누리","061)333-6636","115703624"
"대경 영농조합법인","빛가람동","전남 나주시 빛가람동","35.015253","126.797426","dong","농.수.축산물점","고유가 피해지원금","061)333-1319","117803898"
"(주)와이지","빛가람동","전라남도 나주시 남평읍 강변1길 21-34","35.043537","126.849097","naver","인쇄 및 광고","고유가 피해지원금","","116109835"
"모든 스튜디오","빛가람동","전라남도 나주시 문화로 238 304호","35.019913","126.78534","naver","사진관","고유가 피해지원금","061)366-9788","116922105"
"무브앤플레이","빛가람동","전라남도 나주시 문화로 238 3층 301호","35.019976","126.785333","naver","종합스포츠센터","고유가 피해지원금|온누리","","121255982"
"삼국시대감자탕나주혁신점","빛가람동","전라남도 나주시 문화로 238","35.019944","126.785388","naver","한식","고유가 피해지원금","061)333-7882","96246657"
"살롱 마실","빛가람동","전라남도 나주시 문화로 234 2층 201호","35.019664","126.785315","naver","화장품점","고유가 피해지원금|온누리","","110919172"
"살롱 마실","빛가람동","전라남도 나주시 문화로 234 2층 201호","35.019664","126.785315","naver","미용원","고유가 피해지원금|온누리","","110891974"
"봉구상회","빛가람동","전라남도 나주시 문화로 234 110호","35.01967","126.785468","naver","한식","고유가 피해지원금|온누리","061)930-0972","112457340"
"바론 필라테스","빛가람동","전라남도 나주시 문화로 234 성도SKY 빌딩 3층","35.019659","126.785313","naver","요가","고유가 피해지원금|온누리","061)335-6677","88722283"
"카페염원","빛가람동","전라남도 나주시 문화로 234 108호","35.019578","126.785444","naver","커피/음료전문점","고유가 피해지원금|온누리","062)376-4040","89680500"
"어반브릭커피","빛가람동","전라남도 나주시 문화로 234 성도스카이 106호","35.019659","126.785313","naver","커피/음료전문점","고유가 피해지원금|온누리","061)334-2996","118545985"
"하솜면가육전메밀","빛가람동","전라남도 나주시 문화로 234 101호, 102호","35.019659","126.785313","naver","한식","고유가 피해지원금|온누리","","100487503"
"(E)안경","빛가람동","전라남도 나주시 문화로 234 104호","35.019628","126.785225","naver","안경점","고유가 피해지원금|온누리","061)334-2996","93747210"
"제이블랑","빛가람동","전라남도 나주시 문화로 234 성도스카이 103호","35.019669","126.785194","naver","기성복점","고유가 피해지원금|온누리","","99881784"
"더타이 아로마테라피","빛가람동","전라남도 나주시 문화로 234","35.019659","126.785313","naver","피부미용원","고유가 피해지원금","070)7614-3579","111936217"
"벨루스톤힐링카페 나주혁신점","빛가람동","전라남도 나주시 문화로 234 2층 벨루스톤힐링카페 (나주혁신점)","35.019659","126.785313","naver","건강식품점","고유가 피해지원금|온누리","070)7614-3579","120109491"
"샐샌","빛가람동","전남 나주시 빛가람동","35.021501","126.798651","dong","휴게음식점","고유가 피해지원금|온누리","","122327459"
"엠디씨설비진단학원","빛가람동","전라남도 나주시 문화로 230 1동 4층 406호","35.019283","126.785283","naver","기술/사무/가정계학원","고유가 피해지원금","","119176460"
"플라워산들","빛가람동","전라남도 나주시 문화로 230 산들","35.019335","126.785141","naver","화원","고유가 피해지원금|온누리","","120740519"
"(주)아침","빛가람동","전라남도 나주시 이창동 714","34.995144","126.703343","naver","주차장","고유가 피해지원금","","97731831"
"서해수산활어직판장","빛가람동","전라남도 나주시 문화로 230 106호, 107호","35.019283","126.785283","naver","일반음식점 기타","고유가 피해지원금","","107210626"
"서해수산","빛가람동","전라남도 나주시 문화로 230 106~107호","35.019404","126.785159","naver","농.수.축산물점","고유가 피해지원금","","107219748"
"코코호도 나주혁신점","빛가람동","전라남도 나주시 문화로 226 키움해피라움2차 105호","35.018941","126.785227","naver","제과점/아이스크림점","고유가 피해지원금|온누리","061)336-1245","122264183"
"마마스파티(mamasparty)","빛가람동","전라남도 나주시 문화로 226 해피라움2차 503호","35.019042","126.785248","naver","사진관","고유가 피해지원금|온누리","","114178385"
"꼬순내","빛가람동","전라남도 나주시 문화로 226 1층 109호 110호","35.01879","126.785307","naver","한식","고유가 피해지원금|온누리","","116007605"
"유부자","빛가람동","전라남도 나주시 문화로 226 1층 101호","35.018941","126.785227","naver","일반음식점 기타","고유가 피해지원금|온누리","","101205515"
"나주오븐","빛가람동","전라남도 나주시 문화로 226 키움해피라움2차 1층 114호","35.019064","126.785368","naver","커피/음료전문점","고유가 피해지원금|온누리","","99114864"
"컴포즈커피 나주혁신문화로점","빛가람동","전라남도 나주시 문화로 226 1층 103호","35.01901","126.785114","naver","커피/음료전문점","고유가 피해지원금","","110817944"
"더(The)이레","빛가람동","전라남도 나주시 문화로 226 1층 106호","35.018858","126.785101","naver","양식","고유가 피해지원금|온누리","070)8657-3534","112651527"
"인쌩맥주 나주혁신빛가람점","빛가람동","전라남도 나주시 문화로 226","35.018937","126.785328","naver","일반음식점 기타","고유가 피해지원금|온누리","","108179376"
"우주스피닝","빛가람동","전라남도 나주시 문화로 226 4층 우주스피닝","35.018941","126.785227","naver","종합스포츠센터","고유가 피해지원금|온누리","","118752086"
"필마이 필라테스앤플라잉","빛가람동","전라남도 나주시 문화로 226 201호 ,202호(빛가람동)","35.018941","126.785227","naver","요가","고유가 피해지원금","","108978133"
"여유","빛가람동","전라남도 나주시 문화로 226 3층 303호","35.018941","126.785227","naver","찜질방/목욕탕","고유가 피해지원금","","112576656"
"왕대박 복권방","빛가람동","전라남도 나주시 문화로 226 1층 102호","35.019051","126.785122","naver","일반잡화판매점","고유가 피해지원금","","103215434"
"김밥정미소 나주혁신점","빛가람동","전라남도 나주시 문화로 226","35.018941","126.785227","naver","휴게음식점","고유가 피해지원금|온누리","061)336-2800","117851492"
"올담푸드 나주점","빛가람동","전남 나주시 빛가람동","35.02914","126.787527","dong","한식","고유가 피해지원금","","110608312"
"세븐일레븐 한전에너지공대점","빛가람동","전남 나주시 빛가람동","35.011925","126.784723","dong","편의점","고유가 피해지원금","02)1577-0711","121977771"
"화순야채","빛가람동","전남 나주시 빛가람동","35.022728","126.798424","dong","농.수.축산물점","고유가 피해지원금","062)375-1852","106582042"
"아름답다헤어","빛가람동","전라남도 나주시 월정3길 23 1층 101호","35.01141","126.792581","naver","미용원","고유가 피해지원금|온누리","","114181110"
"월드마트","빛가람동","전라남도 나주시 월정3길 23 103, 104호","35.01141","126.792581","naver","슈퍼마켓","고유가 피해지원금|온누리","061)333-6566","107690874"
"빛가람호떡","빛가람동","전라남도 나주시 호수로 70 105호 (금천빌딩)","35.013382","126.790317","naver","휴게음식점","고유가 피해지원금|온누리","","102421787"
"컴맹컴퓨터","빛가람동","전남 나주시 빛가람동","35.015727","126.781124","dong","컴퓨터 및 통신기기수리","고유가 피해지원금","","103451056"
"유한회사 금강에너지","빛가람동","전남 나주시 빛가람동","35.017492","126.798509","dong","주유소","고유가 피해지원금","061)333-7505","106974806"
"머시기 쪽갈비 호수점","빛가람동","전라남도 나주시 호수로 54 103, 104호","35.013313","126.78845","naver","한식","고유가 피해지원금|온누리","061)331-0000","67196218"
"부리나치킨 나주혁신점","빛가람동","전라남도 나주시 호수로 54 102호","35.013313","126.78845","naver","한식","고유가 피해지원금","061)333-6120","122376703"
"호수공원매점","빛가람동","전남 나주시 빛가람동","35.025646","126.796959","dong","한식","고유가 피해지원금","061)333-3133","122310875"
"부리나치킨 나주혁신점","빛가람동","전라남도 나주시 호수로 54 102호","35.013313","126.78845","naver","일반음식점 기타","고유가 피해지원금|온누리","061)333-6120","117952019"
"도원양꼬치","빛가람동","전남 나주시 빛가람동","35.013021","126.795766","dong","중식","고유가 피해지원금","","96192447"
"라라헬스and뷰티","빛가람동","전남 나주시 빛가람동","35.029381","126.789538","dong","화장품점","고유가 피해지원금|온누리","","119407608"
"펀비어킹  나주혁신점","빛가람동","전남 나주시 빛가람동","35.013106","126.783078","dong","일반음식점 기타","고유가 피해지원금|온누리","061)231-1234","111082815"
"짐버튼","빛가람동","전라남도 나주시 문화로 216 2층 208호","35.017788","126.78518","naver","종합스포츠센터","고유가 피해지원금|온누리","","118229095"
"베르비비(VERVIVI)","빛가람동","전라남도 나주시 문화로 216 157호","35.017788","126.78518","naver","양식","고유가 피해지원금|온누리","","120138475"
"세차의이유","빛가람동","전라남도 나주시 문화로 216 1층 132호","35.017788","126.78518","naver","세차장","고유가 피해지원금|온누리","","112089234"
"제이오토썬팅","빛가람동","전라남도 나주시 문화로 216 2층 223호","35.017788","126.78518","naver","세차장","고유가 피해지원금|온누리","","114804378"
"201개러지","빛가람동","전라남도 나주시 문화로 216 201호","35.017788","126.78518","naver","세차장","고유가 피해지원금|온누리","061)333-2015","121056001"
"설화베이커리","빛가람동","전라남도 나주시 문화로 216 도원상가빌딩 116호","35.018122","126.78485","naver","제과점/아이스크림점","고유가 피해지원금|온누리","","111740216"
"문풍천장어","빛가람동","전라남도 나주시 문화로 216 도원주차빌딩 1층 110호","35.017877","126.784756","naver","농.수.축산물점","고유가 피해지원금|온누리","061)371-3470","105319579"
"시나움","빛가람동","전라남도 나주시 문화로 216 도원주차상가빌딩 210호","35.017788","126.78518","naver","미용원","고유가 피해지원금","","122107159"
"167 초밥우동","빛가람동","전라남도 나주시 문화로 216 167 초밥 우동","35.017788","126.78518","naver","일식/생선회집","고유가 피해지원금|온누리","061)336-1677","117827171"
"(DandD VAPE)디앤디베이프","빛가람동","전라남도 나주시 문화로 216 도원주차빌딩 119호","35.018263","126.784884","naver","일반잡화판매점","고유가 피해지원금|온누리","061)333-7927","113578741"
"미소골프","빛가람동","전라남도 나주시 문화로 216 도원주차빌딩 2층 202~204호","35.017788","126.78518","naver","레저용품점","고유가 피해지원금|온누리","061)333-7790","96589260"
"CARROT BLU","빛가람동","전라남도 나주시 문화로 216 148호","35.017654","126.785551","naver","커피/음료전문점","고유가 피해지원금|온누리","","118608600"
"할멈탕수육 나주혁신점","빛가람동","전라남도 나주시 문화로 216 135호","35.017484","126.784933","naver","휴게음식점","고유가 피해지원금|온누리","061)332-2332","110644175"
"오성식당","빛가람동","전라남도 나주시 문화로 216 1층 122호","35.01824","126.785116","naver","한식","고유가 피해지원금","","118931347"
"자화자찬","빛가람동","전라남도 나주시 문화로 216 1층 103,104호","35.017788","126.78518","naver","한식","고유가 피해지원금|온누리","061)332-2244","116169380"
"호수공원식당","빛가람동","전라남도 나주시 문화로 216 140호","35.017256","126.785404","naver","한식","고유가 피해지원금|온누리","061)335-5155","120157642"
"천하수산","빛가람동","전라남도 나주시 문화로 216 도원상가빌딩 112,113호호","35.017918","126.78485","naver","한식","고유가 피해지원금|온누리","061)335-0240","116120246"
"마잘헤어(MAZALHAIR)","빛가람동","전라남도 나주시 문화로 216 도원주차빌딩 117호","35.018181","126.784851","naver","미용원","고유가 피해지원금|온누리","","88321615"
"한강문고","빛가람동","전라남도 나주시 문화로 216 1층 128호","35.017788","126.78518","naver","서점","고유가 피해지원금|온누리","062)382-3300","120271622"
"이불창고","빛가람동","전라남도 나주시 문화로 216 도원주차빌딩 105호","35.017632","126.784783","naver","침구/커튼/카펫트점","고유가 피해지원금|온누리","","97566622"
"정앤진헤어","빛가람동","전라남도 나주시 문화로 216 1층 155호","35.017788","126.78518","naver","미용원","고유가 피해지원금|온누리","061)336-6966","118687085"
"제이헤어","빛가람동","전라남도 나주시 그린로 335 102호","35.016247","126.794402","naver","미용원","고유가 피해지원금|온누리","061)336-6564","96369713"
"시나움","빛가람동","전라남도 나주시 문화로 216 도원주차상가빌딩 210호","35.017788","126.78518","naver","미용원","고유가 피해지원금|온누리","","107524029"
"한강문고","빛가람동","전라남도 나주시 문화로 216 1층 128호","35.017788","126.78518","naver","서점","고유가 피해지원금|온누리","062)382-3300","120292304"
"스페이스 제이","빛가람동","전라남도 나주시 문화로 216 도원주차빌딩 2층 222호","35.017736","126.785454","naver","시설대여업","고유가 피해지원금","061)333-0880","107129861"
"코니팡","빛가람동","전남 나주시 빛가람동","35.016395","126.780714","dong","일반음식점 기타","고유가 피해지원금|온누리","","121888860"
"와우곱창","빛가람동","전남 나주시 빛가람동","35.016722","126.79836","dong","한식","고유가 피해지원금","061)331-9290","100569441"
"앙팡프리슈 나주혁신점","빛가람동","전남 나주시 빛가람동","35.028405","126.785124","dong","기성복점","고유가 피해지원금","","113808873"
"명가","빛가람동","전라남도 나주시 배멧3길 19-13 1층 107호,108호","35.020121","126.786201","naver","한식","고유가 피해지원금|온누리","061)930-3789","104455231"
"효비초밥","빛가람동","전라남도 나주시 문화로 216 도원주차빌딩 1층 158호 효비초밥","35.01821","126.785395","naver","한식","고유가 피해지원금|온누리","061)820-7009","108948921"
"짐버튼","빛가람동","전라남도 나주시 문화로 216 2층 208호","35.017788","126.78518","naver","종합스포츠센터","고유가 피해지원금|온누리","","104683137"
"문풍천장어","빛가람동","전라남도 나주시 문화로 216 도원주차빌딩 1층 110호","35.017877","126.784756","naver","자동판매기 운영업","고유가 피해지원금|온누리","","105627849"
"브레인스토밍","빛가람동","전라남도 나주시 문화로 216 1층 118호","35.017788","126.78518","naver","완구점","고유가 피해지원금|온누리","061)332-1416","80504985"
"금돼지브라더","빛가람동","전라남도 나주시 문화로 216 141","35.017202","126.785445","naver","한식","고유가 피해지원금|온누리","","121281561"
"쥬땜므마담","빛가람동","전라남도 나주시 교육길 13 스마트파크지식산업센터 G동 301호","35.019643","126.780332","naver","커피/음료전문점","고유가 피해지원금","061)333-0339","94790777"
"개러지 프리미엄","빛가람동","전라남도 나주시 문화로 216 도원빌딩 2층 219호","35.017788","126.78518","naver","세차장","고유가 피해지원금|온누리","","114698266"
"아이사랑약국","빛가람동","전라남도 나주시 문화로 216 101호","35.017551","126.784699","naver","약국","고유가 피해지원금|온누리","061)930-6383","111651644"
"네일정원","빛가람동","전라남도 나주시 문화로 216 도원주차빌딩 137호 네일정원","35.017788","126.78518","naver","피부미용원","고유가 피해지원금|온누리","061)333-8766","80192611"
"크린토피아 코인워시 나주혁신한전KPS점","빛가람동","전라남도 나주시 빛가람동 문화로 216 (빛가람동) 도원상가빌딩 제1층 제106호","35.017788","126.78518","naver","세탁소","고유가 피해지원금|온누리","061)336-5005","110573373"
"이마트24 나주호수공원점","빛가람동","전라남도 나주시 중야2길 20","35.016487","126.785299","naver","편의점","고유가 피해지원금","","101175591"
"우디베이크하우스","빛가람동","전라남도 나주시 중야2길 20 1층 105호","35.016487","126.785298","naver","커피/음료전문점","고유가 피해지원금","061)332-8766","103767414"
"유한회사 정수","빛가람동","전남 나주시 빛가람동","35.011558","126.78507","dong","기타숙박업","고유가 피해지원금","","99715348"
"한국농수산식품유통공사신협","빛가람동","전라남도 나주시 상야1길 21 (빛가람동)","35.022435","126.787486","naver","편의점","고유가 피해지원금","061)931-0808","72283268"
"미래중기(광일지게차)","빛가람동","전라남도 나주시 호수로 46 3층 4호","35.013307","126.787543","naver","기계 및 장비임대업","고유가 피해지원금","","114078731"
"라스 (LAS)어린이치과의원","빛가람동","전라남도 나주시 중야2길 29 미래메디텍빌딩 3층","35.017124","126.784646","naver","일반.치과.한의원","고유가 피해지원금","061)331-7000","91983601"
"반달커피 나주혁신점","빛가람동","전라남도 나주시 중야2길 29 1층 106호","35.017261","126.784511","naver","커피/음료전문점","고유가 피해지원금|온누리","","120063646"
"호수한의원","빛가람동","전라남도 나주시 중야2길 29 202호","35.017133","126.784645","naver","일반.치과.한의원","고유가 피해지원금|온누리","061)930-3412","108467930"
"113클로젯(closET)","빛가람동","전라남도 나주시 중야2길 29 111호","35.017159","126.784814","naver","아동 및 유아복점","고유가 피해지원금|온누리","061)336-0113","89918864"
"더블랑뜨","빛가람동","전라남도 나주시 중야2길 29","35.017222","126.784679","naver","한식","고유가 피해지원금|온누리","","109476798"
"한결문구","빛가람동","전남 나주시 빛가람동","35.010538","126.788227","dong","문방구점","고유가 피해지원금","","113036238"
"(주)코코마트 빛가람지점","빛가람동","전남 나주시 빛가람동","35.026119","126.796777","dong","슈퍼마켓","고유가 피해지원금","061)332-0399","72889222"
"이마트24R 한국전력본사","빛가람동","전라남도 나주시 빛가람동 전력로 55","35.026369","126.784454","naver","편의점","고유가 피해지원금","","113018232"
"2046 팬스테이크 나주혁신점","빛가람동","전라남도 나주시 중야2길 14 레이크뷰빌딩 5층","35.016338","126.784859","naver","양식","고유가 피해지원금|온누리","061)332-2046","82837644"
"리게인스터디카페","빛가람동","전라남도 나주시 중야2길 14 5층","35.016338","126.784859","naver","독서실","고유가 피해지원금|온누리","","103768490"
"혁신샤이","빛가람동","전남 나주시 빛가람동","35.012672","126.78334","dong","자동판매기 운영업","고유가 피해지원금","031)221-9987","110936795"
"플러피","빛가람동","전라남도 나주시 중야2길 14 301호","35.016373","126.784897","naver","반려동물 서비스/용품점","고유가 피해지원금","070)7079-2949","90181247"
"투썸플레이스 나주호수공원점","빛가람동","전라남도 나주시 중야2길 14","35.016395","126.784872","naver","커피/음료전문점","고유가 피해지원금","061)332-1523","107412592"
"네일빈트(NAILVINT)","빛가람동","전라남도 나주시 중야2길 14 1층 107호","35.016383","126.784726","naver","피부미용원","고유가 피해지원금","","110160060"
"하인즈버킷","빛가람동","전라남도 나주시 중야2길 14 1층 101호 하인즈버킷","35.016338","126.784859","naver","한식","고유가 피해지원금","070)7614-3579","89571547"
"계림원","빛가람동","전라남도 나주시 중야2길 14 레이크뷰타워 102호","35.01635","126.784854","naver","일반음식점 기타","고유가 피해지원금","061)331-0909","76341611"
"세인트폴댄스","빛가람동","전라남도 나주시 중야2길 14 4층 401호","35.016338","126.784859","naver","기타학원","고유가 피해지원금","","116268846"
"2046팬스테이크 나주혁신점","빛가람동","전라남도 나주시 중야2길 14 레이크뷰빌딩 5층","35.016338","126.784859","naver","양식","고유가 피해지원금","061)332-2046","122359801"
"100 PRO GYM(백프로짐)","빛가람동","전남 나주시 빛가람동","35.010992","126.786214","dong","종합스포츠센터","고유가 피해지원금|온누리","061)336-9664","110736834"
"자르자르","빛가람동","전라남도 나주시 중야2길 8 빛가람타워 1층 105호 자르자르","35.015679","126.784447","naver","미용원","고유가 피해지원금","061)336-6663","105417293"
"명품상무팥죽나주혁신점","빛가람동","전라남도 나주시 문화로 204","35.016727","126.784313","naver","한식","고유가 피해지원금|온누리","061)333-5711","101829032"
"메이드 바이 헤어","빛가람동","전라남도 나주시 문화로 204 하나로프라자 1층 120호","35.01692","126.784691","naver","미용원","고유가 피해지원금|온누리","061)337-1141","106277761"
"단비크레","빛가람동","전라남도 나주시 문화로 204 하나로프라자 404호","35.016735","126.784447","naver","반려동물 서비스/용품점","고유가 피해지원금|온누리","","117199621"
"유니폴댄스학원","빛가람동","전라남도 나주시 문화로 204 하나로프라자 4F","35.016735","126.784447","naver","기타학원","고유가 피해지원금","","88650533"
"도시어부","빛가람동","전라남도 나주시 문화로 204 하나로프라자빌딩 101호, 102호","35.017019","126.784421","naver","한식","고유가 피해지원금|온누리","061)333-3311","92641052"
"능이향","빛가람동","전라남도 나주시 문화로 204 하나로프라자 2층","35.016735","126.784447","naver","한식","고유가 피해지원금|온누리","061)337-7087","85870112"
"꼬마블랑 빛가람점","빛가람동","전라남도 나주시 문화로 204 1층 114호","35.016735","126.784447","naver","아동 및 유아복점","고유가 피해지원금|온누리","","115608490"
"안다미로바느질방","빛가람동","전라남도 나주시 문화로 204 하나로 프라자 115호","35.01672","126.78456","naver","문화/취미 기타","고유가 피해지원금|온누리","","85918330"
"착한언니내복","빛가람동","전라남도 나주시 문화로 204 하나로프라자 113호","35.016659","126.784517","naver","내의판매점","고유가 피해지원금|온누리","","94062281"
"예맥스튜디오","빛가람동","전라남도 나주시 문화로 204 하나로 프라자 406호","35.016735","126.784447","naver","사진관","고유가 피해지원금|온누리","061)337-2209","92603461"
"유한회사 혁신알파","빛가람동","전남 나주시 빛가람동","35.029439","126.787774","dong","문방구점","고유가 피해지원금|온누리","061)336-4407","86102440"
"공부인 스터디카페 나주빛가람센터","빛가람동","전라남도 나주시 문화로 204 하나로프라자 제1동 제3층305호","35.016735","126.784447","naver","독서실","고유가 피해지원금|온누리","","113073567"
"김은영 피부관리","빛가람동","전라남도 나주시 문화로 204 하나로프라자408호","35.016735","126.784447","naver","피부미용원","고유가 피해지원금|온누리","061)333-8184","91177885"
"유마일","빛가람동","전라남도 나주시 문화로 204 하나로프라자 107호 유마일","35.016778","126.784282","naver","악세사리점","고유가 피해지원금|온누리","","104263314"
"피어크리에이티브그룹","빛가람동","전남 나주시 빛가람동","35.010969","126.792794","dong","슈퍼마켓","고유가 피해지원금","","99554364"
"얌얌","빛가람동","전라남도 나주시 문화로 204 1동 1층 118호","35.016735","126.784447","naver","한식","고유가 피해지원금|온누리","","112498677"
"천사의 섬","빛가람동","전라남도 나주시 문화로 204 하나로 프라자 112호","35.016646","126.784265","naver","일반음식점 기타","고유가 피해지원금|온누리","061)332-1117","81191351"
"몸이야필라테스나주점 평생교육원","빛가람동","전남 나주시 빛가람동","35.017135","126.798659","dong","요가","고유가 피해지원금|온누리","","107337104"
"해피크린 세탁","빛가람동","전라남도 나주시 빛가람동 문화로 204","35.016735","126.784447","naver","세탁소","고유가 피해지원금","061)337-0011","90550871"
"낙지볶음","빛가람동","전라남도 나주시 배멧3길 5-18","35.020061","126.785781","naver","한식","고유가 피해지원금|온누리","061)333-7198","102803719"
"(주) 라파이레","빛가람동","전남 나주시 빛가람동","35.025548","126.797333","dong","세차장","고유가 피해지원금","061)333-5189","119583201"
"피트인","빛가람동","전라남도 나주시 혁신로 127","35.00864","126.801355","naver","세차장","고유가 피해지원금","061)332-2244","116752538"
"(주)에너지공대주유소","빛가람동","전라남도 나주시 혁신로 127","35.008664","126.801293","naver","주유소","고유가 피해지원금","061)333-5189","119569589"
"에너지공대주유소","빛가람동","전라남도 나주시 혁신로 127","35.008664","126.801293","naver","주유소","고유가 피해지원금","061)331-1737","106566386"
"지에스25 에너지공대점","빛가람동","전라남도 나주시 빛가람동 혁신로 127","35.008573","126.801422","naver","편의점","고유가 피해지원금","","106535731"
"바르니교육","빛가람동","전남 나주시 빛가람동","35.020461","126.799102","dong","교육기자재","고유가 피해지원금","","100447350"
"엠스타코인노래연습장","빛가람동","전라남도 나주시 월정3길 40 마류빌딩 3층","35.009709","126.792012","naver","노래방","고유가 피해지원금","","119152104"
"2%당구장","빛가람동","전남 나주시 빛가람동","35.010431","126.790785","dong","당구장","고유가 피해지원금","","119683287"
"우둥한우 정육","빛가람동","전라남도 나주시 중야2길 10 107, 108호","35.016036","126.784507","naver","정육점","고유가 피해지원금|온누리","061)333-6000","118166728"
"가내수공업 나주혁신점","빛가람동","전라남도 나주시 중야2길 10 201호","35.01589","126.78459","naver","양식","고유가 피해지원금|온누리","061)332-9777","85710113"
"우둥한우","빛가람동","전라남도 나주시 중야2길 10 5층 우둥한우식당","35.015885","126.784585","naver","정육점","고유가 피해지원금","061)336-4129","108501934"
"하루","빛가람동","전라남도 나주시 황동1길 4-49","35.012893","126.774147","naver","일식/생선회집","고유가 피해지원금","061)337-9884","122084734"
"우둥한우식당","빛가람동","전라남도 나주시 중야2길 10 5층 우둥한우식당","35.015885","126.784585","naver","한식","고유가 피해지원금|온누리","062)371-0000","118111597"
"월드킹","빛가람동","전라남도 나주시 중야2길 6 3층 월드킹","35.015559","126.784709","naver","유아전문 교육기관/놀이시설","고유가 피해지원금","061)337-7002","80209901"
"스테이 퐁당","빛가람동","전라남도 나주시 중야2길 6 5층 (레이크휴빌딩)","35.015633","126.784704","naver","기타숙박업","고유가 피해지원금|온누리","0507)1420-9968","120625190"
"친츠 나주혁신점","빛가람동","전라남도 나주시 중야2길 6 101, 102호","35.015633","126.784704","naver","일반음식점 기타","고유가 피해지원금|온누리","","117071297"
"네일하는날","빛가람동","전라남도 나주시 그린로 229 1층 103호","35.009736","126.791534","naver","피부미용원","고유가 피해지원금|온누리","061)333-5452","113911177"
"한식세끼 나주혁신점","빛가람동","전라남도 나주시 그린로 229 1층 104호","35.009675","126.791598","naver","한식","고유가 피해지원금","061)333-3383","108295073"
"즐겨찾기","빛가람동","전라남도 나주시 그린로 229 그린타워 1층","35.009663","126.79145","naver","농.수.축산물점","고유가 피해지원금|온누리","","97677262"
"한국 클린잡 인재개발원","빛가람동","전라남도 나주시 그린로 229 2층","35.009736","126.791534","naver","문화센터","고유가 피해지원금","061)820-8203","119737353"
"카페콩당콩당","빛가람동","전남 나주시 빛가람동","35.010338","126.788699","dong","커피/음료전문점","고유가 피해지원금","","105948971"
"워너휘트니스","빛가람동","전라남도 나주시 중야2길 8 3층 302호, 303호, 304호","35.015786","126.784457","naver","종합스포츠센터","고유가 피해지원금|온누리","","109933613"
"수리수리집수리","빛가람동","전남 나주시 빛가람동","35.019915","126.779785","dong","기계류 건축설비","고유가 피해지원금","","121583671"
"워너휘트니스","빛가람동","전라남도 나주시 중야2길 8 3층 302호, 303호, 304호","35.015786","126.784457","naver","종합스포츠센터","고유가 피해지원금|온누리","","118920224"
"위너골프아카데미","빛가람동","전남 나주시 빛가람동","35.029638","126.788551","dong","골프연습장","고유가 피해지원금","061)331-0314","114163425"
"훌러덩","빛가람동","전라남도 나주시 중야2길 8 105호","35.015679","126.784447","naver","기성복점","고유가 피해지원금","","119665252"
"마음약국","빛가람동","전라남도 나주시 문화로 194 102호, 103호","35.015996","126.783993","naver","약국","고유가 피해지원금|온누리","061)332-9990","73398054"
"심할머니 안흥찐빵만두 나주혁신점","빛가람동","전라남도 나주시 문화로 194 1층 104호","35.01606","126.783936","naver","휴게음식점","고유가 피해지원금|온누리","061)335-1866","99623449"
"(BHC)치킨나주혁신2호점","빛가람동","전라남도 나주시 문화로 194 105호","35.015984","126.783867","naver","일반음식점 기타","고유가 피해지원금","061)332-9272","120240799"
"조아사","빛가람동","전남 나주시 빛가람동","35.028637","126.79388","dong","미용재료","고유가 피해지원금","","89409305"
"빛다르다","빛가람동","전라남도 나주시 그린로 223 104, 105호","35.009744","126.790841","naver","커피/음료전문점","고유가 피해지원금|온누리","","112913016"
"언약공방","빛가람동","전라남도 나주시 월정5길 81 1층 105호 언약공방","35.009228","126.792023","naver","휴게음식점","고유가 피해지원금","","94226592"
"헬로밀가루 나주점","빛가람동","전라남도 나주시 월정5길 81 5층","35.009228","126.792023","naver","유아전문 교육기관/놀이시설","고유가 피해지원금|온누리","061)332-0711","93894512"
"금영광고","빛가람동","전남 나주시 빛가람동","35.010695","126.786634","dong","인쇄 및 광고","고유가 피해지원금","","113662038"
"데이네일(DAYNAIL)","빛가람동","전라남도 나주시 월정5길 81 1동 107호","35.009228","126.792023","naver","피부미용원","고유가 피해지원금|온누리","","110711169"
"(주)디에치케이","빛가람동","전남 나주시 빛가람동","35.022004","126.77996","dong","문리계학원","고유가 피해지원금","061)335-0542","59977338"
"빛나크리닝#빛가람점","빛가람동","전라남도 나주시 그린로 232 화창빌딩 101호 빛나크리닝","35.009292","126.791696","naver","세탁소","고유가 피해지원금","061)335-3365","105331744"
"하츠커피 한전KPS점","빛가람동","전남 나주시 빛가람동","35.029646","126.790649","dong","커피/음료전문점","고유가 피해지원금","","111906722"
"유한회사쿡마켓","빛가람동","전남 나주시 빛가람동","35.013662","126.782079","dong","주방 및 가정용품점","고유가 피해지원금","","102461475"
"(주)부지런한물류","빛가람동","전남 나주시 빛가람동","35.019661","126.7992","dong","슈퍼마켓","고유가 피해지원금","061)333-7222","102110962"
"송원SG스크린골프","빛가람동","전라남도 나주시 그린로 215 1동 2층 202호","35.009755","126.789947","naver","휴게음식점","고유가 피해지원금|온누리","061)333-2150","115236956"
"(주)송원","빛가람동","전라남도 나주시 그린로 355","35.018227","126.793771","naver","골프연습장","고유가 피해지원금","061)333-2150","108046882"
"스위밍차일드빛가람점","빛가람동","전라남도 나주시 그린로 224 1층","35.00921","126.790847","naver","수영장","고유가 피해지원금|온누리","061)333-3348","122068306"
"(주)파인스탭","빛가람동","전남 나주시 빛가람동","35.018616","126.779825","dong","이벤트업","고유가 피해지원금","","97516281"
"스카이센트럴 관리단","빛가람동","전남 나주시 빛가람동","35.014483","126.797515","dong","주차장","고유가 피해지원금","","120636761"
"네일오","빛가람동","전라남도 나주시 문화로 184 103호","35.015123","126.783672","naver","피부미용원","고유가 피해지원금","","83424426"
"다가와스시","빛가람동","전라남도 나주시 문화로 184 107호(스카이센트럴오피스텔 1층)","35.015101","126.783692","naver","일식/생선회집","고유가 피해지원금","","121636667"
"더벤티 나주스카이센트럴점","빛가람동","전라남도 나주시 문화로 184","35.015101","126.783692","naver","커피/음료전문점","고유가 피해지원금","061)333-0718","120734394"
"이마트24 나주스카이점","빛가람동","전라남도 나주시 빛가람동 문화로 184","35.015295","126.78349","naver","편의점","고유가 피해지원금","","115080241"
"미유헤어","빛가람동","전라남도 나주시 문화로 184 106-2호","35.015101","126.783692","naver","미용원","고유가 피해지원금","061)336-5145","122091266"
"비비큐(BBQ)나주빛가람점","빛가람동","전라남도 나주시 그린로 209 상산빌딩 105호","35.009665","126.789438","naver","일반음식점 기타","고유가 피해지원금|온누리","061)336-9991","105881754"
"고기상점","빛가람동","전라남도 나주시 그린로 209 101호","35.009699","126.789242","naver","정육점","고유가 피해지원금|온누리","061)337-8866","90796757"
"한국콘텐츠진흥원사우회","빛가람동","전남 나주시 빛가람동","35.017571","126.798936","dong","일반음식점 기타","고유가 피해지원금","061)900-6070","61105504"
"코카 KOCCA","빛가람동","전라남도 나주시 교육길 35 1층","35.019694","126.78183","naver","커피/음료전문점","고유가 피해지원금","","117733221"
"올데이그루밍(all day grooming)","빛가람동","전라남도 나주시 그린로 218 1층 103호","35.009228","126.790231","naver","반려동물 서비스/용품점","고유가 피해지원금","","114055058"
"굳럭복권","빛가람동","전라남도 나주시 그린로 218 . 1동 102-2호","35.009228","126.790231","naver","일반잡화판매점","고유가 피해지원금","","115797831"
"야옹아 멍멍해봐 나주점","빛가람동","전라남도 나주시 그린로 218","35.009286","126.790187","naver","반려동물 서비스/용품점","고유가 피해지원금","061)337-8600","111399811"
"영무어린이집","빛가람동","전라남도 나주시 월정1길 20 영무예다음","35.013286","126.78525","naver","아이행복 어린이집","고유가 피해지원금","061)332-2917","95239303"
"비케이 남성커트","빛가람동","전남 나주시 빛가람동","35.029772","126.78935","dong","미용원","고유가 피해지원금|온누리","061)332-2244","118585402"
"케이크좋아해","빛가람동","전라남도 나주시 월정1길 10 106호","35.012457","126.786909","naver","제과점/아이스크림점","고유가 피해지원금|온누리","","113955709"
"영무세탁","빛가람동","전라남도 나주시 월정1길 20 영무예담 상가104호","35.012504","126.786876","naver","세탁소","고유가 피해지원금","070)7614-3579","94846060"
"제이오헤어","빛가람동","전라남도 나주시 월정1길 10 영무예다음아파트 상가동 112호","35.012789","126.786873","naver","미용원","고유가 피해지원금|온누리","","106761355"
"노바영어교습소","빛가람동","전남 나주시 빛가람동","35.010366","126.791298","dong","외국어학원","고유가 피해지원금","","112180049"
"지에스25 나주혁신영무점","빛가람동","전라남도 나주시 빛가람동 월정1길 20","35.012127","126.786867","naver","편의점","고유가 피해지원금|온누리","","114531311"
"인어아가씨나주","빛가람동","전라남도 나주시 월정1길 10 영무예다음아파트 상가 108호","35.012624","126.786896","naver","일반잡화판매점","고유가 피해지원금|온누리","070)7614-3579","92406091"
"밀스네일","빛가람동","전남 나주시 빛가람동","35.01558","126.798227","dong","피부미용원","고유가 피해지원금","061)335-9979","80852655"
"다움헤어","빛가람동","전라남도 나주시 월정1길 10 영무예다움상가 115호","35.012737","126.786862","naver","미용원","고유가 피해지원금|온누리","061)337-7005","116126646"
"쎄리스킨케어","빛가람동","전라남도 나주시 월정1길 10 영무예다음아파트상가116호","35.012943","126.786909","naver","피부미용원","고유가 피해지원금|온누리","061)337-5758","90611744"
"수유리 우동집","빛가람동","전라남도 나주시 월정1길 10 영무예다음 아파트 상가1층 110호","35.012691","126.786873","naver","한식","고유가 피해지원금|온누리","061)335-1118","87240491"
"채움동물병원","빛가람동","전라남도 나주시 그린로 207 채움동물병원","35.009647","126.789079","naver","동물병원","고유가 피해지원금","061)335-7975","98343161"
"김경뷰티","빛가람동","전라남도 나주시 그린로 207 101호","35.009729","126.789053","naver","미용원","고유가 피해지원금|온누리","070)8881-1686","70182951"
"파란수학교습소","빛가람동","전라남도 나주시 그린로 207 202호","35.009729","126.789053","naver","문리계학원","고유가 피해지원금","","117440551"
"세탁느낌","빛가람동","전라남도 나주시 그린로 207 1층","35.009651","126.788984","naver","세탁소","고유가 피해지원금","061)337-0011","97245057"
"나주시로컬푸드통합지원센터","빛가람동","전라남도 나주시 문화로 153 나주로컬푸드직매장 빛가람점","35.013568","126.780396","naver","슈퍼마켓","고유가 피해지원금","061)333-9081","80338932"
"버블스토리","빛가람동","전라남도 나주시 그린로 208 . 105호","35.009228","126.789054","naver","미용원","고유가 피해지원금|온누리","061)332-1788","84453335"
"키즈캐슬","빛가람동","전라남도 나주시 그린로 208 3층 301호","35.009228","126.789054","naver","일반잡화판매점","고유가 피해지원금","061)332-3662","83659473"
"파인아트미술학원","빛가람동","전라남도 나주시 그린로 208 402호","35.009228","126.789054","naver","예체능계학원","고유가 피해지원금","061)335-2535","117658091"
"피자스쿨 빛가람점","빛가람동","전라남도 나주시 그린로 197 104호","35.009649","126.787994","naver","패스트푸드점","고유가 피해지원금|온누리","061)332-1003","111253930"
"지도리치킨 호프","빛가람동","전라남도 나주시 그린로 197 범진빌딩 103호 지도리치킨","35.00965","126.787967","naver","일반주점","고유가 피해지원금|온누리","061)331-8295","82707889"
"팔천순대 빛가람점","빛가람동","전라남도 나주시 그린로 197 106호","35.009654","126.788129","naver","일반음식점 기타","고유가 피해지원금","061)333-5577","106035791"
"바르다 헤어","빛가람동","전라남도 나주시 그린로 197 1층 108호 바르다헤어","35.009818","126.788154","naver","미용원","고유가 피해지원금|온누리","","116446781"
"팔천순대빛가람점","빛가람동","전라남도 나주시 그린로 197 106호","35.009654","126.788129","naver","한식","고유가 피해지원금","","116100264"
"탕화쿵푸 나주혁신점","빛가람동","전라남도 나주시 그린로 197 탕화쿵푸마라탕 나주혁신점","35.009645","126.788046","naver","중식","고유가 피해지원금","061)331-5355","109362342"
"루아헤어앤스토어","빛가람동","전라남도 나주시 그린로 193","35.009674","126.787594","naver","미용원","고유가 피해지원금","061)333-6009","65644264"
"바르다 네일","빛가람동","전라남도 나주시 그린로 197 1층 108호","35.009811","126.78818","naver","피부미용원","고유가 피해지원금|온누리","","116713153"
"미래엔수학 나주혁신 빛가람 수학교습소","빛가람동","전라남도 나주시 그린로 197 1층 102호","35.009738","126.788048","naver","문리계학원","고유가 피해지원금","","116223723"
"메이크 유(Make U)","빛가람동","전라남도 나주시 그린로 197 109호","35.009738","126.788048","naver","화장품점","고유가 피해지원금","","102055537"
"알천 백암순대 빛가람점","빛가람동","전남 나주시 빛가람동","35.02866","126.784776","dong","한식","고유가 피해지원금","061)333-5577","111368850"
"바비스킨","빛가람동","전남 나주시 빛가람동","35.01042","126.787077","dong","피부미용원","고유가 피해지원금","061)332-2244","110725135"
"송촌꼬마김밥 빛가람점","빛가람동","전라남도 나주시 그린로 197 1층 송촌꼬마김밥","35.009644","126.78813","naver","한식","고유가 피해지원금|온누리","","116100271"
"현빈이네청과","빛가람동","전라남도 나주시 그린로 204 103호","35.009219","126.78876","naver","농.수.축산물점","고유가 피해지원금|온누리","","110857691"
"넘버원 태권도장","빛가람동","전라남도 나주시 그린로 204 3층 (301호, 302호,303호)","35.009219","126.78876","naver","예체능계학원","고유가 피해지원금|온누리","061)333-0185","115163268"
"헤어스토리(Hair stroy) 가혜","빛가람동","전라남도 나주시 그린로 204 골드프라자 106호","35.009301","126.788877","naver","미용원","고유가 피해지원금","061)339-4322","105900164"
"BYC빛가람점","빛가람동","전라남도 나주시 그린로 204","35.009303","126.788843","naver","내의판매점","고유가 피해지원금|온누리","061)334-7720","82797227"
"케빈영상컴퓨터학원","빛가람동","전라남도 나주시 교육길 13 E1동 201호","35.020372","126.780012","naver","기술/사무/가정계학원","고유가 피해지원금","","102274021"
"이룸수학전문학원","빛가람동","전라남도 나주시 그린로 204 4층 403호","35.009219","126.78876","naver","문리계학원","고유가 피해지원금","061)333-3013","103393901"
"태강수학영어 학원","빛가람동","전라남도 나주시 그린로 204 502호","35.009219","126.78876","naver","문리계학원","고유가 피해지원금","","108695001"
"큐버스","빛가람동","전남 나주시 빛가람동","35.027939","126.795351","dong","문방구점","고유가 피해지원금","","115527782"
"파워점핑줄넘기클럽앤태권도","빛가람동","전남 나주시 빛가람동","35.018098","126.779764","dong","예체능계학원","고유가 피해지원금|온누리","061)336-2368","90407069"
"청춘꼬마김밥 빛가람점","빛가람동","전라남도 나주시 그린로 204 102호","35.009308","126.78869","naver","일반음식점 기타","고유가 피해지원금|온누리","061)820-7777","112646263"
"엄마반찬가게","빛가람동","전라남도 나주시 그린로 204 101호","35.009219","126.78876","naver","기타 식품","고유가 피해지원금|온누리","061)331-1015","115582201"
"케이엠김현옥피아노음악학원","빛가람동","전남 나주시 빛가람동","35.011127","126.785063","dong","예체능계학원","고유가 피해지원금","061)337-8539","81851010"
"김현욱실용음악학원","빛가람동","전남 나주시 빛가람동","35.023546","126.798712","dong","예체능계학원","고유가 피해지원금","061)337-8539","108189252"
"(주)네오드림스","빛가람동","전남 나주시 빛가람동","35.023608","126.780254","dong","소프트웨어업","고유가 피해지원금","061)817-0500","103503971"
"일대 풍호 태권도장","빛가람동","전라남도 나주시 그린로 195","35.009704","126.787715","naver","예체능계학원","고유가 피해지원금|온누리","","121586259"
"탄탄도배","빛가람동","전라남도 나주시 우정로 10 마동 403호","35.024714","126.781881","naver","실내장식","고유가 피해지원금","062)454-1914","112193943"
"진심왕돈까스 나주혁신점","빛가람동","전라남도 나주시 우정로 10 바동 101호","35.024714","126.781881","naver","일반음식점 기타","고유가 피해지원금","","120182497"
"반올림피자샵 나주혁신점","빛가람동","전라남도 나주시 우정로 10 사동 1층 106호","35.024802","126.78128","naver","패스트푸드점","고유가 피해지원금","061)334-5977","116331612"
"헤븐리 나주","빛가람동","전남 나주시 빛가람동","35.028001","126.783629","dong","민예.공예.토산품","고유가 피해지원금","","98794361"
"(주)인생숯불구이","빛가람동","전라남도 나주시 우정로 10 마동 101 호,102호 (인생숯불구이)","35.024639","126.780373","naver","한식","고유가 피해지원금","061)331-2728","116459412"
"(주)디디오넷코리아","빛가람동","전남 나주시 빛가람동","35.026514","126.796947","dong","화장품점","고유가 피해지원금","070-0000","24863051"
"백은영작업실","빛가람동","전남 나주시 빛가람동","35.020227","126.779551","dong","문화/취미 기타","고유가 피해지원금","","111200042"
"모든철거","빛가람동","전남 나주시 빛가람동","35.01311","126.796629","dong","주택/건설","고유가 피해지원금","061)630-5514","112045941"
"(주)만주","빛가람동","전라남도 나주시 남평읍 지석로 374-6","35.021029","126.852018","naver","일반음식점 기타","고유가 피해지원금","061)930-9304","107476127"
"큰집나주곰탕.","빛가람동","전라남도 나주시 우정로 10 이노파크식스틴 사동 1층 큰집나주곰탕","35.024864","126.781424","naver","한식","고유가 피해지원금","061)333-8892","58980330"
"반하다공방","빛가람동","전라남도 나주시 우정로 10 나B동 203호 (빛가람동 게토333 지식산업센터)","35.024714","126.781881","naver","문화/취미 기타","고유가 피해지원금","070)7614-3579","112197866"
"팅커벨","빛가람동","전라남도 나주시 우정로 10 이노파크 식스틴 지식사업센터 가동 103호","35.024714","126.781881","naver","문방구점","고유가 피해지원금","","117960115"
"켈리 나주혁신도시점","빛가람동","전라남도 나주시 우정로 10 나동 D-103호","35.024397","126.781667","naver","일반음식점 기타","고유가 피해지원금","","109184351"
"현아트갤러리","빛가람동","전남 나주시 빛가람동","35.0287","126.794265","dong","기타 레저업소","고유가 피해지원금","","107505231"
"손뜨랑 레시피","빛가람동","전라남도 나주시 우정로 10 게토333 예술인마을 B동 218호(손뜨랑레시피)","35.024328","126.781083","naver","문화/취미 기타","고유가 피해지원금","061)332-2244","108547636"
"디자인톡","빛가람동","전남 나주시 빛가람동","35.015974","126.798574","dong","인쇄 및 광고","고유가 피해지원금","","120720360"
"퀸댄스정","빛가람동","전남 나주시 빛가람동","35.0291","126.785472","dong","레포츠클럽","고유가 피해지원금","","114219261"
"케이더블유씨( KWC)","빛가람동","전남 나주시 빛가람동","35.010566","126.786266","dong","주방 및 가정용품점","고유가 피해지원금","","94354031"
"나주혁신위즈학원","빛가람동","전라남도 나주시 우정로 72 A동 403호","35.023469","126.78726","naver","외국어학원","고유가 피해지원금","061)332-8828","122240371"
"비세시모","빛가람동","전라남도 나주시 우정로 10 사동 1층 115호","35.024771","126.781216","naver","커피/음료전문점","고유가 피해지원금","","112175332"
"봉덕카츠","빛가람동","전라남도 나주시 그린로 195 봉덕카츠 103호","35.009652","126.787793","naver","양식","고유가 피해지원금|온누리","061)336-2700","108498321"
"예가람한의원","빛가람동","전라남도 나주시 그린로 195 진흥빌딩 2층","35.009726","126.787768","naver","일반.치과.한의원","고유가 피해지원금|온누리","061)337-7571","83774464"
"왕새우가룡수산 나주","빛가람동","전라남도 나주시 우정로 10 다동 101, 104~112호","35.023936","126.780209","naver","일반음식점 기타","고유가 피해지원금","061)332-4570","105610614"
"디와이 알앤디","빛가람동","전남 나주시 빛가람동","35.019338","126.79942","dong","실내장식","고유가 피해지원금","","115185134"
"한우리독서토론논술교습소","빛가람동","전라남도 나주시 그린로 330 202호","35.016149","126.795382","naver","문리계학원","고유가 피해지원금","","113504597"
"메가엠지씨커피 나주혁신한전점","빛가람동","전남 나주시 빛가람동","35.010017","126.789694","dong","커피/음료전문점","고유가 피해지원금","061)930-9907","120210837"
"티타지 금속공예","빛가람동","전라남도 나주시 우정로 10 나동 B-209호(빛가람동)","35.023953","126.781075","naver","문화/취미 기타","고유가 피해지원금","061)336-7214","118205777"
"청원모밀 나주혁신점","빛가람동","전라남도 나주시 우정로 10","35.024757","126.782045","naver","한식","고유가 피해지원금","070)7614-3579","84411160"
"감동프룻 카페","빛가람동","전라남도 나주시 우정로 10 나동 게토333, D101호","35.024714","126.781881","naver","양식","고유가 피해지원금","","116726344"
"국제 철물 전기","빛가람동","전라남도 나주시 우정로 10 마동 1층 107호(빛가람동)","35.02428","126.780189","naver","철물점","고유가 피해지원금","","115300901"
"이음커뮤니케이션","빛가람동","전남 나주시 빛가람동","35.011445","126.7843","dong","인쇄 및 광고","고유가 피해지원금","","111459571"
"공차 나주혁신점","빛가람동","전라남도 나주시 그린로 195 101호, 105호","35.00966","126.787681","naver","커피/음료전문점","고유가 피해지원금|온누리","061)335-1009","112039280"
"람바다하우스 3호점 한전점","빛가람동","전라남도 나주시 우정로 10","35.0248","126.781826","naver","한식","고유가 피해지원금","061)332-1876","104994620"
"농업회사법인 주식회사 프로젝트그린","빛가람동","전남 나주시 빛가람동","35.010679","126.793108","dong","농.수.축산물점","고유가 피해지원금","061)930-5511","121762948"
"(주)지인","빛가람동","전라남도 나주시 우정로 10 나동 게토333 예술인마을 C동 3층 317호","35.024714","126.781881","naver","농어업용품","고유가 피해지원금","061)454-3470","92951655"
"우아한헤어","빛가람동","전라남도 나주시 그린로 195 102호","35.009655","126.787713","naver","미용원","고유가 피해지원금|온누리","","104090766"
"플랜잇","빛가람동","전남 나주시 빛가람동","35.017208","126.79908","dong","이벤트업","고유가 피해지원금","","120292051"
"달빛에구운고등어 나주혁신점","빛가람동","전라남도 나주시 우정로 10 바동 104호, 105호, 106호","35.025046","126.7805","naver","한식","고유가 피해지원금","","118996412"
"음악놀이터","빛가람동","전라남도 나주시 대호길 25 201호","35.03803","126.717796","naver","예체능계학원","고유가 피해지원금","","114604741"
"컴포즈커피 나주빛가람그린로점","빛가람동","전남 나주시 빛가람동","35.025927","126.797531","dong","커피/음료전문점","고유가 피해지원금|온누리","","100523381"
"청원모밀 나주혁신점","빛가람동","전라남도 나주시 우정로 10","35.024757","126.782045","naver","한식","고유가 피해지원금","061)336-1001","115776740"
"하린 (Harin)","빛가람동","전라남도 나주시 상야4길 22 1층 노브랜드 나주 빛가람점","35.022609","126.792113","naver","아동 및 유아복점","고유가 피해지원금","","109142318"
"스타일 앤 리치","빛가람동","전남 나주시 빛가람동","35.030005","126.789663","dong","일반신발점","고유가 피해지원금","","119534872"
"미강","빛가람동","전라남도 나주시 우정로 10","35.024774","126.781982","naver","한식","고유가 피해지원금","062)652-7753","55226991"
"울아비 소머리국밥","빛가람동","전라남도 나주시 우정로 10 사동 110호 118호","35.024966","126.781084","naver","한식","고유가 피해지원금","","100406742"
"본본","빛가람동","전라남도 나주시 우정로 10 나동 C-101,102호","35.024591","126.781173","naver","한식","고유가 피해지원금","061)332-2244","120562056"
"휴대폰성지 다온모바일 나주혁신점","빛가람동","전라남도 나주시 그린로 193 1층 101호","35.009675","126.78746","naver","정보통신기기","고유가 피해지원금","","116847355"
"꽃담길","빛가람동","전남 나주시 빛가람동","35.028348","126.795017","dong","화원","고유가 피해지원금","070)7614-3579","90742701"
"스카이(SKY)영어 태권도","빛가람동","전남 나주시 빛가람동","35.01757","126.779734","dong","예체능계학원","고유가 피해지원금","070)7614-3576","121517921"
"써밋(SUMMIT)학원","빛가람동","전라남도 나주시 그린로 193 2층","35.009662","126.787529","naver","문리계학원","고유가 피해지원금","061)331-0979","121375423"
"파스쿠찌 빛가람점","빛가람동","전라남도 나주시 그린로 193 (빛가람동)","35.009733","126.787536","naver","커피/음료전문점","고유가 피해지원금|온누리","061)332-4230","75629857"
"빛가람에어컨","빛가람동","전라남도 나주시 월정1길 41","35.00976","126.787294","naver","가전제품점","고유가 피해지원금","061)332-8587","98167186"
"즐거운치과","빛가람동","전라남도 나주시 월정1길 41 201호","35.009794","126.787285","naver","일반.치과.한의원","고유가 피해지원금|온누리","061)336-2879","82476814"
"한결살롱","빛가람동","전라남도 나주시 월정1길 41 1층 101호 뒥쪽 코너","35.009738","126.787296","naver","미용원","고유가 피해지원금","061)333-0254","86773490"
"강의하는아이들빛가람캠퍼스학원","빛가람동","전라남도 나주시 월정1길 41 402호","35.009738","126.787296","naver","문리계학원","고유가 피해지원금","061)335-6636","77526884"
"뮤엠영어빛가람학원","빛가람동","전라남도 나주시 월정1길 41 3층","35.009738","126.787296","naver","외국어학원","고유가 피해지원금","061)333-0522","78201227"
"리딩스타영어학원","빛가람동","전라남도 나주시 월정1길 41 4층","35.009799","126.787238","naver","외국어학원","고유가 피해지원금|온누리","061)930-3511","100407541"
"샛별약국","빛가람동","전라남도 나주시 월정1길 41","35.009798","126.787239","naver","약국","고유가 피해지원금|온누리","061)331-7582","98409925"
"북꼬리 독서학원","빛가람동","전라남도 나주시 월정1길 41 자연빌딩202호","35.009738","126.787296","naver","문리계학원","고유가 피해지원금","061)337-3933","97216158"
"파란소아청소년과의원","빛가람동","전라남도 나주시 월정1길 41","35.009756","126.787262","naver","일반.치과.한의원","고유가 피해지원금","061)331-8158","35323073"
"빛가람목동영어학원","빛가람동","전라남도 나주시 월정1길 41 5층","35.009738","126.787296","naver","외국어학원","고유가 피해지원금","","120047529"
"baskin BR robbins","빛가람동","전남 나주시 빛가람동","35.019716","126.779408","dong","제과점/아이스크림점","고유가 피해지원금|온누리","061)331-1000","101777034"
"연세음악교습소","빛가람동","전라남도 나주시 그린로 198 1층 104호","35.009202","126.788056","naver","예체능계학원","고유가 피해지원금","061)332-2244","115313665"
"에이치(H)스킨케어","빛가람동","전라남도 나주시 그린로 198 108호","35.009202","126.788056","naver","피부미용원","고유가 피해지원금","","107605992"
"파리바게뜨나주빛가람점","빛가람동","전라남도 나주시 그린로 198 1층 105호 파리바게뜨 나주빛가람점","35.009202","126.788056","naver","제과점/아이스크림점","고유가 피해지원금|온누리","061)331-8288","74213206"
"한빛태권도장","빛가람동","전라남도 나주시 한빛로 127 201호","35.031101","126.784653","naver","예체능계학원","고유가 피해지원금","061)337-5123","76649891"
"빛누리음악학원","빛가람동","전라남도 나주시 한빛로 125","35.030904","126.784165","naver","예체능계학원","고유가 피해지원금","061)332-9527","84165773"
"중흥3차 영어공부방","빛가람동","전남 나주시 빛가람동","35.010326","126.792352","dong","외국어학원","고유가 피해지원금","061)332-2244","117020837"
"빛누리 공부방","빛가람동","전라남도 나주시 한빛로 125 303동 301호","35.031952","126.784901","naver","문리계학원","고유가 피해지원금","061)332-2244","106377485"
"씨유(CU) 나주빛가람점","빛가람동","전라남도 나주시 한빛로 125 빛가람중흥S-CLASS리버티","35.030977","126.784714","naver","편의점","고유가 피해지원금","02)1577-8007","103228049"
"마메드로(mamedro)","빛가람동","전남 나주시 빛가람동","35.016393","126.7989","dong","기성복점","고유가 피해지원금","061)514-0580","105115701"
"한우리독서토론논술빛누리점교습소","빛가람동","전남 나주시 빛가람동","35.029012","126.784948","dong","문리계학원","고유가 피해지원금","061)332-1022","102337567"
"무인이네24 리버티점","빛가람동","전남 나주시 빛가람동","35.010278","126.786713","dong","일반잡화판매점","고유가 피해지원금","","111521280"
"클로이 잉글리쉬 어학원","빛가람동","전라남도 나주시 그린로 196 휴타워 3층 301호","35.009207","126.78774","naver","외국어학원","고유가 피해지원금","061)334-0579","96246093"
"메가MGC커피 나주빛가람그린로점","빛가람동","전라남도 나주시 그린로 196 휴타워 1층 101호","35.009258","126.787721","naver","커피/음료전문점","고유가 피해지원금|온누리","","112648423"
"HB킹덤영어학원","빛가람동","전남 나주시 빛가람동","35.011884","126.795505","dong","외국어학원","고유가 피해지원금","061)336-0880","87916298"
"나루 스터디카페","빛가람동","전라남도 나주시 그린로 196 202호","35.009197","126.787767","naver","독서실","고유가 피해지원금","","113471743"
"앨런영어학원","빛가람동","전라남도 나주시 그린로 196 201호 (메가커피 2층, 나루독서실 옆)","35.009132","126.787739","naver","외국어학원","고유가 피해지원금","061)334-0512","82782810"
"김쌤수학학원","빛가람동","전라남도 나주시 그린로 196","35.009197","126.787767","naver","문리계학원","고유가 피해지원금","061)334-1317","87764750"
"유한회사 면에담","빛가람동","전남 나주시 빛가람동","35.026926","126.782112","dong","한식","고유가 피해지원금|온누리","","121910338"
"마스터수학과학학원","빛가람동","전라남도 나주시 그린로 196 302호","35.009197","126.787767","naver","문리계학원","고유가 피해지원금","061)337-3335","120164601"
"유클리드학원","빛가람동","전라남도 나주시 그린로 196 휴타워 4층 402호 유클리드학원","35.009241","126.787799","naver","문리계학원","고유가 피해지원금","061)333-1202","96036982"
"씨엠에스(CMS)영재수학학원","빛가람동","전라남도 나주시 그린로 194 3층","35.009211","126.787531","naver","문리계학원","고유가 피해지원금","061)336-1099","83138834"
"예술의전당 음악학원&아소비학원","빛가람동","전라남도 나주시 그린로 194 이노빌딩 2층","35.009264","126.787487","naver","예체능계학원","고유가 피해지원금|온누리","061)332-6644","82259553"
"순수덮밥 나주혁신점","빛가람동","전라남도 나주시 그린로 194 101호","35.009297","126.787467","naver","일반음식점 기타","고유가 피해지원금","070)8187-3544","114321123"
"진음악학원","빛가람동","전라남도 나주시 그린로 194 5층 501호","35.009211","126.787532","naver","예체능계학원","고유가 피해지원금|온누리","061)930-1025","94037691"
"연세수학영어학원","빛가람동","전라남도 나주시 그린로 194","35.00922","126.787528","naver","문리계학원","고유가 피해지원금","","120098323"
"슈퍼크리스피 나주혁신도시점","빛가람동","전라남도 나주시 그린로 194 104호","35.009215","126.787495","naver","한식","고유가 피해지원금","061)336-9998","121967463"
"2피자1치킨상회 나주빛가람점","빛가람동","전라남도 나주시 상야4길 10 1층 133호","35.022709","126.793232","naver","패스트푸드점","고유가 피해지원금","","112109791"
"이화김밥","빛가람동","전라남도 나주시 그린로 194 102호","35.009211","126.787532","naver","휴게음식점","고유가 피해지원금|온누리","061)331-8218","114247902"
"석영호수학전문학원","빛가람동","전라남도 나주시 월정5길 1","35.009264","126.787267","naver","문리계학원","고유가 피해지원금","","113746089"
"원음악미술학원","빛가람동","전라남도 나주시 월정5길 1 유엔빌리지201호","35.009221","126.787299","naver","예체능계학원","고유가 피해지원금","061)333-9997","114201660"
"이아이이(EIE)고려대학교국제어학원영어교육프로그램","빛가람동","전남 나주시 빛가람동","35.028372","126.783755","dong","외국어학원","고유가 피해지원금","061)337-0579","108906520"
"빵꾸똥꾸문구야 나주빛가람점","빛가람동","전라남도 나주시 월정5길 1 101호","35.009296","126.787375","naver","문방구점","고유가 피해지원금|온누리","","110944270"
"아르떼 홍익 미술학원","빛가람동","전라남도 나주시 월정5길 1","35.009256","126.787279","naver","예체능계학원","고유가 피해지원금","061)337-4866","103953109"
"더 강한영어","빛가람동","전라남도 나주시 월정5길 1 UN빌리지 2층 203호","35.009221","126.787299","naver","외국어학원","고유가 피해지원금","","119076216"
"알콩달콩","빛가람동","전라남도 나주시 월정5길 1 106호","35.009221","126.787299","naver","휴게음식점","고유가 피해지원금","","109301966"
"빛나래태권도장","빛가람동","전라남도 나주시 월정5길 1 1동 5층 501호","35.009221","126.787299","naver","예체능계학원","고유가 피해지원금|온누리","061)335-6373","100478805"
"빛가람수학전문학원","빛가람동","전라남도 나주시 우정로 56 중흥1차 맞은편 토담리치타워 B동 3층 305호","35.023658","126.786301","naver","문리계학원","고유가 피해지원금","061)333-0988","75375060"
"씨유(CU) 나주그린로점","빛가람동","전라남도 나주시 월정5길 1","35.009221","126.787299","naver","편의점","고유가 피해지원금|온누리","02)1577-8007","108974240"
"인애드","빛가람동","전남 나주시 빛가람동","35.025914","126.781209","dong","인쇄 및 광고","고유가 피해지원금","061)332-2244","118338847"
"(주)올굳","빛가람동","전남 나주시 빛가람동","35.010036","126.791563","dong","농.수.축산물점","고유가 피해지원금","062)226-8276","96355436"
"빛가람디자인센터","빛가람동","전라남도 나주시 교육길 13","35.020271","126.779925","naver","인쇄 및 광고","고유가 피해지원금","061)335-4444","107925280"
"픽미미","빛가람동","전남 나주시 빛가람동","35.017035","126.779735","dong","문화/취미 기타","고유가 피해지원금","","114136047"
"(주)바른정보기술","빛가람동","전라남도 나주시 교육길 13 D-5동 406호","35.020032","126.779478","naver","정보통신기기","고유가 피해지원금","","116326019"
"뭉클굿즈","빛가람동","전남 나주시 빛가람동","35.029435","126.785676","dong","기타 신변잡화","고유가 피해지원금","","116256741"
"커피앤베이글","빛가람동","전라남도 나주시 교육길 13 G동 103호","35.019815","126.780134","naver","커피/음료전문점","고유가 피해지원금","","112432699"
"브라더 한정식 도시락 나주빛가람점","빛가람동","전라남도 나주시 교육길 13 D4동 108호","35.020728","126.781051","naver","한식","고유가 피해지원금","061)930-3490","115383729"
"이마트24 R나주스마트파크점","빛가람동","전라남도 나주시 교육길 13","35.019758","126.779923","naver","편의점","고유가 피해지원금","","104205771"
"아이예쁜브로우","빛가람동","전라남도 나주시 교육길 13 D5동 104호","35.020067","126.779324","naver","화장품점","고유가 피해지원금","","115418409"
"아가페","빛가람동","전라남도 나주시 교육길 13 (빛가람동) 02동 5 05호","35.020728","126.781052","naver","레포츠클럽","고유가 피해지원금","061)333-7895","104623732"
"데일리케어","빛가람동","전라남도 나주시 교육길 13 d-5동 105호","35.020065","126.779407","naver","의료기기 및 용품","고유가 피해지원금","","110012310"
"라비뷰티","빛가람동","전라남도 나주시 교육길 13 D동 4-111호","35.020379","126.779759","naver","화장품점","고유가 피해지원금","","118517580"
"(주)담장","빛가람동","전라남도 나주시 삼영동","35.0067","126.7036","naver","컴퓨터기기","고유가 피해지원금","061)331-0887","105273344"
"바늘꽃","빛가람동","전라남도 나주시 교육길 13 D4동 202호","35.020379","126.779759","naver","침구/커튼/카펫트점","고유가 피해지원금","","118338939"
"아이오티플러스 주식회사","빛가람동","전남 나주시 빛가람동","35.02745","126.796436","dong","기타 차량서비스","고유가 피해지원금","061)337-9080","107786356"
"라비뷰티","빛가람동","전라남도 나주시 교육길 13 D동 4-111호","35.020379","126.779759","naver","피부미용원","고유가 피해지원금","062)955-6543","96969958"
"투게더 테이블(Together Table)","빛가람동","전라남도 나주시 교육길 13 G동 104호","35.019775","126.780167","naver","양식","고유가 피해지원금","","116096890"
"견공수라상","빛가람동","전남 나주시 빛가람동","35.030063","126.787787","dong","반려동물 서비스/용품점","고유가 피해지원금","","108043169"
"넥스젠","빛가람동","전남 나주시 빛가람동","35.011421","126.783908","dong","의료기기 및 용품","고유가 피해지원금","","66562118"
"(주)세상메딕스","빛가람동","전남 나주시 빛가람동","35.022549","126.799365","dong","의료기기 및 용품","고유가 피해지원금","062)511-1667","113730717"
"헤일로로스터스(HALO ROASTERS) 스마트파크점","빛가람동","전라남도 나주시 교육길 13 G동 106호","35.019754","126.780357","naver","커피/음료전문점","고유가 피해지원금","","109820531"
"시도시도","빛가람동","전라남도 나주시 교육길 13 G동 1층 112호","35.019542","126.780282","naver","제과점/아이스크림점","고유가 피해지원금","","112007698"
"스마트파크한식뷔페","빛가람동","전라남도 나주시 교육길 13 D7동 110호","35.019822","126.779026","naver","한식","고유가 피해지원금","061)333-3205","106827273"
"폭스미디어앤 디자인","빛가람동","전라남도 나주시 교육길 13 311호","35.020728","126.781052","naver","기타 전자제품","고유가 피해지원금","","120300144"
"(주)위드비어","빛가람동","전라남도 나주시 교육길 13 F동 2층 209호","35.019892","126.779517","naver","소프트웨어업","고유가 피해지원금","","113345751"
"교반 나주혁신도시점","빛가람동","전남 나주시 빛가람동","35.028891","126.784424","dong","한식","고유가 피해지원금","","117172654"
"위민박스","빛가람동","전남 나주시 빛가람동","35.010012","126.78718","dong","과학기자재점","고유가 피해지원금","","115418663"
"그래","빛가람동","전남 나주시 빛가람동","35.025799","126.797903","dong","커피/음료전문점","고유가 피해지원금","061)336-1082","94668868"
"(주)엠에스알랩","빛가람동","전남 나주시 빛가람동","35.0214","126.779328","dong","인쇄 및 광고","고유가 피해지원금","","107602757"
"에듀아트에이전시","빛가람동","전남 나주시 빛가람동","35.012094","126.796","dong","문화/취미 기타","고유가 피해지원금","","118663842"
"(주)아이이야기","빛가람동","전라남도 나주시 교육길 13 B동 202호","35.020728","126.781052","naver","안경점","고유가 피해지원금","061)332-3020","108610340"
"에이스커뮤니케이션 주식회사","빛가람동","전남 나주시 빛가람동","35.012792","126.782175","dong","이벤트업","고유가 피해지원금","070)4145-5960","120016650"
"아비오 디자인 스튜디오","빛가람동","전남 나주시 빛가람동","35.020367","126.799717","dong","주택/건설","고유가 피해지원금","","109176975"
"그림하나 나주점","빛가람동","전라남도 나주시 교육길 13 D-1동 106호","35.020728","126.781052","naver","화랑","고유가 피해지원금","","109774491"
"소잉해잉","빛가람동","전라남도 나주시 교육길 13 스마트파크지식산업센터 D3동104호","35.020547","126.778909","naver","문화/취미 기타","고유가 피해지원금","","110745031"
"청춘왕뼈해장국","빛가람동","전라남도 나주시 교육길 13 F동 1층 108호","35.019678","126.779409","naver","한식","고유가 피해지원금","","114404877"
"딜리코지","빛가람동","전라남도 나주시 교육길 13 D-6동 106호","35.020296","126.779117","naver","문화/취미 기타","고유가 피해지원금","","108959254"
"(주)미길","빛가람동","전남 나주시 빛가람동","35.014803","126.79833","dong","일반가구점","고유가 피해지원금","","116188011"
"메가MGC커피 나주스마트파크점","빛가람동","전라남도 나주시 교육길 13 D동 5-106호","35.020062","126.77968","naver","커피/음료전문점","고유가 피해지원금","061)337-2346","109876351"
"이미지 크래프트(IMAGE CRAFT)","빛가람동","전남 나주시 빛가람동","35.010707","126.785078","dong","인쇄 및 광고","고유가 피해지원금","","108292869"
"본도시락나주혁신도시점","빛가람동","전라남도 나주시 빛가람동 교육길 13 (빛가람동, 스마트파크지식산업센터) E동 127호","35.01991","126.780596","naver","일반음식점 기타","고유가 피해지원금","061)337-4282","78705752"
"(주)해든기술","빛가람동","전남 나주시 빛가람동","35.023557","126.779837","dong","소프트웨어업","고유가 피해지원금","","47450335"
"(주)한국에너지데이터","빛가람동","전라남도 나주시 교육길 13 스마트파크 D-7동 404호","35.020728","126.781052","naver","소프트웨어업","고유가 피해지원금","","120599705"
"한국화창작실","빛가람동","전남 나주시 빛가람동","35.029904","126.792185","dong","문화/취미 기타","고유가 피해지원금","","111226840"
"제주밥상","빛가람동","전라남도 나주시 교육길 13 G동 102호","35.019813","126.780035","naver","한식","고유가 피해지원금","","108249491"
"그리너리","빛가람동","전라남도 나주시 교육길 13 B동 204호","35.020856","126.780665","naver","화원","고유가 피해지원금","","102714341"
"해든세라믹","빛가람동","전라남도 나주시 교육길 13 D-6동 108호","35.020228","126.779196","naver","문화/취미 기타","고유가 피해지원금","","110152815"
"삐삐네","빛가람동","전남 나주시 빛가람동","35.009743","126.788526","dong","휴게음식점","고유가 피해지원금","","116808380"
"(주)어스어스(USUS Co..Ltd)","빛가람동","전라남도 나주시 교육길 13 디3동 109호","35.020465","126.779148","naver","컴퓨터기기","고유가 피해지원금","","114013452"
"한천냉면. 돼지갈비","빛가람동","전라남도 나주시 교육길 13 D7동 108호,109호","35.019789","126.77885","naver","한식","고유가 피해지원금","061)336-8907","117941363"
"담청랩","빛가람동","전남 나주시 빛가람동","35.012999","126.797033","dong","기타 식품","고유가 피해지원금","","102422717"
"현 도예","빛가람동","전남 나주시 빛가람동","35.030253","126.788618","dong","문화/취미 기타","고유가 피해지원금","","121974480"
"이플공예협동조합","빛가람동","전남 나주시 빛가람동","35.011841","126.783167","dong","민예.공예.토산품","고유가 피해지원금","","121142181"
"세모디자인","빛가람동","전라남도 나주시 교육길 13 D3동 201호","35.020444","126.779496","naver","인쇄 및 광고","고유가 피해지원금","061)337-8494","107639957"
"새싹존크린센터","빛가람동","전라남도 나주시 교육길 13 나주스마트파크 E동 1층","35.020728","126.781052","naver","용역서비스업","고유가 피해지원금","","112470146"
"미래환경","빛가람동","전라남도 나주시 봉황면 금봉로 394","34.979825","126.784957","naver","용역서비스업","고유가 피해지원금","061)332-2244","114618055"
"베러먼데이 나주혁신도시점","빛가람동","전라남도 나주시 교육길 13 G동 107호","35.019644","126.779878","naver","커피/음료전문점","고유가 피해지원금","","115441225"
"르네보리(RENEBORIE)헤어살롱","빛가람동","전라남도 나주시 교육길 13 G동 110호","35.019682","126.780093","naver","미용원","고유가 피해지원금","","115640371"
"바버펫","빛가람동","전라남도 나주시 교육길 13 E1동 110호","35.02027","126.780125","naver","반려동물 서비스/용품점","고유가 피해지원금","","114044154"
"엠제이테크","빛가람동","전남 나주시 빛가람동","35.029356","126.78514","dong","소프트웨어업","고유가 피해지원금","","106552817"
"사진공방291","빛가람동","전남 나주시 빛가람동","35.010154","126.786338","dong","기술/사무/가정계학원","고유가 피해지원금","","114226195"
"(주)라온아이티","빛가람동","전남 나주시 빛가람동","35.025126","126.798428","dong","소프트웨어업","고유가 피해지원금","070)8894-6000","107047094"
"나엘","빛가람동","전라남도 나주시 교육길 13 E-1동 114호","35.020307","126.78026","naver","주방 및 가정용품점","고유가 피해지원금","","115704762"
"(주)주진기술","빛가람동","전남 나주시 빛가람동","35.011512","126.795375","dong","차량 정비/부품/인테리어","고유가 피해지원금","","111542295"
"브레드 플러스(Bread+)","빛가람동","전라남도 나주시 우정로 56 B동 107호","35.023658","126.786301","naver","제과점/아이스크림점","고유가 피해지원금|온누리","","114981758"
"햇살머믄꼬마김밥(나주빛가람점)","빛가람동","전라남도 나주시 교육길 13 F동 109호","35.019641","126.779522","naver","휴게음식점","고유가 피해지원금","061)820-8002","116661817"
"비제이플래닛 주식회사","빛가람동","전남 나주시 빛가람동","35.019515","126.799799","dong","주택/건설","고유가 피해지원금","061)1551-1103","116887826"
"빙크(vink)","빛가람동","전라남도 나주시 교육길 13 D5동 504호","35.020728","126.781052","naver","커피/음료전문점","고유가 피해지원금","","110628058"
"쥬뗌므","빛가람동","전라남도 나주시 교육길 13 스마트파크지식산업센터 G동 301호","35.019643","126.780332","naver","실내장식","고유가 피해지원금","070)7614-3579","116313082"
"건양전력 주식회사","빛가람동","전남 나주시 빛가람동","35.027902","126.796136","dong","기계류 건축설비","고유가 피해지원금","070)8840-0578","112725754"
"살롱드현비","빛가람동","전남 나주시 빛가람동","35.018655","126.779211","dong","미용원","고유가 피해지원금","","96620916"
"황후쟁반짜장","빛가람동","전라남도 나주시 교육길 13 G동 108,109호","35.019569","126.779969","naver","중식","고유가 피해지원금","061)333-7725","95898893"
"하음공방","빛가람동","전라남도 나주시 봉황면 한들길 46-11","34.952303","126.760401","naver","문화/취미 기타","고유가 피해지원금","","98873004"
"125솝(SOAP)","빛가람동","전라남도 나주시 교육길 13 D동 6-206호","35.020214","126.779008","naver","문화/취미 기타","고유가 피해지원금","","119467591"
"보자기 블리스","빛가람동","전남 나주시 빛가람동","35.023093","126.799354","dong","문화/취미 기타","고유가 피해지원금","","114063281"
"해남식당","빛가람동","전라남도 나주시 배멧1길 18 101호","35.018597","126.792591","naver","한식","고유가 피해지원금|온누리","","116194913"
"주식회사 상상플러스강산","빛가람동","전남 나주시 빛가람동","35.010412","126.793429","dong","인쇄 및 광고","고유가 피해지원금","","92196837"
"아이오티플러스 주식회사","빛가람동","전남 나주시 빛가람동","35.029726","126.793024","dong","컴퓨터기기","고유가 피해지원금","062)384-9080","104341604"
"에이치앤엠","빛가람동","전라남도 나주시 교육길 13 E1-438","35.020728","126.781052","naver","인쇄 및 광고","고유가 피해지원금","","121292091"
"아트리에","빛가람동","전라남도 나주시 교육길 13 D-6동 1층 103호","35.020522","126.778909","naver","예체능계학원","고유가 피해지원금","","106439353"
"글라믹(Glamic)","빛가람동","전남 나주시 빛가람동","35.028739","126.783902","dong","골동품점","고유가 피해지원금","","112853343"
"체인지웹 주식회사","빛가람동","전남 나주시 빛가람동","35.009772","126.787669","dong","인쇄 및 광고","고유가 피해지원금","","120065766"
"엄니도시락 한식뷔페 나주혁신점","빛가람동","전라남도 나주시 교육길 13 H동 1층 103호","35.019544","126.780739","naver","한식","고유가 피해지원금","061)333-1116","115305258"
"수경유리창호","빛가람동","전라남도 나주시 대호길 49","35.040336","126.717868","naver","주택/건설","고유가 피해지원금","","108211457"
"두찜 나주빛가람점","빛가람동","전라남도 나주시 월정1길 30 상가2동 1층 120호","35.011079","126.786873","naver","한식","고유가 피해지원금|온누리","061)335-2227","93336851"
"성심 국어독해력 센터 교습소","빛가람동","전남 나주시 빛가람동","35.030374","126.789468","dong","문리계학원","고유가 피해지원금","","98619969"
"모모헤어","빛가람동","전라남도 나주시 그린로 153","35.01098","126.786859","naver","미용원","고유가 피해지원금","061)333-0502","81393494"
"네일트리","빛가람동","전라남도 나주시 월정1길 30 대광로제비앙 상가2동 114호 네일트리","35.010763","126.786892","naver","피부미용원","고유가 피해지원금|온누리","","93834561"
"프릿치 (preetchee)","빛가람동","전남 나주시 빛가람동","35.026309","126.781222","dong","기타 신변잡화","고유가 피해지원금","","118243967"
"와이마트대광점","빛가람동","전라남도 나주시 그린로 155 대광로제비앙 상가동","35.010453","126.783725","naver","슈퍼마켓","고유가 피해지원금|온누리","061)332-3669","82258323"
"휴헤어코모","빛가람동","전라남도 나주시 월정1길 30 대광로제비앙 2동 상가 123","35.01091","126.786816","naver","미용원","고유가 피해지원금","","92575817"
"우리미래아카데미","빛가람동","전남 나주시 빛가람동","35.017285","126.77943","dong","기타 레저업소","고유가 피해지원금","","117908815"
"리드영어교습소","빛가람동","전라남도 나주시 월정1길 30","35.010701","126.786876","naver","외국어학원","고유가 피해지원금","","101216870"
"대광세탁소","빛가람동","전남 나주시 빛가람동","35.029761","126.785899","dong","세탁소","고유가 피해지원금","","113231904"
"빛그룹과외","빛가람동","전라남도 나주시 그린로 153 대광 111동 104호","35.010839","126.78632","naver","문리계학원","고유가 피해지원금","","75739117"
"꽃보다고기","빛가람동","전남 나주시 빛가람동","35.024405","126.798899","dong","정육점","고유가 피해지원금","061)337-1253","81759610"
"참족발","빛가람동","전라남도 나주시 문화로 216 109호 참족발","35.017846","126.784751","naver","한식","고유가 피해지원금|온누리","061)333-6268","83161081"
"해밀어린이집","빛가람동","전라남도 나주시 그린로 153 108동 1층","35.010714","126.78472","naver","아이행복 어린이집","고유가 피해지원금","061)331-2700","98532011"
"마나영어(Mana English)교습소","빛가람동","전라남도 나주시 그린로 155 108호","35.010294","126.784033","naver","외국어학원","고유가 피해지원금","","100259833"
"메이듀","빛가람동","전라남도 나주시 그린로 155 110호","35.010226","126.784196","naver","미용원","고유가 피해지원금","061)820-8335","101809856"
"리아르떼 미술교습소","빛가람동","전라남도 나주시 월정1길 30 대광로제비앙 상가2동 122호","35.01115","126.786887","naver","예체능계학원","고유가 피해지원금|온누리","","105234978"
"소소카롱","빛가람동","전라남도 나주시 월정1길 30 대광로제비앙상가 2동 119호","35.011049","126.786865","naver","제과점/아이스크림점","고유가 피해지원금|온누리","","91573676"
"피어기프트","빛가람동","전라남도 나주시 그린로 153 114동 1101호","35.011285","126.784931","naver","인쇄 및 광고","고유가 피해지원금","","116445401"
"(주)유원","빛가람동","전라남도 나주시 한빛로 41","35.025263","126.77977","naver","독서실","고유가 피해지원금","","103584110"
"자주온마켓 주식회사","빛가람동","전남 나주시 빛가람동","35.019503","126.779051","dong","슈퍼마켓","고유가 피해지원금","061)335-8400","117566710"
"마블링","빛가람동","전라남도 나주시 한빛로 41 104호 마블링","35.025305","126.779822","naver","정육점","고유가 피해지원금","","106518281"
"컴포즈커피 나주혁신한빛로점","빛가람동","전라남도 나주시 한빛로 41 1층","35.025236","126.779806","naver","커피/음료전문점","고유가 피해지원금","","109812182"
"시골밥상","빛가람동","전라남도 나주시 황동3길 68-4","35.012569","126.775633","naver","한식","고유가 피해지원금","031)332-2221","110479261"
"라온스터디카페 나주빛가람점","빛가람동","전라남도 나주시 한빛로 41 4층 401호","35.025251","126.77973","naver","독서실","고유가 피해지원금","","119606005"
"톡투톡어학원","빛가람동","전라남도 나주시 한빛로 41 3층 302호 톡투톡어학원","35.025251","126.77973","naver","외국어학원","고유가 피해지원금","061)333-7735","104269484"
"스톤복싱짐","빛가람동","전라남도 나주시 한빛로 37 장생타운 2F","35.024804","126.779576","naver","레포츠클럽","고유가 피해지원금","","109529415"
"의약의 길을 열다 학원","빛가람동","전라남도 나주시 한빛로 37 4층","35.024853","126.779605","naver","문리계학원","고유가 피해지원금","061)331-3331","113824765"
"명륜진사갈비(나주점)","빛가람동","전라남도 나주시 한빛로 37 1층","35.024836","126.779678","naver","한식","고유가 피해지원금","","105345128"
"라라라 밀로","빛가람동","전라남도 나주시 한빛로 27 1층 102호","35.024008","126.779397","naver","커피/음료전문점","고유가 피해지원금","","113466594"
"또봉이통닭 나주혁신점","빛가람동","전라남도 나주시 한빛로 27 106,107호 (빛가람동)","35.024079","126.77932","naver","일반음식점 기타","고유가 피해지원금","061)337-9292","109198386"
"뚱이네","빛가람동","전남 나주시 빛가람동","35.009874","126.78681","dong","일반음식점 기타","고유가 피해지원금","","104233329"
"스마트메타교육","빛가람동","전남 나주시 빛가람동","35.025651","126.79827","dong","학습지","고유가 피해지원금","061)333-6128","91979031"
"이앤제이(E&J)","빛가람동","전라남도 나주시 중야1길 42 LH2단지 207동 105호","35.015392","126.781092","naver","외국어학원","고유가 피해지원금","","91327372"
"무인이네24 LH2단지점","빛가람동","전남 나주시 빛가람동","35.011716","126.795884","dong","일반잡화판매점","고유가 피해지원금","","111519001"
"만취크레","빛가람동","전남 나주시 빛가람동","35.030423","126.790333","dong","반려동물 서비스/용품점","고유가 피해지원금","062)720-6733","115985370"
"동네부엌","빛가람동","전남 나주시 빛가람동","35.012875","126.781787","dong","기타 식품","고유가 피해지원금","061)337-1033","104382764"
"센트럴레이크입주자대표회의","빛가람동","전라남도 나주시 중야1길 42","35.015225","126.780745","naver","중고물품 판매점","고유가 피해지원금","061)332-7757","114499260"
"푸른중고","빛가람동","전라남도 나주시 한빛로 23 1층","35.023689","126.77919","naver","중고물품 판매점","고유가 피해지원금","","106127315"
"드림항공아카데미","빛가람동","전라남도 나주시 빛가람로 739 트윈스빌딩2 301 드림항공아카데미","35.02147","126.792769","naver","기타학원","고유가 피해지원금","061)332-1214","88681713"
"(주)현대특판","빛가람동","전남 나주시 빛가람동","35.028341","126.795806","dong","기성복점","고유가 피해지원금","","105002211"
"사천성","빛가람동","전라남도 나주시 한빛로 21 1층","35.023471","126.779196","naver","중식","고유가 피해지원금","061)336-8283","114699225"
"베스트셀러","빛가람동","전라남도 나주시 문화로 216 1층 128호","35.017788","126.78518","naver","커피/음료전문점","고유가 피해지원금","061)333-8557","100593134"
"밥풀릭스빛가람점","빛가람동","전라남도 나주시 한빛로 19 1층 106호","35.023298","126.779118","naver","한식","고유가 피해지원금","061)930-4427","116553928"
"빛가람 하누랑 황태","빛가람동","전라남도 나주시 정보화길 38 104호","35.023408","126.798269","naver","한식","고유가 피해지원금","070)4233-3237","77258019"
"광주푸드","빛가람동","전라남도 나주시 금천면 오강길 55 1층","35.032873","126.759711","naver","한식","고유가 피해지원금","","120617520"
"라라헤어","빛가람동","전라남도 나주시 한빛로 19 101호","35.023298","126.779118","naver","미용원","고유가 피해지원금","061)820-7741","121564400"
"두레박","빛가람동","전라남도 나주시 동신대길 85","35.048039","126.718173","naver","한식","고유가 피해지원금","061)333-1818","72620361"
"고기퍼주는김치찌개and찜","빛가람동","전남 나주시 빛가람동","35.030026","126.792562","dong","한식","고유가 피해지원금","","110724821"
"씨유 나주혁신부영점","빛가람동","전라남도 나주시 그린로 127 1층 상가1동 101호","35.011755","126.781459","naver","편의점","고유가 피해지원금","080)080-3663","89090176"
"별하나","빛가람동","전남 나주시 빛가람동","35.017787","126.799745","dong","인쇄 및 광고","고유가 피해지원금","","120631308"
"빨간드레스","빛가람동","전남 나주시 빛가람동","35.028554","126.783383","dong","기성복점","고유가 피해지원금","061)332-2244","92296953"
"솔페즈음악학원","빛가람동","전라남도 나주시 그린로 125","35.011728","126.781495","naver","예체능계학원","고유가 피해지원금","061)333-5429","82313045"
"바른몸 교정원","빛가람동","전라남도 나주시 그린로 127 상가동 104호","35.011755","126.781459","naver","피부미용원","고유가 피해지원금","","111308349"
"씨유 나주한전점","빛가람동","전라남도 나주시 한빛로 17 (빛가람동) 1동 1호","35.023139","126.779074","naver","편의점","고유가 피해지원금","061)333-5688","89716144"
"이가네","빛가람동","전라남도 나주시 정보화길 34","35.023242","126.797753","naver","한식","고유가 피해지원금","061)337-7798","74328443"
"쉴가헤어 헤드스파(headspa)","빛가람동","전라남도 나주시 한빛로 17 102호","35.023209","126.77906","naver","피부미용원","고유가 피해지원금","061)336-7791","104857007"
"헤이키커피나주점","빛가람동","전남 나주시 빛가람동","35.011874","126.782772","dong","커피/음료전문점","고유가 피해지원금","","113386316"
"나주 레스토랑  테네오","빛가람동","전라남도 나주시 석전2길 6 1층","35.024948","126.779261","naver","양식","고유가 피해지원금","","106263887"
"나줏간","빛가람동","전라남도 나주시 석전2길 4-1 101호 나줏간","35.025145","126.779328","naver","한식","고유가 피해지원금|온누리","061)332-8400","109524867"
"올프리츠","빛가람동","전라남도 나주시 석전2길 12","35.024427","126.779145","naver","일반주점","고유가 피해지원금","061)336-2332","90491107"
"찌개학개론","빛가람동","전라남도 나주시 석전2길 12-4 104호","35.024764","126.779124","naver","한식","고유가 피해지원금","","122372861"
"청동태탕","빛가람동","전라남도 나주시 교육길 13 전남 나주시 교육길 13 F동 106호","35.019694","126.779298","naver","한식","고유가 피해지원금","061)333-9515","78127626"
"현대옥나주혁신도시점","빛가람동","전남 나주시 빛가람동","35.015619","126.799062","dong","한식","고유가 피해지원금","061)333-9885","72555671"
"모퉁이","빛가람동","전라남도 나주시 빛가람동 141 1층 모퉁이","35.024674","126.779182","naver","한식","고유가 피해지원금","061)331-7890","115276287"
"루멘닭주식회사","빛가람동","전남 나주시 빛가람동","35.010049","126.785955","dong","일반음식점 기타","고유가 피해지원금","061)959-3363","121682164"
"로띠번","빛가람동","전라남도 나주시 빛가람동 141","35.025414","126.77925","naver","휴게음식점","고유가 피해지원금|온누리","061)333-1253","81413060"
"여우헤어갤러리","빛가람동","전라남도 나주시 석전1길 7","35.025416","126.779229","naver","미용원","고유가 피해지원금|온누리","061)332-5877","122312183"
"시아헤어","빛가람동","전라남도 나주시 석전2길 4-3 1층","35.025172","126.779168","naver","미용원","고유가 피해지원금|온누리","062)333-9755","83458864"
"해미연","빛가람동","전라남도 나주시 석전2길 20","35.024005","126.778932","naver","한식","고유가 피해지원금","061)333-9009","75763901"
"카페눈치 나주직영점","빛가람동","전라남도 나주시 석전2길 12-3 1층","35.024492","126.778929","naver","커피/음료전문점","고유가 피해지원금","","118732305"
"스테이케이션","빛가람동","전라남도 나주시 석전2길 18 1층","35.024256","126.779032","naver","커피/음료전문점","고유가 피해지원금","","97085131"
"뮤엠영어라온교습소","빛가람동","전남 나주시 빛가람동","35.027704","126.78226","dong","외국어학원","고유가 피해지원금","","90934818"
"코디룩","빛가람동","전라남도 나주시 나주로 159 1층","35.03245","126.718432","naver","기성복점","고유가 피해지원금","","118403877"
"로지잉글리쉬 영어교습소","빛가람동","전남 나주시 빛가람동","35.027852","126.79653","dong","외국어학원","고유가 피해지원금|온누리","","118546368"
"혜진수학교습소","빛가람동","전라남도 나주시 중야1길 15 상가 201호 혜진수학","35.017151","126.7793","naver","문리계학원","고유가 피해지원금","","89585818"
"채움수학학원","빛가람동","전라남도 나주시 중야1길 15 상가동 3층 301호","35.017158","126.77909","naver","문리계학원","고유가 피해지원금","","111511967"
"수학나무학원","빛가람동","전라남도 나주시 중야1길 15 상가동 406호","35.017169","126.779227","naver","문리계학원","고유가 피해지원금","061)930-5332","109539395"
"상경축산","빛가람동","전라남도 나주시 중야1길 15 대방로얄카운티 109호","35.017051","126.779083","naver","정육점","고유가 피해지원금|온누리","061)930-1755","98908427"
"아이디솝","빛가람동","전라남도 나주시 중야1길 15 상가동 205호","35.01751","126.778994","naver","기타 신변잡화","고유가 피해지원금","","118455002"
"메이드수학교습소","빛가람동","전남 나주시 빛가람동","35.02477","126.780034","dong","문리계학원","고유가 피해지원금","","97090976"
"오늘의분식","빛가람동","전라남도 나주시 중야1길 15 상가동 102호","35.01702","126.779337","naver","휴게음식점","고유가 피해지원금","061)820-7999","109054401"
"대방멀티크리닝","빛가람동","전라남도 나주시 빛가람동 중야1길 15","35.017041","126.779129","naver","세탁소","고유가 피해지원금","061)337-5018","121285311"
"예성수학교습소","빛가람동","전남 나주시 빛가람동","35.015405","126.779928","dong","기타학원","고유가 피해지원금","070)7614-3579","111547351"
"엘리움피아노학원","빛가람동","전라남도 나주시 중야1길 15 상가 305호","35.017118","126.779182","naver","예체능계학원","고유가 피해지원금|온누리","061)930-4688","89888507"
"빛아트미술학원","빛가람동","전라남도 나주시 중야1길 15 상가 4층 405호","35.017185","126.779155","naver","예체능계학원","고유가 피해지원금|온누리","061)333-0328","92300553"
"아이사랑태권도장","빛가람동","전라남도 나주시 중야1길 15 대방엘리움 2차 아파트","35.017026","126.779379","naver","예체능계학원","고유가 피해지원금|온누리","061)332-7677","117866090"
"코치클래스영어전문학원","빛가람동","전남 나주시 빛가람동","35.026171","126.798079","dong","외국어학원","고유가 피해지원금","061)332-2244","107619791"
"한우리독서토론논술교습소","빛가람동","전라남도 나주시 그린로 330 202호","35.016149","126.795382","naver","문리계학원","고유가 피해지원금","061)336-1909","98024856"
"헤어108","빛가람동","전라남도 나주시 중야1길 15 대방엘리움2차 상가동 108호","35.017064","126.77903","naver","미용원","고유가 피해지원금|온누리","061)930-7988","94398143"
"빛가람클랑음악학원","빛가람동","전라남도 나주시 중야1길 15 대방엘리움2차 상가동 210호","35.01751","126.778994","naver","예체능계학원","고유가 피해지원금|온누리","070)4223-1918","117617143"
"네일희희점","빛가람동","전라남도 나주시 중야1길 15 상가동 204호","35.017061","126.779283","naver","피부미용원","고유가 피해지원금|온누리","","120136447"
"보스턴(BOSTON)어학원","빛가람동","전라남도 나주시 중야1길 15 대방 엘리움 2차 아파트 상가 211호","35.017016","126.779244","naver","외국어학원","고유가 피해지원금|온누리","061)331-5919","91293196"
"최강수학학원","빛가람동","전라남도 나주시 중야1길 15 상가동 304호","35.017061","126.779081","naver","문리계학원","고유가 피해지원금|온누리","061)331-4066","91147589"
"장보고싶은마트 나주혁신점","빛가람동","전라남도 나주시 빛가람동 중야1길 15","35.016961","126.779338","naver","슈퍼마켓","고유가 피해지원금","","111752530"
"마이캔버스","빛가람동","전라남도 나주시 중야1길 15 대방2차상가 213호","35.016999","126.779295","naver","문화/취미 기타","고유가 피해지원금","","94846485"
"리에스테틱 앤왁싱","빛가람동","전남 나주시 빛가람동","35.017554","126.779135","dong","피부미용원","고유가 피해지원금|온누리","","89389540"
"청담 st헤어","빛가람동","전라남도 나주시 중야1길 15 대방엘리움2차 상가 101호 청담st헤어","35.017204","126.779069","naver","미용원","고유가 피해지원금|온누리","061)930-9997","94353319"
"자담치킨","빛가람동","전라남도 나주시 중야1길 15","35.017034","126.779183","naver","일반음식점 기타","고유가 피해지원금|온누리","061)332-7999","98165861"
"하이업고등영어교습소","빛가람동","전남 나주시 빛가람동","35.010297","126.785113","dong","외국어학원","고유가 피해지원금","061)336-5438","108606490"
"다올빅스맘어린이집","빛가람동","전라남도 나주시 중야1길 15 대방엘리움 2차 관리동","35.01751","126.778994","naver","아이행복 어린이집","고유가 피해지원금","061)331-1093","104085071"
"리드인독서논술학원 라온점","빛가람동","전라남도 나주시 중야1길 15 상가동 403호","35.01751","126.778994","naver","문리계학원","고유가 피해지원금","070)7614-3579","115749804"
"메가MGC커피 나주대방엘리움점","빛가람동","전라남도 나주시 중야1길 15 상가동 111호","35.017019","126.779202","naver","커피/음료전문점","고유가 피해지원금|온누리","061)333-1511","114717223"
"더아쿠아(THE AQUA)","빛가람동","전남 나주시 빛가람동","35.030301","126.792079","dong","수족관","고유가 피해지원금","070)4848-5180","104285111"
"오릭(ORIQ) 커피스튜디오 나주혁신도시본점","빛가람동","전라남도 나주시 석전2길 12-5","35.024536","126.778722","naver","커피/음료전문점","고유가 피해지원금","070)7614-3579","112745166"
"이마트24 self나주동신대한방병원점","빛가람동","전라남도 나주시 교육길 14","35.018419","126.778478","naver","편의점","고유가 피해지원금","","102849479"
"데일리박스","빛가람동","전라남도 나주시 교육길 14 1층","35.018419","126.778478","naver","휴게음식점","고유가 피해지원금","","102367696"
"다르다김밥주먹밥 나주혁신도시점","빛가람동","전라남도 나주시 교육길 14 동신대한방병원 1층 104호","35.018467","126.778662","naver","휴게음식점","고유가 피해지원금","061)336-1005","117669057"
"바다를담다","빛가람동","전라남도 나주시 석전2길 4-5 103호 바다를담다","35.025222","126.778899","naver","농.수.축산물점","고유가 피해지원금","","105397025"
"데이 오브젝트","빛가람동","전남 나주시 빛가람동","35.019829","126.778822","dong","피부미용원","고유가 피해지원금","","104513435"
"리파인스킨케어","빛가람동","전라남도 나주시 석전2길 4-5 상가 1층 102호","35.025255","126.778929","naver","피부미용원","고유가 피해지원금|온누리","061)332-7571","104592831"
"란이헤어","빛가람동","전라남도 나주시 빛가람동 141","35.025268","126.778874","naver","미용원","고유가 피해지원금|온누리","061)332-2244","112179203"
"준에프에스","빛가람동","전남 나주시 빛가람동","35.011434","126.783114","dong","기타 식품","고유가 피해지원금","","110842816"
"사계절","빛가람동","전라남도 나주시 석전2길 12-18 1층","35.024913","126.778805","naver","한식","고유가 피해지원금","061)334-8188","94185596"
"이연규유달전통맷돌면옥빛가람점","빛가람동","전라남도 나주시 석전2길 12-20 1층","35.024761","126.778748","naver","한식","고유가 피해지원금","061)333-7852","114263028"
"유한회사 쿡마켓 우미린점","빛가람동","전남 나주시 빛가람동","35.009732","126.792395","dong","슈퍼마켓","고유가 피해지원금","","107255480"
"강산국밥","빛가람동","전남 나주시 빛가람동","35.029529","126.794247","dong","한식","고유가 피해지원금","061)333-7988","107353837"
"청원오리숯불구이","빛가람동","전라남도 나주시 석전2길 4-7 1층","35.025276","126.77874","naver","한식","고유가 피해지원금|온누리","061)332-2244","103464679"
"비비(BB)","빛가람동","전라남도 나주시 석전1길 13 1층","35.025515","126.778757","naver","화장품점","고유가 피해지원금|온누리","062)463-3090","106030874"
"씨유 나주우미점","빛가람동","전라남도 나주시 석전1길 13 (빛가람동)","35.025498","126.77871","naver","편의점","고유가 피해지원금|온누리","080)080-3663","88818018"
"탄탄푸드","빛가람동","전남 나주시 빛가람동","35.009754","126.786429","dong","일반음식점 기타","고유가 피해지원금","","97680959"
"대한국밥만세","빛가람동","전남 나주시 빛가람동","35.025482","126.798632","dong","한식","고유가 피해지원금","061)335-2532","113294665"
"열정국밥","빛가람동","전라남도 나주시 석전2길 18-8 (빛가람동)","35.024385","126.778348","naver","한식","고유가 피해지원금","","113539274"
"코코헤어","빛가람동","전라남도 나주시 석전1길 15","35.025603","126.778528","naver","미용원","고유가 피해지원금","061)332-9897","41822516"
"다도해수산직판장","빛가람동","전남 나주시 빛가람동","35.030607","126.790687","dong","농.수.축산물점","고유가 피해지원금","062)527-6979","94736811"
"수학비법","빛가람동","전남 나주시 빛가람동","35.012978","126.781402","dong","문리계학원","고유가 피해지원금","","112382809"
"삼성영어빛누리학원","빛가람동","전라남도 나주시 한빛로 91 상가2동 301호","35.029457","126.780832","naver","외국어학원","고유가 피해지원금","","102292147"
"씨유(CU)나주이노씨티애시앙점","빛가람동","전남 나주시 빛가람동","35.027419","126.781779","dong","편의점","고유가 피해지원금","02)1577-8007","121971428"
"월드크리닝 나주혁신애시앙점","빛가람동","전라남도 나주시 한빛로 91 이노시티애시앙아파트 상가 2동 102호","35.029384","126.780968","naver","세탁소","고유가 피해지원금","061)336-1566","106686904"
"퍼스트 태권도장","빛가람동","전라남도 나주시 한빛로 91 2층 202호","35.030568","126.781989","naver","예체능계학원","고유가 피해지원금","061)333-1237","102726757"
"유니케어","빛가람동","전라남도 나주시 대호길 45-6 유니뷰티","35.040192","126.717494","naver","기타 신변잡화","고유가 피해지원금","","113254159"
"끌레르 아트 미술학원","빛가람동","전라남도 나주시 한빛로 91 애시앙상가 2동 202호","35.029406","126.780994","naver","예체능계학원","고유가 피해지원금","061)930-5423","103836436"
"배관크리너","빛가람동","전남 나주시 빛가람동","35.030399","126.786966","dong","용역서비스업","고유가 피해지원금","","105614261"
"강수학학원","빛가람동","전라남도 나주시 한빛로 91 상가2동 201호","35.029369","126.780956","naver","문리계학원","고유가 피해지원금","","104436761"
"이노시티애시앙어린이집","빛가람동","전라남도 나주시 한빛로 91","35.031253","126.782423","naver","아이행복 어린이집","고유가 피해지원금","061)332-7913","100927831"
"잉글리시브레인스튜디오 나주직영학원","빛가람동","전라남도 나주시 한빛로 91 상가 1동 201호","35.03048","126.781967","naver","외국어학원","고유가 피해지원금","061)335-3777","102910119"
"세븐일레븐 나주혁신애시앙점","빛가람동","전라남도 나주시 빛가람동 한빛로 91","35.030464","126.782096","naver","편의점","고유가 피해지원금","02)1577-0711","114738182"
"애플음악학원","빛가람동","전라남도 나주시 한빛로 91 상가2동 302호","35.029514","126.780884","naver","예체능계학원","고유가 피해지원금","","103715287"
"러블리아이스","빛가람동","전라남도 나주시 한빛로 91","35.031078","126.781152","naver","기타 식품","고유가 피해지원금","","103149791"
"다원","빛가람동","전라남도 나주시 남평읍 남평1로 15","35.046771","126.839482","naver","기타 수리서비스","고유가 피해지원금","","98067427"
"샵스탠다드","빛가람동","전라남도 나주시 석전2길 12-11 1층","35.024848","126.778323","naver","미용원","고유가 피해지원금","061)331-0971","85629780"
"스탠다드","빛가람동","전라남도 나주시 석전2길 12-11 1층","35.024848","126.778323","naver","악세사리점","고유가 피해지원금","061)334-0971","92128305"
"예쁜눈결 뷰티","빛가람동","전라남도 나주시 한빛로 61 우미린상가 105호 예쁜눈결뷰티","35.025641","126.779392","naver","피부미용원","고유가 피해지원금|온누리","","108751706"
"모브미술교습소","빛가람동","전남 나주시 빛가람동","35.020715","126.778763","dong","예체능계학원","고유가 피해지원금","","114034890"
"촌닭이두마리 빛가람점","빛가람동","전남 나주시 빛가람동","35.012218","126.79688","dong","일반주점","고유가 피해지원금|온누리","061)333-3325","69057751"
"하이클래스수학원","빛가람동","전라남도 나주시 석전1길 10 상가동 2층 204호","35.025675","126.779478","naver","문리계학원","고유가 피해지원금","","109201539"
"나주ESD교육문화센터","빛가람동","전남 나주시 빛가람동","35.011927","126.782375","dong","교육기자재","고유가 피해지원금","","116289442"
"아이원태권도","빛가람동","전라남도 나주시 한빛로 61 빛가람우미린아파트상가 2층","35.0256","126.77971","naver","예체능계학원","고유가 피해지원금|온누리","061)332-9916","84670591"
"시류야떡방앗간","빛가람동","전남 나주시 빛가람동","35.026356","126.780816","dong","제과점/아이스크림점","고유가 피해지원금|온누리","061)337-9979","76818002"
"린 음악학원","빛가람동","전라남도 나주시 석전1길 10 우미린상가2층 201호","35.025641","126.779468","naver","예체능계학원","고유가 피해지원금","061)930-5060","118703556"
"나나파티","빛가람동","전라남도 나주시 대호길 45-6 1층 후문","35.040203","126.717516","naver","기타 신변잡화","고유가 피해지원금","","110339796"
"스위트 아이스","빛가람동","전남 나주시 빛가람동","35.016992","126.779145","dong","기타 식품","고유가 피해지원금|온누리","","102740938"
"MAY","빛가람동","전라남도 나주시 상야1길 21 킹덤프라자 B동 3층 303호","35.022566","126.786827","naver","기성복점","고유가 피해지원금","","103275520"
"워시팡팡무인셀프빨래방","빛가람동","전라남도 나주시 한빛로 61 상가동 103호","35.025696","126.779257","naver","세탁소","고유가 피해지원금","","109404602"
"린카페","빛가람동","전남 나주시 빛가람동","35.009963","126.785565","dong","커피/음료전문점","고유가 피해지원금","061)336-8333","80947005"
"샬롯의 과학실험","빛가람동","전라남도 나주시 석전1길 10 상가동 107호","35.025675","126.779478","naver","문리계학원","고유가 피해지원금|온누리","","118838654"
"비비드잉글리쉬영어교습소","빛가람동","전남 나주시 빛가람동","35.023006","126.779139","dong","외국어학원","고유가 피해지원금","061)930-2719","92514301"
"칙바이칙 나주혁신도시점","빛가람동","전라남도 나주시 석전1길 10 우미린상가 108호","35.025591","126.779455","naver","일반음식점 기타","고유가 피해지원금|온누리","","113536391"
"떡보의 하루(나주혁신점)","빛가람동","전라남도 나주시 석전1길 10","35.025615","126.779528","naver","제과점/아이스크림점","고유가 피해지원금|온누리","061)337-8567","95917920"
"우미린어린이집","빛가람동","전라남도 나주시 한빛로 61 우미린아파트","35.027587","126.779262","naver","아이행복 어린이집","고유가 피해지원금","061)337-5445","109744516"
"준 오피스","빛가람동","전남 나주시 빛가람동","35.018817","126.800182","dong","사무용기기","고유가 피해지원금","","112465636"
"빛가람스마트러닝","빛가람동","전라남도 나주시 우정로 56 토담리치타워 A동 608호, A동 407호","35.023768","126.785727","naver","기타 학습자재","고유가 피해지원금","061)334-1090","85739373"
"맑은소리 바이올린 교습소","빛가람동","전라남도 나주시 한빛로 61 상가동 1층 110호","35.027293","126.779226","naver","예체능계학원","고유가 피해지원금","","119763645"
"해일린","빛가람동","전라남도 나주시 석전1길 10 우미린상가 111호","35.025542","126.7797","naver","기성복점","고유가 피해지원금","062)451-9549","111527644"
"금화","빛가람동","전라남도 나주시 배멧2길 43","35.020116","126.79198","naver","기성복점","고유가 피해지원금","","119074079"
"아라콩","빛가람동","전남 나주시 빛가람동","35.013244","126.797889","dong","기성복점","고유가 피해지원금","061)333-5134","99493017"
"가람렉카","빛가람동","전남 나주시 빛가람동","35.030651","126.787821","dong","차량견인업","고유가 피해지원금","","121607434"
"이나미클래식앤드재주피아노전문학원","빛가람동","전남 나주시 빛가람동","35.01101","126.783486","dong","예체능계학원","고유가 피해지원금","061)336-8656","77709878"
"나주시청(빛가람꿈자람센터)","빛가람동","전라남도 나주시 시청길 22 나주시청","35.015814","126.710814","naver","주차장","고유가 피해지원금","061)339-2757","121607745"
"나나공방","빛가람동","전라남도 나주시 상야4길 22 대양스퀘어가든 A동 3층 318호","35.022749","126.791751","naver","문화/취미 기타","고유가 피해지원금","","103257560"
"언니네의식주","빛가람동","전라남도 나주시 석전2길 18-10 1층","35.024143","126.778083","naver","휴게음식점","고유가 피해지원금","061)332-0667","94439041"
"엘림음악학원","빛가람동","전라남도 나주시 월정5길 1","35.009273","126.78735","naver","예체능계학원","고유가 피해지원금","061)335-3788","73861409"
"신라의달밤","빛가람동","전남 나주시 빛가람동","35.015621","126.779591","dong","기타 식품","고유가 피해지원금","061)332-2244","121278981"
"7번가피자","빛가람동","전라남도 나주시 석전1길 17 1층","35.025638","126.778406","naver","패스트푸드점","고유가 피해지원금","061)377-5777","80969666"
"7번가피자","빛가람동","전라남도 나주시 석전1길 17 1층","35.025638","126.778406","naver","패스트푸드점","고유가 피해지원금","061)337-5777","91697030"
"다다아트 미술학원","빛가람동","전라남도 나주시 석전2길 4-11 다다아트미술학원","35.025371","126.778257","naver","예체능계학원","고유가 피해지원금","061)332-7711","102695614"
"트이다학원","빛가람동","전라남도 나주시 석전2길 64-16 1층 트이다학원","35.025197","126.778201","naver","문리계학원","고유가 피해지원금","061)333-9599","105896852"
"금돈가","빛가람동","전라남도 나주시 석전1길 19","35.025652","126.778169","naver","한식","고유가 피해지원금","061)333-9953","12940135"
"임마누엘중기","빛가람동","전남 나주시 빛가람동","35.011569","126.796264","dong","기타 수리서비스","고유가 피해지원금","","113880801"
"원 트레이너(이으뜸)","빛가람동","전남 나주시 빛가람동","35.030788","126.790151","dong","종합스포츠센터","고유가 피해지원금","","108956624"
"지에스25 빛가람엘에이치점","빛가람동","전남 나주시 빛가람동","35.012484","126.781675","dong","편의점","고유가 피해지원금|온누리","","105372381"
"203수학","빛가람동","전라남도 나주시 우정로 106 406호","35.023388","126.791787","naver","문리계학원","고유가 피해지원금","","119077861"
"이든팜","빛가람동","전라남도 나주시 노안면 노안삼도로 296-28 1층","35.072411","126.709228","naver","농어업용품","고유가 피해지원금","","117230645"
"케이제이(KJ)","빛가람동","전라남도 나주시 상야1길 7 예가람타워 2층 204호","35.022659","126.785852","naver","일반잡화판매점","고유가 피해지원금","","109908303"
"토탈홈케어","빛가람동","전남 나주시 빛가람동","35.028746","126.795848","dong","용역서비스업","고유가 피해지원금","","112413342"
"김은숙피부관리 디에스(DS)네일","빛가람동","전라남도 나주시 중야1길 16 상가동 203호","35.016606","126.779021","naver","피부미용원","고유가 피해지원금|온누리","061)333-1753","117043871"
"하늘식당","빛가람동","전라남도 나주시 중야1길 16 상가동 102호","35.016606","126.779021","naver","한식","고유가 피해지원금|온누리","061)333-3462","119483689"
"빛과소리","빛가람동","전남 나주시 빛가람동","35.030384","126.7864","dong","이벤트업","고유가 피해지원금","061)332-8905","85384755"
"빛가람포토","빛가람동","전라남도 나주시 상야4길 16-10 2층 205호","35.023214","126.792896","naver","사진관","고유가 피해지원금|온누리","","103177431"
"주공떡방앗간","빛가람동","전라남도 나주시 중야1길 16 빛가람엘에이치1단지아파트 상가동","35.016678","126.778943","naver","미곡상","고유가 피해지원금","061)336-6089","77219158"
"머리잡기","빛가람동","전라남도 나주시 중야1길 16 상가2층 201호","35.016606","126.779021","naver","미용원","고유가 피해지원금|온누리","061)331-8909","83065428"
"생각하는 수학 교습소","빛가람동","전라남도 나주시 중야1길 16 상가동 204호","35.016606","126.779021","naver","문리계학원","고유가 피해지원금","","121344266"
"아우라","빛가람동","전라남도 나주시 상야1길 21 킹덤프라자B동 118-1호","35.022596","126.787096","naver","화장품점","고유가 피해지원금|온누리","","120597431"
"빛가람점 현대자동차 블루핸즈","빛가람동","전라남도 나주시 석전2길 42","35.023595","126.777442","naver","차량 정비/부품/인테리어","고유가 피해지원금","061)452-8572","35112997"
"또 오리","빛가람동","전라남도 나주시 석전2길 60-5 1층","35.024584","126.777455","naver","한식","고유가 피해지원금","061)336-3452","96282595"
"이루다스터디카페","빛가람동","전라남도 나주시 석전2길 70","35.025424","126.777363","naver","독서실","고유가 피해지원금","","99553497"
"소로 커피로스터스","빛가람동","전라남도 나주시 석전2길 64-2 1층","35.024871","126.77717","naver","커피/음료전문점","고유가 피해지원금","","108876911"
"사모하다(samohada)","빛가람동","전라남도 나주시 석전2길 60-1 1층 101호","35.024665","126.777105","naver","제과점/아이스크림점","고유가 피해지원금","","118872224"
"하해원","빛가람동","전라남도 나주시 석전2길 52 1층","35.023984","126.776881","naver","한식","고유가 피해지원금","061)331-2230","88750539"
"미르태권도","빛가람동","전라남도 나주시 그린로 152 2층 203호 ,204호","35.009862","126.782928","naver","예체능계학원","고유가 피해지원금","","122113446"
"빛나수선","빛가람동","전남 나주시 빛가람동","35.030832","126.788702","dong","세탁소","고유가 피해지원금","061)335-3365","110595446"
"커피 SAY","빛가람동","전라남도 나주시 그린로 116 1층","35.011971","126.779645","naver","커피/음료전문점","고유가 피해지원금|온누리","","102675747"
"타이어 모터스","빛가람동","전라남도 나주시 나주로 89","35.026863","126.716745","naver","차량 정비/부품/인테리어","고유가 피해지원금|온누리","061)333-9297","109377895"
"루페스빅풋 나주점","빛가람동","전라남도 나주시 그린로 116","35.011947","126.779672","naver","세차장","고유가 피해지원금","061)331-0308","109107052"
"커피 SAY","빛가람동","전라남도 나주시 그린로 116 1층","35.011971","126.779645","naver","세탁소","고유가 피해지원금|온누리","","102675661"
"뷰티헤이","빛가람동","전라남도 나주시 대호길 85-25 1층 2호","35.042475","126.717039","naver","미용원","고유가 피해지원금","","110317187"
"이마트24 빛가람황동점","빛가람동","전라남도 나주시 황동3길 83 106호","35.014254","126.776132","naver","편의점","고유가 피해지원금","061)335-7088","91823434"
"대박유소년스포츠클럽 태권스쿨","빛가람동","전라남도 나주시 황동3길 83 2층 201, 202호","35.01428","126.776083","naver","예체능계학원","고유가 피해지원금","","113122591"
"컴포즈커피 나주빛가람황동점","빛가람동","전라남도 나주시 황동3길 83","35.014275","126.776181","naver","커피/음료전문점","고유가 피해지원금","","105873210"
"(주)빛가람은적","빛가람동","전라남도 나주시 황동3길 83","35.014257","126.776106","naver","골프연습장","고유가 피해지원금","061)335-8088","81812925"
"이지 골프 아카데미","빛가람동","전라남도 나주시 황동3길 83 엔즈빌딩 4층 이지골프아카데미","35.01422","126.776096","naver","골프연습장","고유가 피해지원금","061)335-8088","112659379"
"문화다방","빛가람동","전남 나주시 빛가람동","35.022505","126.77887","dong","휴게음식점","고유가 피해지원금","","119871799"
"오피스알파빛가람","빛가람동","전라남도 나주시 황동1길 90","35.014659","126.775623","naver","문방구점","고유가 피해지원금","061)334-0310","98550870"
"나주밀면","빛가람동","전라남도 나주시 황동1길 88 1층","35.014741","126.775496","naver","한식","고유가 피해지원금|온누리","","117375423"
"정품한우 소머리국밥","빛가람동","전남 나주시 빛가람동","35.013102","126.781019","dong","한식","고유가 피해지원금","","105185529"
"혁신포스","빛가람동","전라남도 나주시 상야4길 10 2층 202-1호","35.022709","126.793232","naver","정보통신기기","고유가 피해지원금","070)4141-0408","72262161"
"나눔 디자인","빛가람동","전라남도 나주시 세지면 송제리 산7","34.935445","126.732147","naver","내의판매점","고유가 피해지원금","","120513676"
"그린테이블","빛가람동","전라남도 나주시 황동1길 4-111 1층그린테이블","35.014306","126.775673","naver","일반음식점 기타","고유가 피해지원금|온누리","","92683650"
"온도예","빛가람동","전라남도 나주시 황동1길 4-111 1층 온도예","35.01424","126.775631","naver","문화/취미 기타","고유가 피해지원금|온누리","","110575625"
"LasTORIA","빛가람동","전라남도 나주시 황동1길 4-85 라스또리아","35.014377","126.77553","naver","커피/음료전문점","고유가 피해지원금|온누리","061)337-9764","111918983"
"금천전통갈비","빛가람동","전남 나주시 빛가람동","35.013606","126.798329","dong","한식","고유가 피해지원금|온누리","061)333-8778","74020578"
"스마트 렌탈","빛가람동","전라남도 나주시 황동1길 75 3층 301호","35.015445","126.774891","naver","기계 및 장비임대업","고유가 피해지원금","","113740524"
"항아리보쌈나주점","빛가람동","전라남도 나주시 황동1길 75 정광석 항아리보쌈","35.015408","126.774874","naver","한식","고유가 피해지원금|온누리","061)335-0773","91260191"
"나능이","빛가람동","전라남도 나주시 황동1길 73","35.015503","126.774723","naver","한식","고유가 피해지원금|온누리","061)336-9944","79493007"
"커피수혈","빛가람동","전라남도 나주시 황동1길 71 1층","35.015552","126.774594","naver","커피/음료전문점","고유가 피해지원금|온누리","","110217781"
"설악추어탕한모둠순대국","빛가람동","전남 나주시 빛가람동","35.009838","126.793523","dong","일반음식점 기타","고유가 피해지원금","061)332-8472","77515006"
"설악추어탕한모둠순대국","빛가람동","전남 나주시 빛가람동","35.030213","126.793342","dong","한식","고유가 피해지원금|온누리","061)332-8472","117991141"
"나주쌍치민물매운탕","빛가람동","전라남도 나주시 황동1길 69","35.015588","126.774382","naver","한식","고유가 피해지원금|온누리","061)336-2926","77401967"
"윤식품","빛가람동","전라남도 나주시 황동1길 76","35.015265","126.774522","naver","기타 식품","고유가 피해지원금","","104874671"
"나주유통","빛가람동","전라남도 나주시 황동3길 50-38 1층","35.011734","126.776255","naver","기타 식품","고유가 피해지원금","","102426796"
"정품한우숯불구이2호점","빛가람동","전라남도 나주시 황동1길 4-99","35.013708","126.775051","naver","한식","고유가 피해지원금|온누리","061)332-2278","95725220"
"설미옥","빛가람동","전라남도 나주시 황동1길 67","35.015698","126.774213","naver","한식","고유가 피해지원금|온누리","061)331-0007","90379126"
"정품한우직판장(빛가람점)","빛가람동","전남 나주시 빛가람동","35.021074","126.77858","dong","정육점","고유가 피해지원금|온누리","061)332-2277","95725933"
"통돼지생갈비","빛가람동","전라남도 나주시 황동2길 26 농어촌공사 뒤편","35.014649","126.774502","naver","한식","고유가 피해지원금|온누리","061)333-8453","103718435"
"왕십리돌곱창구이","빛가람동","전라남도 나주시 배멧3길 19-7 LS타워 1층","35.019815","126.786192","naver","일반음식점 기타","고유가 피해지원금|온누리","061)334-7722","85872007"
"나주참복집","빛가람동","전라남도 나주시 황동1길 70","35.015458","126.77402","naver","한식","고유가 피해지원금|온누리","061)331-6780","99623962"
"카페500","빛가람동","전라남도 나주시 황동3길 66","35.012737","126.775256","naver","일반음식점 기타","고유가 피해지원금","061)334-0505","76800977"
"탑수학교습소","빛가람동","전남 나주시 빛가람동","35.026758","126.780855","dong","외국어학원","고유가 피해지원금","","122284902"
"미닝아웃 베이커리","빛가람동","전라남도 나주시 황동1길 59 1층","35.015926","126.773628","naver","제과점/아이스크림점","고유가 피해지원금|온누리","","117356976"
"글램뷰티","빛가람동","전남 나주시 빛가람동","35.029169","126.795464","dong","미용원","고유가 피해지원금","","102537885"
"동복흑염소","빛가람동","전라남도 나주시 황동3길 65 101호","35.013051","126.774834","naver","한식","고유가 피해지원금","061)333-5533","121960075"
"에이엠(am)167","빛가람동","전라남도 나주시 황동1길 64","35.015645","126.77355","naver","한식","고유가 피해지원금|온누리","061)336-4949","90816611"
"더블스케치","빛가람동","전라남도 나주시 황동2길 18-1","35.014131","126.773956","naver","커피/음료전문점","고유가 피해지원금|온누리","","93274515"
"혁신반점","빛가람동","전라남도 나주시 황동1길 52-11","35.015409","126.773397","naver","중식","고유가 피해지원금|온누리","","121169573"
"지에이치(G.H)게라지 건형카센터","빛가람동","전라남도 나주시 황동3길 61 건형카센터","35.012759","126.774426","naver","차량 정비/부품/인테리어","고유가 피해지원금","","99462148"
"백프로국산감자탕 빛가람점","빛가람동","전라남도 나주시 황동1길 53 101호, 102호, 103호","35.016142","126.773133","naver","한식","고유가 피해지원금|온누리","","114046631"
"일월불사대신","빛가람동","전라남도 나주시 황동2길 17-4 101호","35.014376","126.773612","naver","철학관","고유가 피해지원금","","121186879"
"티스테이션 빛가람점","빛가람동","전라남도 나주시 황동3길 50-17 타이어명가 티스테이션 빛가람점","35.011107","126.775316","naver","차량 정비/부품/인테리어","고유가 피해지원금","061)930-2644","110811233"
"타이어명가 티스테이션 빛가람점","빛가람동","전라남도 나주시 황동3길 50-17 타이어명가 티스테이션 빛가람점","35.011107","126.775316","naver","차량 정비/부품/인테리어","고유가 피해지원금","061)930-2644","104697817"
"혁신디테일링광택샵","빛가람동","전라남도 나주시 황동3길 50-15 혁신디테일링광택샵","35.011155","126.775225","naver","세차장","고유가 피해지원금","","115827582"
"하루(HARU)","빛가람동","전라남도 나주시 중야2길 10 106호","35.015885","126.784585","naver","커피/음료전문점","고유가 피해지원금|온누리","","108698102"
"Bella 벨리댄스","빛가람동","전라남도 나주시 황동3길 50-13 벨라밸리","35.011247","126.775123","naver","기타학원","고유가 피해지원금","","80722572"
"그집","빛가람동","전라남도 나주시 황동3길 50-11 1층 103호","35.011351","126.775002","naver","일반음식점 기타","고유가 피해지원금","061)334-1194","108641041"
"코리엔탈 깻잎두마리치킨","빛가람동","전라남도 나주시 황동3길 50-11","35.011324","126.77497","naver","일반음식점 기타","고유가 피해지원금","061)335-9600","97359939"
"진미국밥","빛가람동","전라남도 나주시 황동2길 4-15","35.013636","126.773695","naver","한식","고유가 피해지원금","061)334-9988","70643136"
"돈우랑","빛가람동","전라남도 나주시 황동2길 17-3","35.014155","126.773372","naver","한식","고유가 피해지원금|온누리","061)332-6900","74239836"
"온더(On the)","빛가람동","전라남도 나주시 황동2길 17-14 1층","35.014828","126.772992","naver","정육점","고유가 피해지원금","070)7614-3579","119116063"
"미미아구찜","빛가람동","전라남도 나주시 황동1길 4-39 태연빌딩 1층 101호","35.012728","126.773785","naver","한식","고유가 피해지원금|온누리","061)334-2666","110318077"
"디자인공담","빛가람동","전라남도 나주시 황동2길 3-15 1층 101호","35.014164","126.773035","naver","인쇄 및 광고","고유가 피해지원금|온누리","061)336-9687","104023101"
"정비나라","빛가람동","전라남도 나주시 황동1길 34-13","35.014329","126.772429","naver","차량 정비/부품/인테리어","고유가 피해지원금|온누리","070)6227-8849","101062284"
"릴케의정원","빛가람동","전라남도 나주시 황동2길 4","35.013115","126.772906","naver","커피/음료전문점","고유가 피해지원금|온누리","","94792351"
"책통클럽 나주빛가람1센터","빛가람동","전남 나주시 빛가람동","35.015857","126.779262","dong","문리계학원","고유가 피해지원금","","110641539"
"타이니북","빛가람동","전라남도 나주시 황동1길 18 1층","35.012926","126.772706","naver","서점","고유가 피해지원금|온누리","","121378371"
"약선명가","빛가람동","전라남도 나주시 황동2길 3-5","35.013504","126.772312","naver","한식","고유가 피해지원금|온누리","061)331-9252","74149078"
"페어리바이츠","빛가람동","전라남도 나주시 황동1길 34-6 1층 101호","35.013657","126.772134","naver","커피/음료전문점","고유가 피해지원금|온누리","","118564363"
"수현카","빛가람동","전라남도 나주시 황동1길 34 1층","35.013896","126.771799","naver","차량 정비/부품/인테리어","고유가 피해지원금","061)331-6161","116054015"
"(주)금철홀딩스","빛가람동","전남 나주시 빛가람동","35.021984","126.778628","dong","소프트웨어업","고유가 피해지원금","","109020953"
"옥스(ok s)클린","빛가람동","전라남도 나주시 문화로 81 토담휴러스센트럴타워 A동 1117호","35.010044","126.773905","naver","용역서비스업","고유가 피해지원금","","121374049"
"(주)보랏빛소","빛가람동","전남 나주시 빛가람동","35.030971","126.790512","dong","인쇄 및 광고","고유가 피해지원금","","121694731"
"세븐일레븐 나주토담센터점","빛가람동","전라남도 나주시 빛가람동 문화로 81 156호","35.0099","126.774047","naver","편의점","고유가 피해지원금","02)1577-0711","107226384"
"스윗데이즈","빛가람동","전라남도 나주시 문화로 81 토담휴로스센트럴타워 123호","35.010225","126.774226","naver","커피/음료전문점","고유가 피해지원금","061)331-7737","107217352"
"수현카세차","빛가람동","전남 나주시 빛가람동","35.027501","126.781385","dong","세차장","고유가 피해지원금","061)331-6161","103013676"
"오미장","빛가람동","전라남도 나주시 황동3길 18-19 1층 축산물판매장","35.010285","126.772706","naver","정육점","고유가 피해지원금","061)333-1689","97443589"
"대광액자","빛가람동","전남 나주시 빛가람동","35.028706","126.796251","dong","표구사","고유가 피해지원금","061)731-8111","110728744"
"고씨집","빛가람동","전남 나주시 빛가람동","35.01814","126.778583","dong","한식","고유가 피해지원금","062)942-8984","31603784"
"책나무빛가람독서논술학원","빛가람동","전라남도 나주시 그린로 325 501호","35.015558","126.794742","naver","기타학원","고유가 피해지원금","","122445161"
"부자수산","빛가람동","전라남도 나주시 상야4길 16-10 1층 101호","35.023303","126.793197","naver","한식","고유가 피해지원금","061)930-0634","122443818"
"(유)빛고을렌트카나주점","산정동","전남 나주시 산정동","35.036672","126.713873","dong","렌트카","고유가 피해지원금","061)571-1365","77256873"
"대영자전거","산정동","전라남도 나주시 박정길 15","35.037052","126.716401","naver","자전거판매점","고유가 피해지원금","061)332-3838","9081219"
"와플칸 나주점","산정동","전라남도 나주시 정렬사길 7 1,2층","35.043439","126.714918","naver","휴게음식점","고유가 피해지원금|온누리","061)331-4282","84293932"
"서원건설","산정동","전라남도 나주시 문화로 226 2동 4층 407호(해피라움 2동)","35.018941","126.785227","naver","주택/건설","고유가 피해지원금","062)334-3255","106231771"
"중정독채","산정동","전라남도 나주시 금성관길 43-4","35.034805","126.714885","naver","기타숙박업","고유가 피해지원금","","114654839"
"아남ENG","산정동","전라남도 나주시 과원길 34","35.035278","126.715087","naver","기계류 건축설비","고유가 피해지원금","061)333-3663","85293821"
"중정 한옥숙박체험","산정동","전남 나주시 산정동","35.034913","126.71396","dong","기타숙박업","고유가 피해지원금","","108535617"
"위윤철정형외과","산정동","전남 나주시 산정동","35.036505","126.715793","dong","일반.치과.한의원","고유가 피해지원금","061)276-0100","26003517"
"나주시 향토음식체험문화관","산정동","전라남도 나주시 박정길 1","35.036024","126.715317","naver","한식","고유가 피해지원금","061)332-2244","116899396"
"서문정","산정동","전라남도 나주시 금남길 65","35.034216","126.714262","naver","기타숙박업","고유가 피해지원금","061)332-2244","116228496"
"(주)마루기업","산정동","전라남도 나주시 서내길 13","35.033968","126.713978","naver","주택/건설","고유가 피해지원금","061)334-5334","72813593"
"현대건강원","산정동","전남 나주시 산정동","35.035318","126.713286","dong","건강식품점","고유가 피해지원금","061)333-6869","99335363"
"골목길포차","산정동","전남 나주시 산정동","35.03573","126.716009","dong","한식","고유가 피해지원금","061)332-4916","75468321"
"나주종합보일러","산정동","전라남도 나주시 남평읍 회재로 70","35.054601","126.836045","naver","냉난방기구","고유가 피해지원금","061)332-8911","69510142"
"전남에스디케어","산정동","전남 나주시 산정동","35.034512","126.714352","dong","의료기기 및 용품","고유가 피해지원금","","106274751"
"나주현대부품대리점주식회사","산정동","전남 나주시 산정동","35.037069","126.715759","dong","차량 정비/부품/인테리어","고유가 피해지원금","061)332-0596","45654971"
"스탠다드 헬스케어","산정동","전남 나주시 산정동","35.036117","126.712945","dong","의료기기 및 용품","고유가 피해지원금","","107757296"
"금호타이어왕개미대리점","산정동","전라남도 나주시 건재로 12","35.036534","126.713748","naver","차량 정비/부품/인테리어","고유가 피해지원금","061)333-3040","119483159"
"오토바이#","산포면","전라남도 나주시 산포면 매성길 152-82 1층 106호, 017호","35.027246","126.799318","naver","오토바이판매점","고유가 피해지원금","","114248821"
"나주덴트 원덴트디테일","산포면","전라남도 나주시 산포면 매성길 152-82 1층 101호","35.027246","126.799318","naver","세차장","고유가 피해지원금","061)332-2244","122266585"
"(주)이로운","산포면","전라남도 나주시 문화로 244 서담빌딩 105호 이로운 키친( 대로변 쪽)","35.020407","126.785215","naver","휴게음식점","고유가 피해지원금","061)443-7375","112810750"
"혁신 밧데리and블랙박스 할인매장","산포면","전남 나주시 산포면","35.028201","126.807567","dong","차량 정비/부품/인테리어","고유가 피해지원금","","108658748"
"대경종합철물","산포면","전라남도 나주시 산포면 매성길 152-78 대경종합철물","35.02741","126.799775","naver","철물점","고유가 피해지원금","061)337-3327","65959179"
"(주)케이디렌트카 나주지점","산포면","전남 나주시 산포면","35.029596","126.808368","dong","렌트카","고유가 피해지원금","","111513119"
"(주)무성관광","산포면","전남 나주시 산포면","35.027262","126.808099","dong","관광여행사","고유가 피해지원금","062)522-3350","14872328"
"기능장 모터스","산포면","전라남도 나주시 산포면 매성길 153","35.027783","126.804533","naver","차량 정비/부품/인테리어","고유가 피해지원금","061)336-5223","93493332"
"빛가람 손세차장","산포면","전라남도 나주시 산포면 매성길 151","35.028166","126.804735","naver","세차장","고유가 피해지원금","","99161055"
"셀세모나주산포점","산포면","전남 나주시 산포면","35.027136","126.809282","dong","세차장","고유가 피해지원금","","92154154"
"남산가스","산포면","전라남도 나주시 산포면 산포로 326-1","35.027623","126.806058","naver","가스판매점","고유가 피해지원금","061)337-8888","87496339"
"명성건설공사","산포면","전남 나주시 산포면","35.027667","126.807425","dong","주택/건설","고유가 피해지원금","041)573-0308","101266451"
"엔제이디자인","산포면","전남 나주시 산포면","35.028079","126.810148","dong","인쇄 및 광고","고유가 피해지원금","061)337-2048","72868724"
"데이 앤 나잇 2nd","산포면","전라남도 나주시 산포면 예림길 20","35.018437","126.810047","naver","양식","고유가 피해지원금","","117808014"
"산포전집","산포면","전라남도 나주시 산포면 산포로 346","35.029332","126.806046","naver","한식","고유가 피해지원금","061)337-2716","100981048"
"카페소감&나주미술관","산포면","전라남도 나주시 산포면 예림길 21-5","35.018877","126.810513","naver","커피/음료전문점","고유가 피해지원금","061)337-1106","103303433"
"공감","산포면","전라남도 나주시 산포면 산포로 348 뉴혁신카 2층(산포전집옆)","35.029507","126.805958","naver","커피/음료전문점","고유가 피해지원금","061)336-4113","115984346"
"나주미술관","산포면","전라남도 나주시 산포면 예림길 21-5","35.018877","126.810513","naver","화랑","고유가 피해지원금","","122221001"
"수작","산포면","전라남도 나주시 산포면 산포로 357-1","35.030337","126.805155","naver","중식","고유가 피해지원금","061)337-0032","120883195"
"온오프세차장","산포면","전라남도 나주시 산포면 산포로 359","35.030553","126.805482","naver","세차장","고유가 피해지원금","","107529954"
"농업회사법인(주) 한국드론개발원","산포면","전남 나주시 산포면","35.028628","126.810383","dong","농.수.축산물점","고유가 피해지원금","061)335-2021","98453135"
"팜푸드","산포면","전남 나주시 산포면","35.029389","126.807268","dong","농.수.축산물점","고유가 피해지원금","061)335-2334","117182121"
"별이네하우스","산포면","전남 나주시 산포면","35.026688","126.809075","dong","커피/음료전문점","고유가 피해지원금","061)332-0691","93632018"
"매성농장","산포면","전라남도 나주시 산포면 매성길 152-62 빛가람글램핑","35.028936","126.799603","naver","농.수.축산물점","고유가 피해지원금","","119033305"
"로얄카센타","산포면","전라남도 나주시 산포면 산포로 379","35.032211","126.805525","naver","차량 정비/부품/인테리어","고유가 피해지원금","061)331-0065","86994333"
"뉴혁신카","산포면","전라남도 나주시 산포면 산포로 348","35.029506","126.805948","naver","차량 정비/부품/인테리어","고유가 피해지원금","061)336-4114","9319976"
"산포제일장어","산포면","전라남도 나주시 산포면 산포로 407","35.034198","126.804297","naver","한식","고유가 피해지원금","061)337-1114","80223494"
"빛가람로지스","산포면","전라남도 나주시 상야3길 8","35.022926","126.790364","naver","차량견인업","고유가 피해지원금","051)244-8222","99661052"
"산포손세차","산포면","전라남도 나주시 산포면 매성길 151","35.028166","126.804735","naver","세차장","고유가 피해지원금","061)337-9763","106285534"
"썬팅  SPI","산포면","전라남도 나주시 산포면 산포로 405","35.034534","126.804386","naver","차량 정비/부품/인테리어","고유가 피해지원금","070)4403-1017","66218694"
"푸른밥상","산포면","전라남도 나주시 산포면 매화1길 11 1층","35.034904","126.802831","naver","한식","고유가 피해지원금","061)333-6497","82991181"
"다정한병원","산포면","전라남도 나주시 산포면 매성길 61","35.035514","126.799956","naver","일반.치과.한방병원","고유가 피해지원금","061)330-8000","121229610"
"다정한병원 편의점(매점)","산포면","전남 나주시 산포면","35.027198","126.807137","dong","편의점","고유가 피해지원금","061)330-8022","109938560"
"호남수산물직판장","산포면","전남 나주시 산포면","35.028236","126.810666","dong","농.수.축산물점","고유가 피해지원금","061)337-0714","93043180"
"산포장어","산포면","전라남도 나주시 산포면 산포로 408","35.034737","126.804774","naver","일반음식점 기타","고유가 피해지원금","061)337-0714","76575185"
"제중","산포면","전남 나주시 산포면","35.02638","126.8087","dong","장의서비스/제수용품","고유가 피해지원금","","117100631"
"커피리안","산포면","전라남도 나주시 산포면 산포로 415 삼동산업","35.035263","126.803612","naver","휴게음식점","고유가 피해지원금","070)4141-0408","76261246"
"(주)삼형제","산포면","전라남도 나주시 산포면 영산로 5984-91 삼형제","35.031604","126.787337","naver","한식","고유가 피해지원금","061)337-3836","112970081"
"빛가람카페","산포면","전라남도 나주시 호수로 77 1층","35.015535","126.790632","naver","커피/음료전문점","고유가 피해지원금","061)337-0916","104531303"
"청미래","산포면","전남 나주시 산포면","35.030458","126.808316","dong","농.수.축산물점","고유가 피해지원금","","119937469"
"(주)진바이오","산포면","전남 나주시 산포면","35.026615","126.807567","dong","과학기자재점","고유가 피해지원금","061)331-0833","96987694"
"조은헤어","산포면","전라남도 나주시 산포면 산포로 416","35.035402","126.803974","naver","미용원","고유가 피해지원금","061)334-0599","76259844"
"현대식육식당","산포면","전라남도 나주시 다시면 다시로 191 현대식육식당","35.017336","126.638216","naver","한식","고유가 피해지원금","","23691021"
"원 타이마트","산포면","전라남도 나주시 이창택지길 6-3","34.994253","126.706154","naver","슈퍼마켓","고유가 피해지원금","","122066850"
"영업중 컴퍼니","산포면","전라남도 나주시 산포면 매성길 75","35.034422","126.800826","naver","주방 및 가정용품점","고유가 피해지원금","070)7614-3579","97666565"
"산포농협 하나로마트","산포면","전라남도 나주시 산포면 마성1길 3 농협하나로마트","35.036063","126.803793","naver","농.수.축협직판장","고유가 피해지원금","061)339-4431","121600098"
"보람이네국밥","산포면","전라남도 나주시 산포면 산포로 428","35.036229","126.803398","naver","한식","고유가 피해지원금","061)337-8188","77770878"
"산포태국식레스토랑","산포면","전남 나주시 산포면","35.030319","126.807565","dong","일반음식점 기타","고유가 피해지원금","","104489641"
"탑스푸드마켓","산포면","전라남도 나주시 주면1길 7 고구려","34.997639","126.70549","naver","슈퍼마켓","고유가 피해지원금","","100757923"
"나주혁신컴퓨터OA","산포면","전라남도 나주시 산포면 산포로 436 1층 102호","35.036915","126.802831","naver","컴퓨터기기","고유가 피해지원금","061)337-1192","83959221"
"나비헤어","산포면","전라남도 나주시 산포면 산포로 436","35.036911","126.803004","naver","미용원","고유가 피해지원금","061)336-4799","116621565"
"산포초원떡방앗간","산포면","전라남도 나주시 산포면 산포로 435","35.036851","126.802668","naver","미곡상","고유가 피해지원금","061)337-2282","93023064"
"유성건설기계","산포면","전라남도 나주시 산포면 재성길 46","35.035363","126.790501","naver","기계류 건축설비","고유가 피해지원금","061)337-8895","24456989"
"화승엔지니어링","산포면","전남 나주시 산포면","35.02675","126.807064","dong","차량 정비/부품/인테리어","고유가 피해지원금","061)337-8895","59888933"
"대명상사","산포면","전남 나주시 산포면","35.028519","126.811019","dong","기계류 건축설비","고유가 피해지원금","061)337-8474","35438102"
"농업회사법인주식회사삶터","산포면","전남 나주시 산포면","35.029895","126.806881","dong","농.수.축산물점","고유가 피해지원금","062)673-6872","119948051"
"산포사과집","산포면","전라남도 나주시 그린로 379 빛가람동 포레루체오피스텔 1층115호","35.020374","126.793829","naver","농.수.축산물점","고유가 피해지원금","061)337-9221","100753581"
"윤선생영어교실나주혁신교육센터","산포면","전남 나주시 산포면","35.030357","126.810037","dong","학습지","고유가 피해지원금","061)335-0542","88103625"
"이모네통닭","산포면","전라남도 나주시 산포면 매화2길 12-1","35.037755","126.801811","naver","일반주점","고유가 피해지원금","061)337-1176","57109411"
"가나기획","산포면","전남 나주시 산포면","35.027215","126.810782","dong","이벤트업","고유가 피해지원금","061)337-1117","102508116"
"김장열의짜장나라","산포면","전라남도 나주시 정보화길 34","35.023072","126.797653","naver","중식","고유가 피해지원금","061)337-8584","70106375"
"나주천막사","산포면","전라남도 나주시 예향로 3830-7","34.996455","126.714313","naver","지물 및 천막","고유가 피해지원금","061)953-5343","18693026"
"빅아시아마트","산포면","전남 나주시 산포면","35.029355","126.810942","dong","일반잡화판매점","고유가 피해지원금","","87999346"
"CJ건설","산포면","전남 나주시 산포면","35.029221","126.806371","dong","주택/건설","고유가 피해지원금","061)337-7201","79969108"
"(주)루미센스","산포면","전남 나주시 산포면","35.026216","126.809851","dong","조명 전기기구점","고유가 피해지원금","061)111-2222","116702738"
"젠시오","산포면","전라남도 나주시 산포면 산포로 451 지도","35.038216","126.802741","naver","중식","고유가 피해지원금","061)337-9211","81329121"
"락타이","산포면","전남 나주시 산포면","35.027037","126.806593","dong","일반음식점 기타","고유가 피해지원금","","112827045"
"태천종합폐차장","산포면","전라남도 나주시 산포면 재성길 38","35.03645","126.7896","naver","기타 차량서비스","고유가 피해지원금","061)337-0436","45260075"
"빛가람플라워(빛가람꽃농원)","산포면","전라남도 나주시 우정로 106 스타타워 A동 114호","35.023629","126.791765","naver","화원","고유가 피해지원금","061)333-4224","97431449"
"씨유 나주산포중앙점","산포면","전라남도 나주시 산포면 산포로 456 (매성리)","35.038349","126.803253","naver","편의점","고유가 피해지원금","061)334-1761","85879096"
"등월루","산포면","전라남도 나주시 산포면 송림산제길 124 1층","35.01919","126.820166","naver","한식","고유가 피해지원금","","106695026"
"정품한우숯불구이","산포면","전라남도 나주시 산포면 산포로 458","35.038582","126.803452","naver","한식","고유가 피해지원금","061)332-6870","9597095"
"정품한우영농조합법인","산포면","전라남도 나주시 산포면 산포로 458","35.038574","126.803465","naver","정육점","고유가 피해지원금","061)332-6870","71630652"
"농업회사법인 정품한우 주식회사","산포면","전남 나주시 산포면","35.03098","126.808438","dong","정육점","고유가 피해지원금","061)332-6877","68080551"
"산포철물","산포면","전라남도 나주시 산포면 매성길 152-78 대경종합철물","35.02741","126.799775","naver","철물점","고유가 피해지원금","061)337-7588","51374695"
"산포반점","산포면","전라남도 나주시 산포면 산포로 461 산포반점","35.038829","126.802963","naver","중식","고유가 피해지원금","061)337-0100","28764631"
"유한회사 이화","산포면","전남 나주시 산포면","35.02979","126.806457","dong","세탁소","고유가 피해지원금","061)332-5659","104060771"
"갑산칼라강판공사","산포면","전라남도 나주시 산포면 마성2길 38","35.039023","126.803732","naver","건축자재","고유가 피해지원금","061)337-8021","27638075"
"가나숯불오리","산포면","전라남도 나주시 산포면 산포로 468-10","35.039333","126.804087","naver","한식","고유가 피해지원금","061)337-5291","32078294"
"바다아시아마트","산포면","전남 나주시 산포면","35.027461","126.806193","dong","일반잡화판매점","고유가 피해지원금","","103825428"
"아시아푸드원(산포점)","산포면","전남 나주시 산포면","35.027402","126.811177","dong","농.수.축산물점","고유가 피해지원금","","119311026"
"산포정","산포면","전라남도 나주시 산포면 산포로 468-5 산포정","35.03955","126.803923","naver","한식","고유가 피해지원금","061)337-5215","47270846"
"(주)동진유통","산포면","전라남도 나주시 남평읍 풍림남석길 62 동진에이디 주식회사","35.043982","126.858255","naver","정육점","고유가 피해지원금","061)337-2233","105471369"
"(주)효승수산","산포면","전남 나주시 산포면","35.029785","126.811027","dong","농.수.축산물점","고유가 피해지원금","061)337-2233","83902004"
"(유)산포자동차공업사","산포면","전라남도 나주시 산포면 산포로 468-3","35.039752","126.804155","naver","차량 정비/부품/인테리어","고유가 피해지원금","061)337-1474","9602783"
"(주)공간의미","산포면","전라남도 나주시 산포면 산포로 468-3 공간의미","35.039805","126.804594","naver","인쇄 및 광고","고유가 피해지원금","061)337-7771","113657148"
"대진종합철물","산포면","전남 나주시 산포면","35.031133","126.809017","dong","철물점","고유가 피해지원금","061)337-4746","110891507"
"광주전동지게차","산포면","전라남도 나주시 산포면 영산로 6187-5","35.041092","126.803231","naver","기계 및 장비임대업","고유가 피해지원금","062)944-2585","68597535"
"나주송현배영농조합법인","산포면","전남 나주시 산포면","35.028312","126.811464","dong","농.수.축산물점","고유가 피해지원금","061)333-0025","52751916"
"정수명가","산포면","전남 나주시 산포면","35.030347","126.806695","dong","기타 식품","고유가 피해지원금","061)333-3211","69595235"
"해바라기 스테이","산포면","전라남도 나주시 산포면 등수길 79 해바라기스테이","35.035352","126.816805","naver","펜션/민박","고유가 피해지원금","061)336-2926","21829020"
"우리농업기계","산포면","전라남도 나주시 산포면 영산로 6187-9","35.041422","126.80317","naver","기타 수리서비스","고유가 피해지원금","061)337-8910","37607981"
"명신철물","산포면","전라남도 나주시 산포면 송림산제길 167","35.018922","126.823267","naver","철물점","고유가 피해지원금","061)337-2008","81996582"
"(주)디딤농","산포면","전남 나주시 산포면","35.026805","126.811031","dong","농어업용품","고유가 피해지원금","061)335-5900","106637310"
"나주혁신주유소","산포면","전라남도 나주시 산포면 영산로 6022","35.03888","126.785851","naver","주유소","고유가 피해지원금","061)337-5149","56176921"
"대명농수산 농업회사법인 주식회사","산포면","전남 나주시 산포면","35.025909","126.807294","dong","건강식품점","고유가 피해지원금","","111717337"
"무등농원","산포면","전남 나주시 산포면","35.029298","126.811413","dong","농.수.축산물점","고유가 피해지원금","","120448404"
"(주)원 으뜸주유소","산포면","전남 나주시 산포면","35.029582","126.806066","dong","주유소","고유가 피해지원금","061)332-7319","121577515"
"송도축산","산포면","전라남도 나주시 산포면 영산로 6009-24 송도축산","35.039737","126.78637","naver","정육점","고유가 피해지원금","061)888-8838","122193761"
"그린휄스 철망","산포면","전남 나주시 산포면","35.031138","126.809645","dong","기타 건축자재","고유가 피해지원금","","98027320"
"KG아그리텍","산포면","전남 나주시 산포면","35.027021","126.806127","dong","농어업용품","고유가 피해지원금","061)337-8502","82706976"
"나라건설기계","산포면","전라남도 나주시 산포면 내기리","35.039125","126.785635","naver","기계 및 장비임대업","고유가 피해지원금","061)337-8001","119509540"
"나라건설기계","산포면","전라남도 나주시 산포면 내기리","35.039125","126.785635","naver","기계 및 장비임대업","고유가 피해지원금","061)337-8801","109674253"
"나라건설기계","산포면","전라남도 나주시 산포면 내기리","35.039125","126.785635","naver","주택/건설","고유가 피해지원금","061)337-8802","105552364"
"나라건설기계주식회사","산포면","전남 나주시 산포면","35.030232","126.811008","dong","기계류 건축설비","고유가 피해지원금","061)337-8802","65922781"
"등수리세탁","산포면","전라남도 나주시 석전1길 9","35.025451","126.779059","naver","세탁소","고유가 피해지원금|온누리","061)337-8897","75027390"
"가나","산포면","전라남도 나주시 산포면 산포로 468-10","35.039333","126.804087","naver","가전제품점","고유가 피해지원금","061)227-4950","115003649"
"힐링꽃체험","산포면","전남 나주시 산포면","35.031386","126.808646","dong","화원","고유가 피해지원금","","103009146"
"호남석유","산포면","전라남도 나주시 산포면 세남로 1200","35.002716","126.810637","naver","연탄 및 유류판매점","고유가 피해지원금","061)337-5135","76664961"
"벽오동나주점","산포면","전라남도 나주시 산포면 세남로 1367","35.012816","126.822716","naver","한식","고유가 피해지원금","061)332-0556","78436988"
"게라지 브라더","산포면","전라남도 나주시 문평면 금신길 90","35.032426","126.62266","naver","차량 정비/부품/인테리어","고유가 피해지원금","","93819667"
"도민건강원","산포면","전라남도 나주시 산포면 영산로 5985","35.037748","126.781979","naver","건강식품점","고유가 피해지원금","061)337-1469","97555418"
"전남 불스원","산포면","전남 나주시 산포면","35.030987","126.810283","dong","차량 정비/부품/인테리어","고유가 피해지원금","","117296865"
"산제주유소","산포면","전라남도 나주시 산포면 세남로 1374 산제주유소","35.013038","126.823493","naver","주유소","고유가 피해지원금","061)336-8877","47485179"
"팜모아(주)남부센터","산포면","전남 나주시 산포면","35.02703","126.811425","dong","기타 수리서비스","고유가 피해지원금","061)335-1119","108635439"
"산제타이어","산포면","전라남도 나주시 산포면 세남로 1378","35.013345","126.823705","naver","차량 정비/부품/인테리어","고유가 피해지원금","061)336-0052","18378801"
"백운타이어산업","산포면","전남 나주시 산포면","35.025536","126.807557","dong","차량 정비/부품/인테리어","고유가 피해지원금","061)336-3155","65974383"
"도례식당","산포면","전남 나주시 산포면","35.02975","126.811469","dong","한식","고유가 피해지원금","061)335-2020","54693922"
"번영회관","산포면","전라남도 나주시 산포면 세남로 1330 번영회관","35.009436","126.821534","naver","한식","고유가 피해지원금","061)336-0254","17131736"
"번영영농조합법인","산포면","전남 나주시 산포면","35.025732","126.810289","dong","농어업용품","고유가 피해지원금","061)337-6758","38449422"
"빛가람타일","산포면","전라남도 나주시 상야3길 8","35.022926","126.790364","naver","주택/건설","고유가 피해지원금","","113734168"
"엔터케이(ENTERK)","산포면","전라남도 나주시 산포면 세남로 1441 2동","35.018379","126.826951","naver","기계 및 장비임대업","고유가 피해지원금","062)456-4256","89707187"
"평일농산","산포면","전남 나주시 산포면","35.028042","126.811809","dong","농.수.축산물점","고유가 피해지원금","02)1577-0000","99653077"
"산포수산","산포면","전라남도 나주시 산포면 세남로 1508","35.022682","126.83174","naver","농.수.축산물점","고유가 피해지원금","062)227-0275","42156603"
"선린기계주식회사","산포면","전라남도 나주시 산포면 등수길 135-22","35.040286","126.816653","naver","기타 수리서비스","고유가 피해지원금","061)337-1991","70687605"
"(주)그린테크","산포면","전라남도 나주시 산포면 산남로 67-42","35.045998","126.821965","naver","용역서비스업","고유가 피해지원금","","117785210"
"뉴엘지농기계","산포면","전라남도 나주시 산포면 등수길 135-18","35.040282","126.817347","naver","기타 수리서비스","고유가 피해지원금","061)337-0113","82219099"
"산포신흥","산포면","전라남도 나주시 산포면 영산로 6187-50 산포신흥 민물장어 직판양만장","35.045266","126.803147","naver","농.수.축산물점","고유가 피해지원금","02)469-2982","100700482"
"원일농기계","산포면","전라남도 나주시 산포면 등수길 135-10","35.040336","126.818095","naver","기타운송기구판매점","고유가 피해지원금","061)337-9337","24460541"
"JOHN CARE","산포면","전남 나주시 산포면","35.02574","126.806896","dong","기타 수리서비스","고유가 피해지원금","","115486319"
"산포농기구","산포면","전라남도 나주시 산포면 구등길 4","35.041663","126.820021","naver","기타 수리서비스","고유가 피해지원금","061)337-2550","55549938"
"(주)디에이치와이엔지니어링","산포면","전남 나주시 산포면","35.029964","126.805866","dong","기계류 건축설비","고유가 피해지원금","","103180656"
"화성타일도기","산포면","전라남도 나주시 산포면 세남로 1480","35.020781","126.829188","naver","건축자재","고유가 피해지원금","061)336-8858","87504248"
"대동 서비스전문점 전남(DCC)","산포면","전라남도 나주시 산포면 등수길 147","35.040711","126.818964","naver","기타 수리서비스","고유가 피해지원금","061)333-9188","121285575"
"국립나주병원","산포면","전라남도 나주시 산포면 세남로 1328-31","35.009195","126.825773","naver","일반.치과.한방병원","고유가 피해지원금","061)350-4115","11258892"
"세남주차장","산포면","전남 나주시 산포면","35.02734","126.811779","dong","주차장","고유가 피해지원금","","110710861"
"신 산포홍어","산포면","전남 나주시 산포면","35.031276","126.807124","dong","농.수.축산물점","고유가 피해지원금","061)337-1493","113026178"
"(주)더드림","산포면","전라남도 나주시 황동3길 50-38","35.011734","126.776255","naver","농.수.축산물점","고유가 피해지원금","","110145333"
"(주)이아이에프 농업회사법인","산포면","전남 나주시 산포면","35.030222","126.811434","dong","농.수.축산물점","고유가 피해지원금","","120970056"
"(재)전라남도국제농업박람회조직위원회","산포면","전남 나주시 산포면","35.028912","126.805427","dong","공연장/전시장","고유가 피해지원금","061)330-2653","63589188"
"체험나라","산포면","전남 나주시 산포면","35.025811","126.810756","dong","기타 레저업소","고유가 피해지원금","","108428175"
"한우나주곰탕","산포면","전라남도 나주시 예향로 3781","34.993127","126.710421","naver","한식","고유가 피해지원금","061)331-8759","14883365"
"(주)대광파츠","산포면","전라남도 나주시 산포면 금와길 1","35.042973","126.819373","naver","기타 수리서비스","고유가 피해지원금","061)336-3688","119738266"
"대광농기계","산포면","전라남도 나주시 산포면 산남로 51","35.042672","126.819322","naver","기타 수리서비스","고유가 피해지원금","062)603-3689","59789195"
"백제농자재철강","산포면","전남 나주시 산포면","35.030614","126.806177","dong","농어업용품","고유가 피해지원금","","100617238"
"한국도예통상(한국도예)","산포면","전라남도 나주시 금천면 영산로 5962-1","35.036096","126.7802","naver","화원","고유가 피해지원금","061)337-3599","30705376"
"누나뷔페","산포면","전남 나주시 산포면","35.031112","126.810686","dong","한식","고유가 피해지원금","061)337-0107","25215965"
"오오시오","산포면","전라남도 나주시 산포면 등정덕례길 17","35.043993","126.818797","naver","한식","고유가 피해지원금","061)335-5515","119738630"
"금화","산포면","전라남도 나주시 산포면 등정덕례길 19","35.044104","126.818499","naver","슈퍼마켓","고유가 피해지원금","061)937-1516","118313597"
"(주)현대남부서비스","산포면","전라남도 나주시 산포면 산남로 66 나주산포현대상용서비스","35.04267","126.821244","naver","차량 정비/부품/인테리어","고유가 피해지원금","061)337-0500","90522050"
"놀다가사회적협동조합","산포면","전남 나주시 산포면","35.02535","126.80718","dong","기술/사무/가정계학원","고유가 피해지원금","","118240813"
"놀다가(NOLDAGA)","산포면","전라남도 나주시 산포면 산남로 76","35.0432","126.821991","naver","커피/음료전문점","고유가 피해지원금","","118213321"
"엘림화목보일러and벽난로","산포면","전남 나주시 산포면","35.029644","126.805503","dong","철물점","고유가 피해지원금","061)337-0153","109901514"
"대신산업","산포면","전라남도 나주시 산포면 산남로 77","35.043696","126.821763","naver","보안경비시스템","고유가 피해지원금","061)334-0369","45757313"
"삼성철강주식회사","산포면","전라남도 나주시 산포면 산남로 73-7","35.043847","126.82121","naver","건축자재","고유가 피해지원금","061)334-1732","94838838"
"진성아그로(친환경원예)","산포면","전라남도 나주시 산포면 등정리 549-4","35.046419","126.818542","naver","농어업용품","고유가 피해지원금","061)337-7060","23513366"
"옛날식화덕구이삼겹살","산포면","전라남도 나주시 산포면 산남로 78-6","35.043424","126.822922","naver","한식","고유가 피해지원금","061)336-5392","65626747"
"성도기업","산포면","전라남도 나주시 산포면 산남로 73-12","35.044069","126.821825","naver","기계류 건축설비","고유가 피해지원금","061)333-8512","99208255"
"영산강주유소","산포면","전라남도 나주시 산포면 산남로 81 현대오일뱅크혁신주유소","35.043931","126.822365","naver","주유소","고유가 피해지원금","061)337-5930","43311353"
"베리개발연구원","산포면","전남 나주시 산포면","35.030696","126.811309","dong","화원","고유가 피해지원금","061)334-1489","77819524"
"비토애럭셔리글램핑나주점","산포면","전라남도 나주시 산포면 산남로 67-47 비토애 럭셔리글램핑 나주점","35.046687","126.819509","naver","기타숙박업","고유가 피해지원금","","108678991"
"(주)런웨이","산포면","전라남도 나주시 산포면 등정리 911-9 RUN WAY CAMPING&BBQ","35.045167","126.819132","naver","일반잡화판매점","고유가 피해지원금","","111882629"
"풍차가든","산포면","전남 나주시 산포면","35.031901","126.80846","dong","한식","고유가 피해지원금","061)337-3451","18193480"
"새콤달콤농장","산포면","전남 나주시 산포면","35.025656","126.806489","dong","농.수.축산물점","고유가 피해지원금","","117336619"
"첨단돌솥감자탕 산포본점","산포면","전라남도 나주시 산포면 산남로 96 1층","35.044159","126.824251","naver","한식","고유가 피해지원금","061)100-1000","100484551"
"농업회사법인 주식회사 천리팜","산포면","전남 나주시 산포면","35.030362","126.80575","dong","농.수.축산물점","고유가 피해지원금","061)336-6108","112303949"
"에프앤에스 주식회사","산포면","전남 나주시 산포면","35.024959","126.809535","dong","기계류 건축설비","고유가 피해지원금","061)333-1315","113229771"
"농업회사법인유한회사다온누리","산포면","전남 나주시 산포면","35.031515","126.810395","dong","기타 식품","고유가 피해지원금","","116495868"
"강변나루터","산포면","전라남도 나주시 산포면 내촌길 16 강변나루터","35.050168","126.815606","naver","한식","고유가 피해지원금","062)374-4596","23593630"
"나주태경농원","산포면","전라남도 나주시 산포면 등정덕례길 265","35.053243","126.798428","naver","농.수.축산물점","고유가 피해지원금","","100519317"
"제일공예사","산포면","전라남도 나주시 산포면 산남로 78-48","35.043675","126.827244","naver","표구사","고유가 피해지원금","062)337-7212","109741541"
"대한윤활유","산포면","전남 나주시 산포면","35.025003","126.807542","dong","연탄 및 유류판매점","고유가 피해지원금","061)337-5156","54209156"
"산포농협 덕례지점 하나로마트","산포면","전남 나주시 산포면","35.030134","126.811838","dong","농.수.축협직판장","고유가 피해지원금","061)373-0766","121684232"
"삼성자동차운전전문학원","산포면","전라남도 나주시 산포면 산남로 131 삼성자동차운전학원","35.04554","126.827517","naver","자동차학원","고유가 피해지원금","061)337-6663","64100001"
"향단이포차","산포면","전남 나주시 산포면","35.025402","126.810701","dong","한식","고유가 피해지원금","","120720641"
"(주)예담활주로장례식장","산포면","전라남도 나주시 산포면 등정리 936-9","35.045942","126.827945","naver","장의서비스/제수용품","고유가 피해지원금","061)332-4441","82768927"
"활주로 밧데리","산포면","전라남도 나주시 산포면 산남로 137 101호","35.04557","126.827918","naver","차량 정비/부품/인테리어","고유가 피해지원금","061)333-8242","122074328"
"(주)에코원엔지니어링","산포면","전남 나주시 산포면","35.02817","126.812318","dong","기계류 건축설비","고유가 피해지원금","","121107414"
"유샘씽크","산포면","전남 나주시 산포면","35.031026","126.806164","dong","주택/건설","고유가 피해지원금","061)332-2244","118088981"
"대성원예","산포면","전라남도 나주시 남평읍 남평1로 17","35.046786","126.83962","naver","농어업용품","고유가 피해지원금","061)333-8990","26378932"
"한솔씽크","산포면","전라남도 나주시 산포면 산남로 153-7","35.046123","126.82977","naver","일반가구점","고유가 피해지원금","061)332-2759","87630761"
"영산강프러그육묘장","산포면","전라남도 나주시 산포면 덕례덕림길 28-9","35.057111","126.798204","naver","농어업용품","고유가 피해지원금","061)374-1421","44887346"
"광일유통영농조합법인","산포면","전남 나주시 산포면","35.026235","126.811661","dong","농.수.축산물점","고유가 피해지원금","061)263-8793","80321288"
"레인농원","산포면","전남 나주시 산포면","35.032011","126.80796","dong","농.수.축산물점","고유가 피해지원금","062)374-9072","103513834"
"55번상회","삼도동","전남 나주시 삼도동","35.030182","126.730929","dong","농.수.축산물점","고유가 피해지원금","061)333-5930","50116736"
"영웅FC","삼도동","전라남도 나주시 삼도길 82-117","35.032459","126.731436","naver","레포츠클럽","고유가 피해지원금","061)332-3853","87866731"
"카페 더뷰","삼도동","전라남도 나주시 영산강변로 510 2층","35.037187","126.732158","naver","커피/음료전문점","고유가 피해지원금","","114659036"
"인성에너지","삼도동","전남 나주시 삼도동","35.029362","126.730484","dong","주유소","고유가 피해지원금","061)336-1936","111931243"
"나주묘업남문석재","삼도동","전남 나주시 삼도동","35.028921","126.732613","dong","건축자재","고유가 피해지원금","061)333-1010","99529486"
"유한회사 하남철강","삼도동","전남 나주시 삼도동","35.030757","126.731285","dong","건축자재","고유가 피해지원금","061)333-1170","80488583"
"푸른농원","삼도동","전라남도 나주시","34.994892","126.755698","naver","화원","고유가 피해지원금","","96263059"
"한오백년 추어탕 나주점","삼도동","전라남도 나주시 청동길 22","35.036214","126.725836","naver","한식","고유가 피해지원금","","120097427"
"나주제일농약마트","삼도동","전라남도 나주시 동점문길 33","35.035441","126.724957","naver","농어업용품","고유가 피해지원금","061)333-7841","92029501"
"나주원협88호","삼도동","전남 나주시 삼도동","35.028297","126.732199","dong","농.수.축산물점","고유가 피해지원금","061)333-1868","28388471"
"7번청과","삼도동","전라남도 나주시 청동길 32","35.037995","126.724694","naver","농.수.축산물점","고유가 피해지원금","061)334-6076","40290718"
"80번","삼도동","전라남도 나주시 청동길 32-1","35.03795","126.726065","naver","농.수.축산물점","고유가 피해지원금|온누리","061)332-9121","44555758"
"3번상회","삼도동","전라남도 나주시 청동길 32","35.037995","126.724694","naver","농.수.축산물점","고유가 피해지원금","061)332-8861","20152869"
"7번청과","삼도동","전라남도 나주시 청동길 32","35.037995","126.724694","naver","농.수.축산물점","고유가 피해지원금","061)334-6076","102814318"
"나주원협15호","삼도동","전남 나주시 삼도동","35.028022","126.731408","dong","농.수.축산물점","고유가 피해지원금","061)334-6010","16808972"
"선영청과","삼도동","전라남도 나주시 청동길 32","35.037995","126.724694","naver","농.수.축산물점","고유가 피해지원금","061)332-7713","48480740"
"우리밀참좋은칼국수","삼도동","전라남도 나주시 죽림길 118","35.035506","126.723975","naver","한식","고유가 피해지원금","061)335-9994","94476250"
"55 번상회","삼도동","전남 나주시 삼도동","35.028409","126.732765","dong","농.수.축산물점","고유가 피해지원금","061)337-3304","96415697"
"8번상회","삼도동","전남 나주시 삼도동","35.031218","126.73153","dong","농.수.축산물점","고유가 피해지원금","061)332-1877","73513388"
"원협31번상회","삼도동","전남 나주시 삼도동","35.028268","126.730528","dong","농.수.축산물점","고유가 피해지원금","061)334-5115","96345497"
"딸부자집청과","삼도동","전라남도 나주시 청동길 32","35.037995","126.724694","naver","농.수.축산물점","고유가 피해지원금","061)332-0347","69536858"
"선희청과","삼도동","전남 나주시 삼도동","35.03055","126.730185","dong","농.수.축산물점","고유가 피해지원금","061)334-2365","63518222"
"2번상회","삼도동","전라남도 나주시 청동길 32","35.037995","126.724694","naver","농.수.축산물점","고유가 피해지원금","061)333-5930","75715736"
"육십사호","삼도동","전남 나주시 삼도동","35.031103","126.732491","dong","농.수.축산물점","고유가 피해지원금","061)332-1164","78327541"
"나주원협 15호","삼도동","전남 나주시 삼도동","35.029014","126.729892","dong","농.수.축산물점","고유가 피해지원금","061)333-2064","92836255"
"나주원협  25호","삼도동","전라남도 나주시 청동길 32 나주원협","35.037995","126.724694","naver","농.수.축산물점","고유가 피해지원금","061)333-1127","63188101"
"22번상회","삼도동","전남 나주시 삼도동","35.031261","126.730895","dong","농.수.축산물점","고유가 피해지원금","061)332-2289","39563084"
"5번상회","삼도동","전라남도 나주시 청동길 32","35.037995","126.724694","naver","농.수.축산물점","고유가 피해지원금","061)333-7244","51472299"
"원푸드","삼도동","전라남도 나주시 청동길 31","35.038235","126.724476","naver","정육점","고유가 피해지원금","","113370864"
"나주상회","삼도동","전라남도 나주시 청동길 32","35.037995","126.724694","naver","주방 및 가정용품점","고유가 피해지원금|전통시장","061)337-7750","100877134"
"절굿대 story","삼도동","전라남도 나주시 청동길 14","35.036249","126.72376","naver","커피/음료전문점","고유가 피해지원금|온누리|전통시장","061)332-7942","98923661"
"나주원협15호직판장","삼도동","전남 나주시 삼도동","35.031477","126.731936","dong","농.수.축산물점","고유가 피해지원금|온누리|전통시장","061)333-2064","117410249"
"진영씨푸드","삼도동","전남 나주시 삼도동","35.028359","126.730054","dong","농.수.축산물점","고유가 피해지원금|온누리|전통시장","","117265103"
"양지식육점","삼도동","전라남도 나주시 청동길 14","35.036289","126.723752","naver","정육점","고유가 피해지원금|온누리|전통시장","061)332-4760","36362791"
"성우식품","삼도동","전남 나주시 삼도동","35.03103","126.730248","dong","농.수.축산물점","고유가 피해지원금|온누리|전통시장","","119247226"
"팥꽃 단팥죽","삼도동","전라남도 나주시 청동길 14","35.036289","126.723752","naver","휴게음식점","고유가 피해지원금|온누리|전통시장","061)333-8107","84264083"
"히트 (HIT)","삼도동","전라남도 나주시 청동길 14 나주목사고을 히트","35.036706","126.724511","naver","한식","고유가 피해지원금|온누리|전통시장","061)333-6295","84882334"
"이다상회","삼도동","전남 나주시 삼도동","35.029371","126.72956","dong","농.수.축산물점","고유가 피해지원금|전통시장","","108581293"
"노안식당","삼도동","전라남도 나주시 금성관길 1-3","35.031503","126.716526","naver","한식","고유가 피해지원금|온누리|전통시장","","105347571"
"루문식당","삼도동","전남 나주시 삼도동","35.031619","126.731233","dong","기타 식품","고유가 피해지원금|온누리|전통시장","","102121660"
"농업회사법인 나주애인(주)","삼도동","전남 나주시 삼도동","35.027776","126.730484","dong","정육점","고유가 피해지원금|온누리","061)334-7333","97079760"
"비단골떡방앗간","삼도동","전라남도 나주시 성북2길 13","35.035208","126.720488","naver","미곡상","고유가 피해지원금","061)333-0838","62424504"
"웰빙시대","삼도동","전남 나주시 삼도동","35.030539","126.729701","dong","농.수.축산물점","고유가 피해지원금|온누리|전통시장","061)332-9433","62437217"
"목사골참기름","삼도동","전남 나주시 삼도동","35.027536","126.732358","dong","미곡상","고유가 피해지원금|온누리|전통시장","061)332-8961","62380809"
"유정식품","삼도동","전남 나주시 삼도동","35.031576","126.732427","dong","기타 식품","고유가 피해지원금|온누리|전통시장","","120215748"
"나영상회","삼도동","전남 나주시 삼도동","35.028622","126.729626","dong","기성복점","고유가 피해지원금|전통시장","061)334-1431","106463986"
"귀빈국밥집","삼도동","전라남도 나주시 청동길 14","35.036576","126.724334","naver","한식","고유가 피해지원금|온누리|전통시장","","110806216"
"현주상회","삼도동","전남 나주시 삼도동","35.03148","126.730482","dong","농.수.축산물점","고유가 피해지원금|온누리|전통시장","061)332-2244","115471112"
"절굿대떡옥","삼도동","전라남도 나주시 청동길 14 매일동 A36호","35.036289","126.723752","naver","제과점/아이스크림점","고유가 피해지원금|온누리|전통시장","061)336-6969","84636387"
"밥묵자","삼도동","전라남도 나주시 청동길 14 C1호","35.036289","126.723752","naver","한식","고유가 피해지원금|온누리|전통시장","061)332-2235","114356883"
"야채마을","삼도동","전라남도 나주시 청동길 14 나주목사고을 야채마을","35.036249","126.72376","naver","농.수.축산물점","고유가 피해지원금|온누리|전통시장","061)335-0020","62424690"
"신귀족","삼도동","전라남도 나주시 청동길 14","35.036415","126.724247","naver","한식","고유가 피해지원금|온누리|전통시장","061)336-3838","82832134"
"목사고을 시장식육점","삼도동","전라남도 나주시 청동길 14","35.036289","126.723752","naver","정육점","고유가 피해지원금|온누리|전통시장","061)333-2209","91283049"
"대성식품","삼도동","전라남도 나주시 청동길 14","35.036289","126.723752","naver","기타 식품","고유가 피해지원금|온누리|전통시장","061)361-7797","75390406"
"목사골오리탕","삼도동","전라남도 나주시 청동길 14 B4호","35.036265","126.723772","naver","한식","고유가 피해지원금|온누리|전통시장","061)336-5295","73971735"
"나룻터장어","삼도동","전라남도 나주시 청동길 14","35.037281","126.723862","naver","한식","고유가 피해지원금|온누리|전통시장","061)335-9101","93959816"
"목포어물상회","삼도동","전남 나주시 삼도동","35.027223","126.731933","dong","농.수.축산물점","고유가 피해지원금|온누리|전통시장","061)456-7578","96608050"
"목사골오리","삼도동","전라남도 나주시 청동길 14 B4호","35.036265","126.723772","naver","농.수.축산물점","고유가 피해지원금|온누리|전통시장","061)333-5246","62380591"
"길가네나주곰탕","삼도동","전라남도 나주시 청동길 14 목사고을시장","35.037081","126.723772","naver","한식","고유가 피해지원금|온누리|전통시장","061)375-5500","108096808"
"시골식육점","삼도동","전남 나주시 삼도동","35.028376","126.733699","dong","정육점","고유가 피해지원금|온누리|전통시장","","106510566"
"농업회사법인 나주애인(주)","삼도동","전남 나주시 삼도동","35.031861","126.730861","dong","정육점","고유가 피해지원금|온누리","061)334-7333","113656673"
"나주커튼","삼도동","전라남도 나주시 나주로 75","35.025637","126.716404","naver","침구/커튼/카펫트점","고유가 피해지원금|온누리|전통시장","061)332-1558","100729246"
"대성수입육마트","삼도동","전라남도 나주시 청동길 14 대성수입육마트","35.036289","126.723752","naver","정육점","고유가 피해지원금|온누리|전통시장","061)333-9402","19318980"
"유진수산","삼도동","전라남도 나주시 청동길 14 유진수산","35.036289","126.723752","naver","기타 식품","고유가 피해지원금|온누리|전통시장","","105145093"
"우현수산물","삼도동","전라남도 나주시 청동길 14","35.036289","126.723752","naver","농.수.축산물점","고유가 피해지원금|온누리|전통시장","061)331-4207","62424730"
"형제족발","삼도동","전남 나주시 삼도동","35.031969","126.732229","dong","한식","고유가 피해지원금|온누리|전통시장","","119369755"
"참조은마트","삼도동","전라남도 나주시 청동길 14 나주목사고을시장 참조은마트","35.036289","126.723752","naver","슈퍼마켓","고유가 피해지원금|온누리|전통시장","061)952-4603","62199887"
"창희나물","삼도동","전라남도 나주시 청동길 14 나주목사고을 창희나물","35.036249","126.72376","naver","농.수.축산물점","고유가 피해지원금|온누리|전통시장","061)333-3033","62437161"
"배꽃마을","삼도동","전라남도 나주시 다시면 다시로 192","35.017114","126.638398","naver","한식","고유가 피해지원금|온누리|전통시장","061)334-6556","95503369"
"한양식품","삼도동","전라남도 나주시 청동길 14","35.036249","126.72376","naver","농.수.축산물점","고유가 피해지원금|온누리|전통시장","061)334-0702","63229672"
"목사고을 튀김","삼도동","전라남도 나주시 청동길 14 매일동 A4","35.036289","126.723752","naver","휴게음식점","고유가 피해지원금|온누리|전통시장","061)331-7502","86539451"
"황보네 튀김","삼도동","전남 나주시 삼도동","35.029536","126.72904","dong","휴게음식점","고유가 피해지원금|온누리|전통시장","","104158913"
"대박수산","삼도동","전남 나주시 삼도동","35.027837","126.733526","dong","농.수.축산물점","고유가 피해지원금|온누리|전통시장","","119369421"
"해룡상회","삼도동","전남 나주시 삼도동","35.032141","126.731355","dong","농.수.축산물점","고유가 피해지원금|전통시장","","119253093"
"나주파크골프 총판점","삼도동","전남 나주시 삼도동","35.027478","126.730042","dong","레저용품점","고유가 피해지원금|온누리|전통시장","","110191953"
"동창상회","삼도동","전남 나주시 삼도동","35.030042","126.73418","dong","농.수.축산물점","고유가 피해지원금|온누리|전통시장","061)331-5037","82540545"
"목사골 핫도그","삼도동","전남 나주시 삼도동","35.030951","126.729374","dong","휴게음식점","고유가 피해지원금|온누리|전통시장","062)369-4578","103293181"
"경덕상회","삼도동","전남 나주시 삼도동","35.027015","126.732318","dong","농.수.축산물점","고유가 피해지원금|온누리|전통시장","061)331-7797","81650728"
"대호상회","삼도동","전남 나주시 삼도동","35.031929","126.732808","dong","기타 식품","고유가 피해지원금|온누리|전통시장","061)332-2244","119195672"
"정다운식품","삼도동","전라남도 나주시 골모실길 32","34.999511","126.715604","naver","농.수.축산물점","고유가 피해지원금|온누리|전통시장","070)7314-3579","116154592"
"봉황건어물","삼도동","전남 나주시 삼도동","35.028563","126.734094","dong","농.수.축산물점","고유가 피해지원금|온누리|전통시장","","97001170"
"자연속으로","삼도동","전라남도 나주시 청동길 14 A3호","35.036289","126.723752","naver","정육점","고유가 피해지원금|온누리|전통시장","061)332-2244","119705104"
"경정식품","삼도동","전남 나주시 삼도동","35.026973","126.730823","dong","기타 식품","고유가 피해지원금|온누리|전통시장","","119771856"
"길가네나주곰탕푸드","삼도동","전남 나주시 삼도동","35.030946","126.733944","dong","용역서비스업","고유가 피해지원금|전통시장","061)334-2936","68358431"
"재기상회","삼도동","전남 나주시 삼도동","35.030121","126.728937","dong","양품점","고유가 피해지원금|온누리|전통시장","061)333-6052","95334221"
"풍년식당","삼도동","전라남도 나주시 노안면 학산길 70-10 삼삼가든","35.059964","126.742865","naver","일반음식점 기타","고유가 피해지원금|전통시장","","109435696"
"데일리덕","삼도동","전남 나주시 삼도동","35.032294","126.731934","dong","정육점","고유가 피해지원금|온누리|전통시장","061)332-2244","117025679"
"야끼야끼수제생돈까스 나주목사고을점","삼도동","전라남도 나주시 청동길 14","35.036289","126.723752","naver","휴게음식점","고유가 피해지원금|온누리","061)332-7322","114123259"
"원일청과","삼도동","전남 나주시 삼도동","35.029473","126.734381","dong","농.수.축산물점","고유가 피해지원금|온누리|전통시장","","118068393"
"민혁채소","삼도동","전남 나주시 삼도동","35.031508","126.729612","dong","농.수.축산물점","고유가 피해지원금|온누리|전통시장","061)375-5500","121252563"
"나주목사골 낙영수산","삼도동","전남 나주시 삼도동","35.026767","126.731763","dong","농.수.축산물점","고유가 피해지원금|온누리|전통시장","","119279521"
"문정","삼도동","전라남도 나주시 청동길 14 19호 문정국밥","35.037168","126.723902","naver","한식","고유가 피해지원금|온누리|전통시장","061)332-2244","111799962"
"나주 식물병원","삼도동","전라남도 나주시 청동길 25","35.037933","126.724052","naver","농어업용품","고유가 피해지원금","061)390-1615","100163182"
"풍농비료","삼도동","전라남도 나주시 청동길 7","35.036442","126.723152","naver","농어업용품","고유가 피해지원금","061)332-8338","102959407"
"소통동물병원","삼도동","전라남도 나주시 청동길 7","35.036558","126.723143","naver","동물병원","고유가 피해지원금","061)334-3505","9073551"
"비료종합상사","삼도동","전남 나주시 삼도동","35.02707","126.730211","dong","농어업용품","고유가 피해지원금","061)332-8338","20230468"
"도림양묘","삼도동","전남 나주시 삼도동","35.030459","126.73433","dong","농.수.축산물점","고유가 피해지원금","","118466626"
"금성농원","삼도동","전라남도 나주시 청동길 21-4 금성농원","35.037955","126.723538","naver","화원","고유가 피해지원금","061)333-8898","50332923"
"성진상회","삼도동","전라남도 나주시 함박산길 46-2","35.041671","126.723662","naver","농.수.축산물점","고유가 피해지원금|온누리|전통시장","","97617420"
"시종수산","삼도동","전남 나주시 삼도동","35.032299","126.732562","dong","농.수.축산물점","고유가 피해지원금|전통시장","061)472-4945","122097811"
"모아먹거리","삼도동","전남 나주시 삼도동","35.028182","126.729044","dong","휴게음식점","고유가 피해지원금|온누리|전통시장","","122071704"
"참맛김치","삼도동","전라남도 나주시 청동길 14 목사고을시장","35.036304","126.723799","naver","기타 식품","고유가 피해지원금|온누리|전통시장","061)332-5738","52842476"
"서민촌","삼도동","전라남도 나주시 청동길 9","35.036686","126.72305","naver","한식","고유가 피해지원금","061)332-3344","51980357"
"신흥건재","삼도동","전라남도 나주시 청동길 23","35.037811","126.723919","naver","기계류 건축설비","고유가 피해지원금","061)322-2800","44555080"
"유성패키지","삼도동","전남 나주시 삼도동","35.031393","126.733925","dong","건축자재","고유가 피해지원금","061)333-8639","72522934"
"투벤(To.ven)","삼도동","전라남도 나주시 함박산길 11","35.040362","126.721779","naver","제과점/아이스크림점","고유가 피해지원금","061)371-3470","105791606"
"들풀카페","삼도동","전남 나주시 삼도동","35.027396","126.733649","dong","휴게음식점","고유가 피해지원금","061)333-2089","79286549"
"포들링","삼영동","전남 나주시 삼영동","35.007269","126.703315","dong","문방구점","고유가 피해지원금","","122123512"
"아트의류","삼영동","전남 나주시 삼영동","35.005641","126.704081","dong","기타 의류","고유가 피해지원금","061)332-9835","38530033"
"우성이벤트","삼영동","전라남도 나주시 남부원길 3 301동 1001호","35.00842","126.712217","naver","이벤트업","고유가 피해지원금","","121344181"
"크로바미용실","삼영동","전라남도 나주시 영강길 23","35.006997","126.712174","naver","미용원","고유가 피해지원금","061)332-5408","27364832"
"예운건설주식회사","삼영동","전남 나주시 삼영동","35.006008","126.704999","dong","건축자재","고유가 피해지원금","061)335-1424","118773246"
"미소정헤어#","삼영동","전라남도 나주시 영강길 15","35.006599","126.711586","naver","미용원","고유가 피해지원금","061)332-1712","100910301"
"삼영농자재","삼영동","전라남도 나주시 예향로 3958","35.006687","126.711053","naver","지물 및 천막","고유가 피해지원금","061)333-8908","14265217"
"별 마켓","삼영동","전라남도 나주시 영강길 12 신광서점문구","35.006103","126.711158","naver","일반잡화판매점","고유가 피해지원금","061)333-7850","88635371"
"김신영피아노","삼영동","전라남도 나주시 영강길 14-4","35.006021","126.711483","naver","예체능계학원","고유가 피해지원금","061)334-5747","72992943"
"동양수산","삼영동","전남 나주시 삼영동","35.005384","126.704585","dong","농.수.축산물점","고유가 피해지원금|온누리|전통시장","061)332-5839","77768819"
"브이스틸","삼영동","전라남도 나주시 영산포로 293-1","35.006208","126.709778","naver","건축자재","고유가 피해지원금","061)334-0403","53310534"
"신화에너지","삼영동","전라남도 나주시 영산포로 293","35.006033","126.709901","naver","기계류 건축설비","고유가 피해지원금","061)333-0364","98943021"
"벌꿀호텔","삼영동","전라남도 나주시 영산포로 293","35.006033","126.709901","naver","기타숙박업","고유가 피해지원금","061)333-0363","46748809"
"벌꿀호텔","삼영동","전라남도 나주시 영산포로 293","35.006033","126.709901","naver","기타숙박업","고유가 피해지원금","061)333-0363","121570496"
"25시해장국","삼영동","전라남도 나주시 영산포로 273","35.005003","126.708392","naver","한식","고유가 피해지원금","061)334-5090","18364707"
"주원공인중개사사무소","삼영동","전라남도 나주시 영산포로 285 1층 1호","35.005541","126.709761","naver","부동산 중개업","고유가 피해지원금","","121260555"
"그곳","삼영동","전라남도 나주시 영산포로 283","35.005557","126.7096","naver","한식","고유가 피해지원금","061)333-1953","90351442"
"성훈농장","삼영동","전남 나주시 삼영동","35.005496","126.705151","dong","농.수.축산물점","고유가 피해지원금","061)332-2244","115764455"
"남바루 중화요리","삼영동","전라남도 나주시 영산포로 284 1층","35.005194","126.709577","naver","중식","고유가 피해지원금","","117619067"
"태창지업사","삼영동","전라남도 나주시 풍물시장2길 43-1","34.994451","126.709443","naver","지물 및 천막","고유가 피해지원금","061)332-5712","45502152"
"아이지인더스","삼영동","전남 나주시 삼영동","35.006876","126.705686","dong","컴퓨터기기","고유가 피해지원금","062)385-2885","112473692"
"코리아카","삼영동","전라남도 나주시 삼영1길 24","35.003323","126.705394","naver","차량 정비/부품/인테리어","고유가 피해지원금","061)334-5043","17239590"
"대지식당","삼영동","전라남도 나주시 삼영2길 9 대지회관","35.004498","126.708971","naver","한식","고유가 피해지원금","061)334-3683","28716093"
"남포회관","삼영동","전라남도 나주시 영산포로 276","35.004861","126.70877","naver","한식","고유가 피해지원금","061)334-1175","56705077"
"역전떡방아간","삼영동","전남 나주시 삼영동","35.006101","126.702278","dong","미곡상","고유가 피해지원금","061)334-3651","72627673"
"동네방네석유판매소","삼영동","전라남도 나주시 영산포로 270","35.004621","126.708517","naver","연탄 및 유류판매점","고유가 피해지원금","061)333-8268","55841846"
"한라중장비","삼영동","전남 나주시 삼영동","35.008348","126.703281","dong","기계 및 장비임대업","고유가 피해지원금","","115802458"
"대님의류","삼영동","전라남도 나주시 영산포로 271","35.004947","126.70823","naver","기성복점","고유가 피해지원금","061)334-2467","57941095"
"금강장여관","삼영동","전라남도 나주시 삼영2길 6","35.003982","126.708353","naver","기타숙박업","고유가 피해지원금","061)334-3447","105844949"
"카페 블루포트나주영산포점","삼영동","전라남도 나주시 영산포로 252 1, 2층","35.003489","126.708274","naver","커피/음료전문점","고유가 피해지원금","","112283123"
"부림","삼영동","전라남도 나주시 영산포로 258","35.004073","126.707988","naver","일반음식점 기타","고유가 피해지원금","061)334-0855","62476689"
"혁신렉카","삼영동","전라남도 나주시 동점문길 19-4 19-5","35.035137","126.723384","naver","차량견인업","고유가 피해지원금","061)334-0049","84696951"
"삼영식육식당","삼영동","전라남도 나주시 영산포로 262","35.004397","126.707915","naver","일식/생선회집","고유가 피해지원금","061)331-4477","99245130"
"송죽회관","삼영동","전라남도 나주시 영산포로 262","35.004464","126.707872","naver","한식","고유가 피해지원금","061)334-2694","78208667"
"아이스365 부영점","삼영동","전라남도 나주시 영산포로 263-4 아이스크림할인점","35.004781","126.707605","naver","일반잡화판매점","고유가 피해지원금","","101127968"
"콩쥐식당","삼영동","전남 나주시 삼영동","35.004628","126.704003","dong","한식","고유가 피해지원금","","108716549"
"나주영신","삼영동","전라남도 나주시 풍물시장1길 26","34.994332","126.708238","naver","기성복점","고유가 피해지원금","061)332-2244","102384858"
"연아불교용품","삼영동","전라남도 나주시 영산포로 261-1 1층 연아불교용품","35.004391","126.707508","naver","기성복점","고유가 피해지원금","061)334-0088","56024091"
"옛날시골통닭","삼영동","전라남도 나주시 나주로 83-12","35.02634","126.715675","naver","일반음식점 기타","고유가 피해지원금","061)331-0322","80025578"
"이십삼점오(23.5)","삼영동","전라남도 나주시 영산포로 257-1 1층","35.004101","126.707698","naver","커피/음료전문점","고유가 피해지원금","","110208523"
"수다방","삼영동","전남 나주시 삼영동","35.004863","126.70287","dong","커피/음료전문점","고유가 피해지원금","061)626-7779","120631182"
"세븐일레븐 나주부영점","삼영동","전라남도 나주시 영산포로 263","35.004483","126.707513","naver","편의점","고유가 피해지원금","02)1577-0711","121386431"
"카페정감","삼영동","전라남도 나주시 영산포로 263-5 카페정감(철도공원 앞)","35.004844","126.707294","naver","커피/음료전문점","고유가 피해지원금","061)332-2621","98603660"
"등대모텔","삼영동","전라남도 나주시 삼영1길 5","35.003444","126.707237","naver","기타숙박업","고유가 피해지원금","","91231361"
"한남식당","삼영동","전라남도 나주시 영산포로 263-1","35.004665","126.70739","naver","한식","고유가 피해지원금","061)334-3720","47541125"
"한국수기아카데미연구소","삼영동","전남 나주시 삼영동","35.005709","126.702012","dong","피부미용원","고유가 피해지원금","","95546310"
"묵찌","삼영동","전라남도 나주시 삼영1길 20-21","35.004481","126.706877","naver","한식","고유가 피해지원금","061)337-9100","90882826"
"삼아상사","삼영동","전라남도 나주시 삼영1길 10-8","35.004183","126.706745","naver","차량 정비/부품/인테리어","고유가 피해지원금","061)336-0074","29235971"
"점방","삼영동","전라남도 나주시 내영산2길 49","35.007732","126.705336","naver","일반잡화판매점","고유가 피해지원금","061)333-2696","99688658"
"(주) 영산포상사","삼영동","전라남도 나주시 삼영1길 22-1","35.003291","126.705503","naver","차량 정비/부품/인테리어","고유가 피해지원금","061)333-4092","70058480"
"영산포자동차공업사","삼영동","전라남도 나주시 삼영1길 23 영산포자동차정비","35.003132","126.70546","naver","차량 정비/부품/인테리어","고유가 피해지원금","061)334-0082","120540115"
"영산포자동차공업사","삼영동","전라남도 나주시 삼영1길 23 영산포자동차정비","35.003132","126.70546","naver","차량 정비/부품/인테리어","고유가 피해지원금","061)334-0082","28889111"
"영산포폐차장","삼영동","전남 나주시 삼영동","35.008948","126.704077","dong","기타 차량서비스","고유가 피해지원금","061)334-0077","56583904"
"나주자동차검사","삼영동","전라남도 나주시 금천면 영산로 5851 나주현대서비스","35.035184","126.767943","naver","차량 정비/부품/인테리어","고유가 피해지원금","061)333-3060","103234751"
"나주엔진","삼영동","전라남도 나주시 쌍산1길 47-3 1층","35.029319","126.79532","naver","차량 정비/부품/인테리어","고유가 피해지원금","061)333-9998","93245812"
"유한회사나주자동차공업사","삼영동","전남 나주시 삼영동","35.008143","126.702184","dong","차량 정비/부품/인테리어","고유가 피해지원금","061)332-3060","69062969"
"시험장사진관","삼영동","전라남도 나주시 내영산2길 31","35.006936","126.703231","naver","사진관","고유가 피해지원금","061)333-9049","92023130"
"나주 실내운전연습장","삼영동","전라남도 나주시 내영산2길 29","35.006586","126.702978","naver","자동차학원","고유가 피해지원금","","94678963"
"나주산업","삼영동","전라남도 나주시 문평면 명하길 33","35.085702","126.600232","naver","세탁소","고유가 피해지원금","061)333-1637","71312212"
"나주종합폐차장","삼영동","전라남도 나주시 산포면 산남로 66 1층","35.042442","126.821457","naver","차량 정비/부품/인테리어","고유가 피해지원금","061)332-8150","34841642"
"대한상사","삼영동","전라남도 나주시 삼영1길 45","35.002969","126.703097","naver","차량 정비/부품/인테리어","고유가 피해지원금","061)334-1189","80778518"
"지에스25 나주부영스타점","삼영동","전라남도 나주시 삼영1길 35-12 1층 (삼영동 331-3)","35.002593","126.702988","naver","편의점","고유가 피해지원금","","116084144"
"부영돌판구이","삼영동","전라남도 나주시 삼영1길 35-10","35.002633","126.703182","naver","한식","고유가 피해지원금","061)334-7892","80710455"
"BY 그린텍","삼영동","전남 나주시 삼영동","35.007469","126.701674","dong","기타 학습자재","고유가 피해지원금","","107791851"
"글마루","삼영동","전남 나주시 삼영동","35.004464","126.705154","dong","인쇄 및 광고","고유가 피해지원금","062)234-7384","117806879"
"아이스타운영산포부영점","삼영동","전라남도 나주시 삼영1길 61-2","35.002544","126.702339","naver","일반잡화판매점","고유가 피해지원금","","112692020"
"내마음의정원","삼영동","전라남도 나주시 삼영1길 61-2 상가동 109호","35.002544","126.702339","naver","커피/음료전문점","고유가 피해지원금","","121210818"
"진아  헤어살롱","삼영동","전남 나주시 삼영동","35.006234","126.706473","dong","미용원","고유가 피해지원금","070)7614-3579","106845538"
"후다닭","삼영동","전라남도 나주시 삼영1길 61","35.002423","126.702322","naver","일반음식점 기타","고유가 피해지원금","","122203231"
"부영마트","삼영동","전라남도 나주시 삼영1길 60","35.003688","126.701747","naver","주방 및 가정용품점","고유가 피해지원금","061)332-0599","82520881"
"보람상회","삼영동","전남 나주시 삼영동","35.008391","126.705859","dong","농.수.축산물점","고유가 피해지원금","","116056164"
"일구팔구상영동커피집","삼영동","전남 나주시 삼영동","35.006623","126.701426","dong","커피/음료전문점","고유가 피해지원금","061)335-2732","80927681"
"명인인테리어","삼영동","전남 나주시 삼영동","35.004924","126.705912","dong","주택/건설","고유가 피해지원금","061)337-2993","100249525"
"참주가유통","삼영동","전라남도 나주시 다도면 신촌2길 9","34.943024","126.8255","naver","주류판매점","고유가 피해지원금","061)334-3836","87825151"
"남양우유 영산포대리점","삼영동","전라남도 나주시 정량길 73","34.992627","126.694054","naver","농.수.축산물점","고유가 피해지원금","","106249274"
"세탁나눔방","삼영동","전라남도 나주시 삼영1길 61-2","35.002544","126.702339","naver","세탁소","고유가 피해지원금","061)333-2577","88592012"
"까꼬뽀꼬","삼영동","전라남도 나주시 삼영1길 61 상가동 109호","35.002475","126.7013","naver","미용원","고유가 피해지원금","","86374215"
"어영부영","삼영동","전남 나주시 삼영동","35.004102","126.704704","dong","한식","고유가 피해지원금","","118696981"
"코사마트","삼영동","전라남도 나주시 삼영1길 61-2","35.002638","126.702262","naver","일반잡화판매점","고유가 피해지원금","061)332-6744","39698920"
"밀레니엄 브리스","삼영동","전남 나주시 삼영동","35.005709","126.701496","dong","내의판매점","고유가 피해지원금","","109224071"
"내영(주)","삼영동","전라남도 나주시 내영산1길 18","35.005822","126.698759","naver","주택/건설","고유가 피해지원금","061)334-0048","102245991"
"부영노래방","삼영동","전라남도 나주시 삼영1길 61-2 부영상가","35.002505","126.702298","naver","노래방","고유가 피해지원금","061)333-6477","45846670"
"화니어린이집","삼영동","전라남도 나주시 내영산1길 11-29","35.004464","126.696294","naver","아이행복 어린이집","고유가 피해지원금","061)333-4281","60403861"
"전남장애인보호작업장","삼영동","전라남도 나주시 내영산1길 67","35.008315","126.695116","naver","인쇄 및 광고","고유가 피해지원금","061)332-1236","63251731"
"나주리퍼상사","삼영동","전라남도 나주시 구진포로 298","35.001038","126.694064","naver","양품점","고유가 피해지원금","070)7624-3579","119715429"
"나주곰탕사매기","서내동","전라남도 나주시 금성관길 31","35.033643","126.71536","naver","한식","고유가 피해지원금","061)333-8810","78385863"
"수미식당","서내동","전남 나주시 서내동","35.032216","126.714385","dong","한식","고유가 피해지원금","061)334-1390","44045062"
"진주플라워","서내동","전라남도 나주시 금남길 50 1층 진주플라워","35.032727","126.714675","naver","화원","고유가 피해지원금","","116717168"
"요술공주","서내동","전라남도 나주시 금남길 49","35.032699","126.714519","naver","기성복점","고유가 피해지원금","061)333-1247","50037308"
"바느달로","서내동","전라남도 나주시 서내길 6 1층","35.034204","126.714881","naver","양품점","고유가 피해지원금","","112695115"
"랄라쌀롱","서내동","전남 나주시 서내동","35.034419","126.713975","dong","서점","고유가 피해지원금","","111584385"
"골목청년","서내동","전남 나주시 서내동","35.032085","126.713706","dong","한식","고유가 피해지원금","070)7614-3579","88647377"
"하심헌","서내동","전라남도 나주시 금남길 64","35.034028","126.714637","naver","휴게음식점","고유가 피해지원금","061)332-2244","104370411"
"랄라쌀롱","서내동","전남 나주시 서내동","35.033742","126.71304","dong","양식","고유가 피해지원금","","111795987"
"오리촌","서내동","전라남도 나주시 금남길 59 곰바우","35.033575","126.714425","naver","한식","고유가 피해지원금","061)333-5229","64157212"
"다올","서내동","전라남도 나주시 금남길 55-1","35.033557","126.714237","naver","커피/음료전문점","고유가 피해지원금","","104335283"
"꽃다비","서내동","전라남도 나주시 향교길 14","35.033191","126.71406","naver","기타 식품","고유가 피해지원금","","106722610"
"오늘 여기","서내동","전남 나주시 서내동","35.032902","126.715755","dong","휴게음식점","고유가 피해지원금","","108473559"
"서문안","서내동","전라남도 나주시 향교길 21-1 서문안 한옥펜션","35.032844","126.713334","naver","기타숙박업","고유가 피해지원금","061)335-3003","101326929"
"향교길20","서내동","전남 나주시 서내동","35.031684","126.714098","dong","커피/음료전문점","고유가 피해지원금","","94562387"
"뜻밖의 행운","서내동","전라남도 나주시 향교길 20-7","35.033449","126.71308","naver","펜션/민박","고유가 피해지원금","061)332-2244","113963287"
"서문주막","서내동","전라남도 나주시 서성문길 30","35.033131","126.712948","naver","한식","고유가 피해지원금","","113472754"
"신원중기공업사","석현동","전남 나주시 석현동","35.053993","126.736651","dong","기타 수리서비스","고유가 피해지원금","02)287-9145","37059621"
"금성개발기획","석현동","전남 나주시 석현동","35.052365","126.737417","dong","인쇄 및 광고","고유가 피해지원금","061)333-5559","7731911"
"(주)세인전기","석현동","전남 나주시 석현동","35.05423","126.737987","dong","기계류 건축설비","고유가 피해지원금","062)573-3803","114598634"
"히타치건설기계","석현동","전라남도 나주시 건재로 351-40","35.055158","126.740349","naver","기계 및 장비임대업","고유가 피해지원금","062)955-0660","84111514"
"밀라노모텔","석현동","전남 나주시 석현동","35.052732","126.738335","dong","기타숙박업","고유가 피해지원금","061)332-3097","66264133"
"백궁각","석현동","전라남도 나주시 건재로 351-20","35.055232","126.739429","naver","기타숙박업","고유가 피해지원금","061)333-8588","15867051"
"금정에너지 주식회사","석현동","전남 나주시 석현동","35.052234","126.736738","dong","주유소","고유가 피해지원금","061)333-8008","117958022"
"동신이향건강원","석현동","전남 나주시 석현동","35.053826","126.738571","dong","건강식품점","고유가 피해지원금","","109373655"
"마로니에국밥","석현동","전남 나주시 석현동","35.053891","126.736072","dong","한식","고유가 피해지원금|온누리","061)753-8228","25017100"
"성원수산","석현동","전남 나주시 석현동","35.052108","126.737921","dong","농.수.축산물점","고유가 피해지원금","","95663731"
"(주)농업회사법인 만들평야","석현동","전라남도 나주시 건재로 278","35.052015","126.732406","naver","농.수.축산물점","고유가 피해지원금","","95889262"
"여기서 우리가","석현동","전남 나주시 석현동","35.052639","126.736064","dong","건강식품점","고유가 피해지원금","070)7164-3579","92921061"
"목아실ART","석현동","전남 나주시 석현동","35.053051","126.738787","dong","문화/취미 기타","고유가 피해지원금","","121563215"
"담찬농장","석현동","전남 나주시 석현동","35.054618","126.736453","dong","농.수.축산물점","고유가 피해지원금","061)333-3490","85860259"
"황제카자동차정비","성북동","전라남도 나주시 동점문길 25","35.035222","126.724089","naver","차량 정비/부품/인테리어","고유가 피해지원금","061)333-2762","8278452"
"SDS대륙","성북동","전라남도 나주시 동점문길 19-6","35.035277","126.723584","naver","농어업용품","고유가 피해지원금","061)337-5793","22639595"
"KR모터스 나주대리점","성북동","전라남도 나주시 동점문길 17-7","35.035142","126.723075","naver","오토바이판매점","고유가 피해지원금","061)337-5455","7473660"
"나주의료기","성북동","전라남도 나주시 나주로 211","35.035508","126.721515","naver","의료기기 및 용품","고유가 피해지원금","061)333-3738","102142715"
"귀뚜라미 경동보일러","성북동","서울특별시 성북구 성북동","37.591124","127.003288","naver","냉난방기구","고유가 피해지원금","061)337-9012","83141161"
"핑크헤어샵","성북동","전라남도 나주시 영산로 5430 핑크헤어샵","35.03558","126.722491","naver","미용원","고유가 피해지원금","061)332-2747","113281481"
"태양종묘사","성북동","전남 나주시 성북동","35.034899","126.719169","dong","농어업용품","고유가 피해지원금","061)334-2540","38916811"
"동해아구","성북동","전라남도 나주시 나주로 208-6","35.034996","126.722425","naver","한식","고유가 피해지원금","061)331-0333","96974831"
"풍전수산","성북동","전라남도 나주시 석당간길 60-6","35.036708","126.722762","naver","농.수.축산물점","고유가 피해지원금","061)333-4437","78422567"
"한국병원장례식장","성북동","전라남도 나주시 동점문길 7 한국병원","35.0347","126.722712","naver","장의서비스/제수용품","고유가 피해지원금","061)334-4111","98975418"
"태인상사","성북동","전남 나주시 성북동","35.037401","126.720188","dong","가전제품점","고유가 피해지원금","061)232-2323","93072171"
"고운화장품","성북동","전남 나주시 성북동","35.035304","126.718495","dong","화장품점","고유가 피해지원금","061)337-3300","55901767"
"강치과의원","성북동","전라남도 나주시 나주로 204","35.03467","126.721889","naver","일반.치과.한의원","고유가 피해지원금","061)331-9800","43204401"
"금강보청기","성북동","전라남도 나주시 나주로 204","35.03466","126.721852","naver","의료기기 및 용품","고유가 피해지원금","061)331-2227","86131142"
"목사골한국약국","성북동","전라남도 나주시 나주로 204","35.034611","126.721825","naver","약국","고유가 피해지원금","061)337-9449","9085534"
"나주고운피부과의원","성북동","전라남도 나주시 나주로 204 한국약국","35.034633","126.721875","naver","일반.치과.한의원","고유가 피해지원금","061)337-3300","60096321"
"칼라퍼플","성북동","전라남도 나주시 나주로 204","35.034637","126.721838","naver","이용원","고유가 피해지원금","061)332-2388","39704149"
"팔미식당","성북동","전라남도 나주시 영산로 5433-18","35.036652","126.722483","naver","한식","고유가 피해지원금","061)335-7125","95132767"
"우리식당","성북동","전라남도 나주시 나주로 212-6 우리식당","35.035438","126.722101","naver","한식","고유가 피해지원금","061)334-5206","23154852"
"나주우리안과","성북동","전라남도 나주시 나주로 206","35.034795","126.721838","naver","일반.치과.한의원","고유가 피해지원금","061)331-1175","59746232"
"서울S치과의원","성북동","전라남도 나주시 나주로 206","35.034848","126.72185","naver","일반.치과.한의원","고유가 피해지원금","061)333-7528","57964657"
"아모레","성북동","전남 나주시 성북동","35.037026","126.718338","dong","화장품점","고유가 피해지원금","061)333-3380","55789633"
"아모레","성북동","전남 나주시 성북동","35.034325","126.720145","dong","화장품점","고유가 피해지원금","061)333-3380","55789967"
"아모레","성북동","전남 나주시 성북동","35.037579","126.720644","dong","화장품점","고유가 피해지원금","061)333-3380","55789996"
"아모레","성북동","전남 나주시 성북동","35.03549","126.718045","dong","화장품점","고유가 피해지원금","061)333-3380","42506984"
"아모레","성북동","전남 나주시 성북동","35.035273","126.721414","dong","화장품점","고유가 피해지원금","061)333-3380","23586607"
"아모레","성북동","전남 나주시 성북동","35.037737","126.719048","dong","화장품점","고유가 피해지원금","061)333-3380","58738535"
"아모레","성북동","전남 나주시 성북동","35.034283","126.719129","dong","화장품점","고유가 피해지원금","061)333-3380","46354904"
"아모레","성북동","전남 나주시 성북동","35.036914","126.721428","dong","화장품점","고유가 피해지원금","061)333-3380","55789921"
"아모레","성북동","전남 나주시 성북동","35.036523","126.717918","dong","화장품점","고유가 피해지원금","061)333-3380","59210242"
"밝은약국","성북동","전라남도 나주시 나주로 206","35.034762","126.721838","naver","약국","고유가 피해지원금","061)930-8275","70927551"
"튼튼마취통증의학과","성북동","전라남도 나주시 나주로 210 제일약국","35.03522","126.721986","naver","일반.치과.한의원","고유가 피해지원금","061)332-8574","63707336"
"나주제일약국","성북동","전라남도 나주시 나주로 210 제일약국","35.035145","126.721874","naver","약국","고유가 피해지원금","061)333-2411","119231716"
"준치과의원","성북동","전라남도 나주시 나주로 210","35.03521","126.721899","naver","일반.치과.한의원","고유가 피해지원금","061)334-2272","82397071"
"제일이비인후과의원","성북동","전라남도 나주시 나주로 210","35.035178","126.721875","naver","일반.치과.한의원","고유가 피해지원금","061)333-1175","11898462"
"아이안과의원","성북동","전라남도 나주시 영산로 5426","35.035584","126.72202","naver","일반.치과.한의원","고유가 피해지원금","061)813-2112","80688555"
"아이안경원","성북동","전라남도 나주시 영산로 5426 1층 아이안경원","35.035545","126.722021","naver","안경점","고유가 피해지원금","061)331-1511","94723262"
"나주친절약국","성북동","전라남도 나주시 영산로 5426","35.035554","126.721921","naver","약국","고유가 피해지원금","061)334-3323","100207124"
"나주속편한내과의원","성북동","전라남도 나주시 영산로 5426 2층","35.035573","126.721954","naver","일반.치과.한의원","고유가 피해지원금","061)813-2275","77182669"
"장터마당","성북동","전라남도 나주시 성북1길 13","35.034352","126.720621","naver","한식","고유가 피해지원금","061)333-1950","27531251"
"진우디자인","성북동","전남 나주시 성북동","35.034252","126.718637","dong","인쇄 및 광고","고유가 피해지원금","061)333-0824","119804497"
"부농종합농자재","성북동","전라남도 나주시 석당간길 54","35.037226","126.722339","naver","농어업용품","고유가 피해지원금","061)333-9727","15359351"
"성북방앗간","성북동","전라남도 나주시 나주로 212-4","35.035394","126.721977","naver","미곡상","고유가 피해지원금","061)333-4542","102037272"
"한솔전동차","성북동","전라남도 나주시 영산로 5434 한솔전동차","35.035582","126.722923","naver","의료기기 및 용품","고유가 피해지원금","061)337-7954","77663228"
"미보라미용실","성북동","전라남도 나주시 나주로 212","35.035387","126.721882","naver","미용원","고유가 피해지원금","061)332-9378","88521911"
"나주의류","성북동","전라남도 나주시 나주로 212 미보라헤어디자인","35.035362","126.721867","naver","기성복점","고유가 피해지원금","061)333-9459","90407956"
"나주성북비전지사","성북동","전라남도 나주시 나주로 201 3층","35.034621","126.721455","naver","화장품점","고유가 피해지원금","061)332-1515","99806294"
"중앙약국","성북동","전라남도 나주시 나주로 201","35.034648","126.721524","naver","약국","고유가 피해지원금","061)333-1185","79537141"
"이기영이비인후과","성북동","전라남도 나주시 나주로 201","35.034617","126.721475","naver","일반.치과.한의원","고유가 피해지원금","061)332-9738","6123277"
"알로에마임나주성북지사","성북동","전라남도 나주시 나주로 201 3층","35.034621","126.721455","naver","건강식품점","고유가 피해지원금","061)332-1515","37820051"
"나주산부인과","성북동","전라남도 나주시 영산로 5419 나주병원","35.036316","126.721397","naver","일반.치과.한의원","고유가 피해지원금","061)332-3339","16789963"
"다비치안경원 나주점","성북동","전라남도 나주시 나주로 205 1층","35.034851","126.721533","naver","안경점","고유가 피해지원금","061)335-0097","109910910"
"한걸음 정신건강의학과 의원","성북동","전라남도 나주시 나주로 205 우성메디컬빌딩 3층","35.034849","126.721452","naver","일반.치과.한의원","고유가 피해지원금","061)820-7365","108751096"
"나주베스트정형외과의원","성북동","전라남도 나주시 나주로 205 우성메디컬빌딩 2층","35.034921","126.721526","naver","일반.치과.한의원","고유가 피해지원금","061)335-7200","100728863"
"지리산약국","성북동","전라남도 나주시 나주로 205","35.034919","126.721563","naver","약국","고유가 피해지원금","061)332-7512","16341125"
"도미노피자나주점","성북동","전라남도 나주시 나주로 208 새나주종로약국","35.035018","126.721858","naver","패스트푸드점","고유가 피해지원금","061)336-3082","66264330"
"김옥석정형외과의원","성북동","전라남도 나주시 나주로 203","35.034718","126.721325","naver","일반.치과.한의원","고유가 피해지원금","061)333-0777","17502753"
"하나나주곰탕","성북동","전라남도 나주시 나주로 209 종합신발백화점","35.035273","126.72156","naver","한식","고유가 피해지원금","061)333-6936","24832533"
"종합신발백화점","성북동","전라남도 나주시 나주로 209","35.035324","126.721539","naver","일반신발점","고유가 피해지원금","061)333-9019","78428339"
"100세 의료기 나주점","성북동","전라남도 나주시 나주로 211","35.035508","126.721515","naver","의료기기 및 용품","고유가 피해지원금","061)930-1038","99184100"
"한솔의료기","성북동","전라남도 나주시 성북2길 23 한솔의료기","35.035215","126.721522","naver","의료기기 및 용품","고유가 피해지원금","061)333-5254","46321276"
"목사골통신","성북동","전남 나주시 성북동","35.033824","126.718751","dong","정보통신기기","고유가 피해지원금","061)930-2525","69056158"
"태원식당","성북동","전라남도 나주시 성북1길 17-1","35.034486","126.7211","naver","한식","고유가 피해지원금","061)333-8018","15940891"
"중앙화원","성북동","전라남도 나주시 성북2길 22 중앙화원","35.035059","126.721228","naver","화원","고유가 피해지원금","061)332-2113","112122811"
"독일보청기","성북동","전라남도 나주시 성북2길 23","35.035207","126.721354","naver","의료기기 및 용품","고유가 피해지원금","061)333-5254","31496528"
"생혈한의원","성북동","전라남도 나주시 성북2길 23 2층","35.035214","126.721438","naver","일반.치과.한의원","고유가 피해지원금","061)334-1075","94023419"
"나주종합병원장례식장","성북동","전라남도 나주시 영산로 5419 나주종합병원 장례식장","35.036316","126.721397","naver","장의서비스/제수용품","고유가 피해지원금","","115692291"
"세븐일레븐 나주병원점","성북동","전라남도 나주시 영산로 5419 나주병원","35.036067","126.721312","naver","편의점","고유가 피해지원금","02)1577-0711","115725467"
"카페주노","성북동","전라남도 나주시 영산로 5419 우측두번째칸","35.036316","126.721397","naver","커피/음료전문점","고유가 피해지원금","061)337-9399","110549258"
"베트남 고향식당","성북동","전남 나주시 성북동","35.033504","126.719563","dong","일반음식점 기타","고유가 피해지원금","061)332-2244","101579511"
"옥이네반찬2호점","성북동","전라남도 나주시 성북2길 19","35.035199","126.720851","naver","기타 식품","고유가 피해지원금","","105453772"
"베트남쌀국수","성북동","전라남도 나주시 나주로 148-1","35.03176","126.717358","naver","양식","고유가 피해지원금","061)332-8802","82677861"
"하하유통","성북동","전남 나주시 성북동","35.034313","126.721679","dong","농.수.축산물점","고유가 피해지원금","","119704197"
"美-플란트","성북동","전남 나주시 성북동","35.038617","126.719508","dong","일반.치과.한의원","고유가 피해지원금","061)332-3993","47608941"
"키친154","성북동","전라남도 나주시 성북1길 11-4 키친154","35.034493","126.720647","naver","커피/음료전문점","고유가 피해지원금","061)332-2244","116251542"
"뉴스톤","성북동","전남 나주시 성북동","35.036518","126.722333","dong","컴퓨터 및 통신기기수리","고유가 피해지원금","","117281197"
"쌀로만케이크","성북동","전라남도 나주시 성북1길 11-4 쌀로만케이크","35.034489","126.720646","naver","제과점/아이스크림점","고유가 피해지원금","061)332-5130","91423622"
"봉이네","성북동","전라남도 나주시 성북1길 15","35.03437","126.720738","naver","한식","고유가 피해지원금","061)332-8641","61864341"
"(유)에이비씨볼링월드","성북동","전라남도 나주시 영산로 5423-13","35.037078","126.721313","naver","볼링장","고유가 피해지원금","061)334-1157","6123594"
"(주)지마트나주도매물류","성북동","전라남도 나주시 성북2길 20","35.034987","126.7208","naver","슈퍼마켓","고유가 피해지원금","061)331-8286","48170838"
"나주도매","성북동","전라남도 나주시 성북2길 20","35.034987","126.7208","naver","일반잡화판매점","고유가 피해지원금","061)331-8287","118168071"
"청진동해장국","성북동","전라남도 나주시 성북1길 11-6 청진동해장국","35.034602","126.720438","naver","한식","고유가 피해지원금","061)333-2440","110366910"
"장미갤러리카페","성북동","전라남도 나주시 성북1길 11-8","35.034804","126.720444","naver","커피/음료전문점","고유가 피해지원금","061)336-6633","94464178"
"주희 헤어샵","성북동","전라남도 나주시 성북1길 11 상가 1층","35.034327","126.720268","naver","미용원","고유가 피해지원금","","119490624"
"아임폰정보통신","성북동","전라남도 나주시 성북1길 11","35.034297","126.720302","naver","정보통신기기","고유가 피해지원금","061)333-3836","79539473"
"엄마손팥죽","성북동","전라남도 나주시 성북2길 13","35.035236","126.720425","naver","일반음식점 기타","고유가 피해지원금","061)332-5788","44762579"
"초원축산물","성북동","전라남도 나주시 성북2길 13 장충동왕족발","35.035204","126.720364","naver","정육점","고유가 피해지원금","061)333-7773","50006756"
"우리동네(생활용품)","성북동","전라남도 나주시 영산로 5412","35.035502","126.720366","naver","일반잡화판매점","고유가 피해지원금","061)333-7860","67152302"
"나주광택점","성북동","전남 나주시 성북동","35.035949","126.722534","dong","세차장","고유가 피해지원금","070)7614-3579","112981675"
"안전설비","성북동","전라남도 나주시 성북1길 7-2","35.034219","126.720045","naver","기계류 건축설비","고유가 피해지원금","061)333-0808","115649222"
"나주꽃이야기","성북동","전라남도 나주시 대호길 15","35.037205","126.71814","naver","화원","고유가 피해지원금","061)334-7585","37733656"
"대성축산","성북동","전남 나주시 성북동","35.038212","126.721539","dong","정육점","고유가 피해지원금","061)334-1567","67693764"
"나영임","성북동","전남 나주시 성북동","35.035634","126.716967","dong","한식","고유가 피해지원금","061)336-1158","113042001"
"풋젠워킹화","성북동","전라남도 나주시 영산로 5408","35.035538","126.7201","naver","기성복점","고유가 피해지원금","061)331-3303","83917816"
"빛가람샘물","성북동","전라남도 나주시 삼영1길 61 삼영동부영아파트","35.004058","126.706953","naver","정수기판매점","고유가 피해지원금","062)955-8949","69148414"
"목사골약국","성북동","전라남도 나주시 나주로 204","35.034611","126.721825","naver","약국","고유가 피해지원금","061)332-5505","14934006"
"박용선내과","성북동","전라남도 나주시 영산로 5406 중앙병원","35.035477","126.719701","naver","일반.치과.한의원","고유가 피해지원금","061)330-9125","57593646"
"유한회사나주종합동물병원","성북동","전남 나주시 성북동","35.037219","126.717136","dong","동물병원","고유가 피해지원금","061)331-2275","45244505"
"행복한카페","성북동","전라남도 나주시 성북2길 9","35.035227","126.719951","naver","커피/음료전문점","고유가 피해지원금","061)336-3030","95322437"
"진짜류","성북동","전남 나주시 성북동","35.038775","126.720715","dong","중식","고유가 피해지원금","061)334-5588","33506796"
"새론","성북동","전라남도 나주시 성북2길 8 새론","35.034965","126.719703","naver","침구/커튼/카펫트점","고유가 피해지원금","070)4257-3737","91325148"
"유선추어탕","성북동","전라남도 나주시 중앙로 50 유선추어탕","35.03367","126.719363","naver","한식","고유가 피해지원금","061)332-9939","32134292"
"오늘The예쁨","성북동","전라남도 나주시 중앙로 50 2층","35.03369","126.719367","naver","피부미용원","고유가 피해지원금","061)333-2885","95726951"
"나주세차장","성북동","전라남도 나주시 성북1길 11-5","35.034604","126.72022","naver","세차장","고유가 피해지원금","061)334-8468","44160053"
"광성회관","성북동","전라남도 나주시 중앙로 45 광성회관","35.033425","126.719084","naver","한식","고유가 피해지원금","061)332-5885","6422164"
"엔제이(NJ)도이 이벤트","성북동","전남 나주시 성북동","35.036253","126.716803","dong","이벤트업","고유가 피해지원금","061)332-2244","92230226"
"네일.맑음","성북동","전라남도 나주시 중앙로 56-1","35.0342","126.719254","naver","피부미용원","고유가 피해지원금|온누리","","94521135"
"카페310","성북동","전라남도 나주시 중앙로 56-1 카페310","35.03417","126.71924","naver","커피/음료전문점","고유가 피해지원금|온누리","","103335700"
"맑음헤어","성북동","전라남도 나주시 중앙로 56-1","35.0342","126.719254","naver","미용원","고유가 피해지원금|온누리","061)332-0061","74949606"
"엠엘비 나주점","성북동","전라남도 나주시 중앙로 58","35.034509","126.719171","naver","스포츠용품점","고유가 피해지원금|온누리","","110458249"
"진명","성북동","전남 나주시 성북동","35.037838","126.717338","dong","과학기자재점","고유가 피해지원금","","111806020"
"도토리공방","성북동","전남 나주시 성북동","35.033063","126.720331","dong","문화/취미 기타","고유가 피해지원금","","121175917"
"파크랜드 나주점","성북동","전라남도 나주시 중앙로 60 1층","35.03463","126.719109","naver","기성복점","고유가 피해지원금","","103567632"
"청원모밀 나주점","성북동","전라남도 나주시 중앙로 62","35.034788","126.719103","naver","한식","고유가 피해지원금|온누리","070)7614-3579","89028355"
"한국애드","성북동","전남 나주시 성북동","35.034667","126.722495","dong","인쇄 및 광고","고유가 피해지원금","061)341-3470","113253011"
"다이나핏 나주점","성북동","전라남도 나주시 중앙로 62-1","35.034789","126.719103","naver","기성복점","고유가 피해지원금|온누리","061)332-2244","121403160"
"스케쳐스 멀티팝업 나주점","성북동","전라남도 나주시 중앙로 62-1","35.034789","126.719103","naver","일반신발점","고유가 피해지원금|온누리","","117977333"
"동대문의류","성북동","전라남도 나주시 나주로 186","35.033399","126.720835","naver","기성복점","고유가 피해지원금","","120286455"
"나주낚시","성북동","전라남도 나주시 중앙로 57-1","35.034396","126.718816","naver","레저용품점","고유가 피해지원금","061)332-0286","37102847"
"성북헤어갤러리","성북동","전라남도 나주시 대호길 8 SPAR할인마트","35.036638","126.718663","naver","미용원","고유가 피해지원금","061)332-9553","58461263"
"비엠 아시아마트","성북동","전남 나주시 성북동","35.039094","126.720385","dong","일반잡화판매점","고유가 피해지원금","","112389748"
"진가람","성북동","전라남도 나주시 중앙로 64","35.034986","126.719043","naver","중식","고유가 피해지원금","061)334-1321","109490841"
"피에이티 P.AT","성북동","전남 나주시 성북동","35.035679","126.722879","dong","기성복점","고유가 피해지원금|온누리","061)332-2999","2229822"
"케이투(safety)나주","성북동","전라남도 나주시 중앙로 57-1","35.034396","126.718816","naver","기성복점","고유가 피해지원금|온누리","061)332-2244","120476822"
"케이투 나주","성북동","전라남도 나주시 중앙로 57-1","35.034396","126.718816","naver","스포츠용품점","고유가 피해지원금|온누리","061)336-5391","74442021"
"와이드앵글 나주점","성북동","전라남도 나주시 중앙로 59 1층","35.034519","126.718732","naver","레저용품점","고유가 피해지원금|온누리","061)333-1537","96454558"
"나주풍류","성북동","전남 나주시 성북동","35.035844","126.716587","dong","한식","고유가 피해지원금","","119502387"
"유한회사 나주블랙야크","성북동","전남 나주시 성북동","35.03403","126.722238","dong","스포츠용품점","고유가 피해지원금|온누리","061)332-7033","87394081"
"산즐러바이시클","성북동","전라남도 나주시 중앙로 13","35.03054","126.719866","naver","문방구점","고유가 피해지원금","061)333-7584","14662169"
"디스커버리 나주점","성북동","전라남도 나주시 중앙로 57","35.034274","126.718835","naver","스포츠용품점","고유가 피해지원금|온누리","061)332-5391","101651665"
"라이프워크나주점","성북동","전남 나주시 성북동","35.036789","126.722889","dong","스포츠용품점","고유가 피해지원금|온누리","061)334-0954","110750399"
"삼일오(315)","성북동","전남 나주시 성북동","35.037601","126.716936","dong","기성복점","고유가 피해지원금","061)1111-2222","95192541"
"쿵쿵따생삼겹","성북동","전라남도 나주시 대호길 82-1","35.042974","126.717342","naver","한식","고유가 피해지원금|온누리","061)333-5934","27537392"
"힐링바디케어아로마","성북동","전라남도 나주시 중앙로 63-2","35.034948","126.718525","naver","피부미용원","고유가 피해지원금","","111045129"
"올포유","성북동","전라남도 나주시 중앙로 65","35.035072","126.718654","naver","스포츠용품점","고유가 피해지원금|온누리","061)333-8999","97163980"
"플러스당구장","성북동","전남 나주시 성북동","35.034977","126.722849","dong","당구장","고유가 피해지원금","","116873463"
"참미광고기획","성북동","전라남도 나주시 향청길 7","35.033825","126.7182","naver","인쇄 및 광고","고유가 피해지원금","061)332-5557","6917386"
"대성카인테리어","성북동","전라남도 나주시 금성길 1","35.029298","126.718763","naver","차량 정비/부품/인테리어","고유가 피해지원금","061)332-9267","4038579"
"내셔널 지오그래픽 나주점","성북동","전라남도 나주시 중앙로 67 내셔널지오그래픽 나주점","35.035287","126.718499","naver","스포츠용품점","고유가 피해지원금|온누리","061)337-5391","114030431"
"나주아울렛","성북동","전라남도 나주시 나주로 89","35.027049","126.716811","naver","기성복점","고유가 피해지원금","061)245-2339","57881060"
"가보고싶은집","성북동","전라남도 나주시 금성길 48","35.033321","126.71798","naver","한식","고유가 피해지원금","061)333-1988","115424875"
"메주애꽃","성북동","전라남도 나주시 금성길 52","35.033639","126.717983","naver","한식","고유가 피해지원금","061)333-9253","98190658"
"구공탄삼겹살","성북동","전라남도 나주시 금성길 43","35.032869","126.717901","naver","한식","고유가 피해지원금","061)333-0288","93607365"
"피자나라치킨공주 나주성북점","성북동","전라남도 나주시 대호길 8","35.03675","126.718626","naver","일반음식점 기타","고유가 피해지원금","","95690222"
"이마트24 나주성북주공점","성북동","전라남도 나주시 대호길 8","35.036562","126.718701","naver","편의점","고유가 피해지원금","","107610369"
"영춘회관","성북동","전라남도 나주시 향청길 9","35.033798","126.718045","naver","한식","고유가 피해지원금","061)335-6996","8644051"
"수연 직업 학원","성북동","전남 나주시 성북동","35.038749","126.721756","dong","기술/사무/가정계학원","고유가 피해지원금","","115144222"
"아이비클럽 나주점","성북동","전라남도 나주시 금성길 42 1층","35.03274","126.718114","naver","기성복점","고유가 피해지원금","061)333-5984","43525602"
"카페빌","성북동","전라남도 나주시 금성길 49","35.033381","126.717748","naver","일반음식점 기타","고유가 피해지원금","061)334-3381","82348950"
"BM club Billiard","성북동","전남 나주시 성북동","35.039297","126.718815","dong","당구장","고유가 피해지원금","","117151396"
"잎새달","성북동","전남 나주시 성북동","35.032987","126.71825","dong","문화/취미 기타","고유가 피해지원금","","111384983"
"찜과구이","성북동","전라남도 나주시 금성길 51","35.033646","126.717687","naver","한식","고유가 피해지원금","061)332-0039","110711320"
"소리헤어샵","성북동","전라남도 나주시 향청길 13","35.033728","126.717696","naver","미용원","고유가 피해지원금","061)333-4320","43988342"
"화로닭발","성북동","전라남도 나주시 대호길 5","35.036333","126.71835","naver","일반음식점 기타","고유가 피해지원금","061)332-1006","98443582"
"나주어린이집","성북동","전라남도 나주시 대호길 7","35.036523","126.718136","naver","아이행복 어린이집","고유가 피해지원금","061)332-6606","60781653"
"수성시스템","성북동","전라남도 나주시 금성길 60","35.034342","126.717682","naver","컴퓨터기기","고유가 피해지원금","","55543233"
"빈티지무드","성북동","전남 나주시 성북동","35.035361","126.72315","dong","양품점","고유가 피해지원금","061)332-2244","117004179"
"풍전쭈꾸미","성북동","전라남도 나주시 금성길 55 풍천쭈꾸미","35.03402","126.717563","naver","한식","고유가 피해지원금","061)333-3456","75911774"
"J&J유통","성북동","전라남도 나주시 중앙로 59","35.034519","126.718732","naver","기성복점","고유가 피해지원금|온누리","061)332-2789","62232220"
"제우스노래방","성북동","전남 나주시 성북동","35.038333","126.722379","dong","노래방","고유가 피해지원금","061)337-0244","43264675"
"스카이2","성북동","전라남도 나주시 상야2길 22 선도타워 6층","35.021588","126.787926","naver","스포츠용품점","고유가 피해지원금","","97786507"
"호야","성북동","전라남도 나주시 향청길 9-1","35.033766","126.717888","naver","한식","고유가 피해지원금","061)333-5252","39865159"
"와이티바이오택","성북동","전남 나주시 성북동","35.039538","126.71953","dong","과학기자재점","고유가 피해지원금","02)1577-0000","98728783"
"선은상사","성북동","전라남도 나주시 대호길 24-14 선은상사","35.039485","126.71911","naver","기타 수리서비스","고유가 피해지원금","","90831671"
"연수미용실","성북동","전남 나주시 성북동","35.036575","126.723245","dong","미용원","고유가 피해지원금","061)331-7067","116588346"
"서울장식건축","성북동","전라남도 나주시 대호길 15","35.037279","126.718102","naver","실내장식","고유가 피해지원금","061)333-4472","104446591"
"타드림24시무인카페 성북점","성북동","전라남도 나주시 대호길 15 타드림24시무인카페 성북점","35.037232","126.718139","naver","자동판매기 운영업","고유가 피해지원금","","104316853"
"오우리철물","성북동","전라남도 나주시 대호길 15","35.037306","126.718131","naver","철물점","고유가 피해지원금","061)333-7583","33566852"
"송촌꼬마김밥","성북동","전라남도 나주시 대호길 15 88미용실","35.037253","126.718139","naver","한식","고유가 피해지원금","061)334-9966","60062230"
"토끼야오리야","성북동","전라남도 나주시 금성길 63","35.034577","126.717415","naver","한식","고유가 피해지원금","061)333-0056","71374601"
"로뎀실버카페","성북동","전남 나주시 성북동","35.039309","126.718315","dong","커피/음료전문점","고유가 피해지원금","061)334-7090","116188908"
"만물중고","성북동","전라남도 나주시 금성길 67 만물중고시장","35.034992","126.717238","naver","중고물품 판매점","고유가 피해지원금","061)333-0009","90494221"
"진미식당","성북동","전라남도 나주시 금성길 65-2","35.034841","126.71726","naver","한식","고유가 피해지원금","061)333-8935","38588917"
"란 잉글리쉬학원","성북동","전라남도 나주시 대호길 25 3층 란잉글리쉬학원","35.038127","126.717921","naver","외국어학원","고유가 피해지원금","061)332-3623","83201859"
"코인워시24","성북동","전라남도 나주시 대호길 25","35.03807","126.717787","naver","세탁소","고유가 피해지원금","","112048437"
"수학의봄학원","성북동","전라남도 나주시 대호길 25 3층","35.038049","126.717802","naver","문리계학원","고유가 피해지원금","061)333-0111","77464296"
"음악놀이터 음악학원","성북동","전라남도 나주시 대호길 25 201호","35.03803","126.717796","naver","예체능계학원","고유가 피해지원금","","112268151"
"대호독서실","성북동","전라남도 나주시 대호길 90-15 2층","35.043948","126.717091","naver","독서실","고유가 피해지원금","070)4123-2000","86723493"
"고고펫살롱","성북동","전라남도 나주시 대호길 25 대호길25 1층","35.038037","126.717774","naver","반려동물 서비스/용품점","고유가 피해지원금","070)4151-7275","93684278"
"대호태권도장","성북동","전라남도 나주시 대호길 25 . 1층","35.038127","126.717921","naver","예체능계학원","고유가 피해지원금","061)333-7667","81700376"
"뮤엠영어교습소","성북동","전라남도 나주시 한빛로 127 2층 202호","35.031039","126.78466","naver","외국어학원","고유가 피해지원금","062)332-6886","87018091"
"공간온나","성북동","전라남도 나주시 대호길 29 2층","35.038467","126.717867","naver","민예.공예.토산품","고유가 피해지원금","","116710241"
"행복떡하우스","성북동","전라남도 나주시 대호길 35","35.03887","126.717855","naver","제과점/아이스크림점","고유가 피해지원금","061)333-0892","80033410"
"하나로치과의원","성북동","전라남도 나주시 대호길 19 2층 (성북동)","35.037439","126.717434","naver","일반.치과.한의원","고유가 피해지원금","061)334-7528","84574179"
"영진유통","성북동","전라남도 나주시 대호길 19","35.037439","126.717434","naver","기성복점","고유가 피해지원금","063)275-0365","75951502"
"(주)월드전자 하나로마트 나주축협점","성북동","전남 나주시 성북동","35.037084","126.723309","dong","중고물품 판매점","고유가 피해지원금","","116768631"
"기아상회","성북동","전라남도 나주시 대호길 37","35.039206","126.717789","naver","차량 정비/부품/인테리어","고유가 피해지원금","061)334-0235","18730479"
"(유)태광 (태광갈비본점)","성북동","전라남도 나주시 북망문길 36-15","35.039068","126.71761","naver","한식","고유가 피해지원금","","119350446"
"안나통닭","성북동","전라남도 나주시 북망문길 23-4","35.038051","126.716031","naver","일반음식점 기타","고유가 피해지원금","061)333-9949","30413500"
"워터구조대","성북동","전남 나주시 성북동","35.034373","126.716419","dong","정수기판매점","고유가 피해지원금","070)4246-3033","77347641"
"현풍전기","성북동","전라남도 나주시 북망문길 26","35.03818","126.716396","naver","조명 전기기구점","고유가 피해지원금","061)333-7746","82758971"
"목련꽃기업","세지면","전남 나주시 세지면","34.930281","126.732712","dong","주택/건설","고유가 피해지원금","","104462794"
"빛가람 타이어","세지면","전라남도 나주시 세지면 동곡길 3","34.968678","126.72948","naver","차량 정비/부품/인테리어","고유가 피해지원금","","100831081"
"메리골드","세지면","전남 나주시 세지면","34.930518","126.734048","dong","커피/음료전문점","고유가 피해지원금","","27555352"
"나주로농산","세지면","전라남도 나주시 영나로 1954","34.953917","126.738701","naver","농.수.축산물점","고유가 피해지원금","061)331-5636","76155961"
"유한회사 덕암산업","세지면","전남 나주시 세지면","34.92902","126.734396","dong","기타 건축자재","고유가 피해지원금","","120300904"
"포들포들","세지면","전남 나주시 세지면","34.930856","126.733068","dong","반려동물 서비스/용품점","고유가 피해지원금","","121488367"
"토닥토닥타로","세지면","전남 나주시 세지면","34.928522","126.732799","dong","철학관","고유가 피해지원금","","120010082"
"한국안전협회","세지면","전남 나주시 세지면","34.930114","126.734632","dong","용역서비스업","고유가 피해지원금","","114061178"
"나모","세지면","전남 나주시 세지면","34.930179","126.732133","dong","한식","고유가 피해지원금","","120319925"
"정다운주유소","세지면","전라남도 나주시 세지면 예향로 3230 굿모닝주유소(gs)","34.946465","126.712042","naver","주유소","고유가 피해지원금","061)337-2533","60750611"
"수환네공방 (목공소)","세지면","전남 나주시 세지면","34.931024","126.733818","dong","일반가구점","고유가 피해지원금","061)335-8006","82563917"
"나주세지육묘사업소","세지면","전라남도 나주시 세지면 세영로 187-7","34.93108","126.733355","naver","농.수.축산물점","고유가 피해지원금","","107195379"
"찬스농장","세지면","전남 나주시 세지면","34.929339","126.734848","dong","농.수.축산물점","고유가 피해지원금","","118019000"
"에이치아이유통상사(HI유통상사)","세지면","전라남도 나주시 세지면 지평로 16","34.923361","126.749032","naver","일반잡화판매점","고유가 피해지원금","061)336-2536","110876321"
"세지대림주유소","세지면","전남 나주시 세지면","34.928121","126.733191","dong","주유소","고유가 피해지원금","061)337-5533","36050966"
"대흥주유소","세지면","전라남도 나주시 세지면 예향로 3174","34.941323","126.712511","naver","주유소","고유가 피해지원금","061)331-5929","111491377"
"현대3급부분정비공업사","세지면","전라남도 나주시 세지면 동창로 158","34.922428","126.747715","naver","차량 정비/부품/인테리어","고유가 피해지원금","061)333-1396","14965578"
"백제주유소","세지면","전라남도 나주시 세지면 동창로 154 백제주유소","34.922071","126.747897","naver","주유소","고유가 피해지원금","061)331-5188","110113418"
"윤공방수제낚시","세지면","전라남도 나주시 세지면 예향로 3163","34.94066","126.711746","naver","레저용품점","고유가 피해지원금","061)335-5621","67587177"
"지에스25 나주예향점","세지면","전라남도 나주시 세지면 예향로 3163","34.940481","126.711939","naver","편의점","고유가 피해지원금","","107362725"
"카페동창로150","세지면","전라남도 나주시 세지면 동창로 150 카페 동창로150","34.921717","126.747923","naver","커피/음료전문점","고유가 피해지원금","061)3331-5187","101503898"
"행운국밥","세지면","전라남도 나주시 세지면 동창로 148","34.921519","126.748003","naver","한식","고유가 피해지원금","061)333-1479","104327659"
"나주지하수펌프","세지면","전라남도 나주시 노안면 학산길 16-1","35.063609","126.747812","naver","기계류 건축설비","고유가 피해지원금","061)332-3839","78727981"
"세지떡방아간","세지면","전라남도 나주시 세지면 세지로 443-1","34.919727","126.747702","naver","미곡상","고유가 피해지원금","061)331-5988","74622040"
"새  세기  동창종로약국","세지면","전남 나주시 세지면","34.929113","126.731675","dong","약국","고유가 피해지원금","061)334-7433","66242061"
"한국아그로 농업회사법인 주식회사","세지면","전남 나주시 세지면","34.928896","126.735044","dong","농어업용품","고유가 피해지원금","","109755582"
"세지한의원","세지면","전라남도 나주시 세지면 세남로 3","34.921305","126.748084","naver","일반.치과.한의원","고유가 피해지원금","061)333-1311","106621966"
"남나주서비스기아오토큐","세지면","전라남도 나주시 세지면 예향로 3148","34.939127","126.712446","naver","차량 정비/부품/인테리어","고유가 피해지원금","061)337-0677","14079257"
"세지의원","세지면","전라남도 나주시 세지면 동창로 143","34.921169","126.747688","naver","일반.치과.한의원","고유가 피해지원금","061)331-6789","23669624"
"씨유(CU)세지터미널점","세지면","전라남도 나주시 세지면 동창로 142 (오봉리)","34.92089","126.748259","naver","편의점","고유가 피해지원금","02)1577-8007","119687262"
"소망약국","세지면","전라남도 나주시 세지면 동창로 141","34.920946","126.747623","naver","약국","고유가 피해지원금","061)336-3323","14523510"
"토닭토닭","세지면","전라남도 나주시 세지면 동창로 130-9","34.920141","126.749005","naver","일반음식점 기타","고유가 피해지원금","061)333-1232","106931319"
"동양원예사","세지면","전라남도 나주시 세지면 동창로 136 동양원예사","34.920312","126.748356","naver","농어업용품","고유가 피해지원금","061)331-4841","86998538"
"원조곱창","세지면","전남 나주시 세지면","34.929496","126.735366","dong","한식","고유가 피해지원금","","105146236"
"밥 먹고가자","세지면","전라남도 나주시 세지면 동창로 130-3 . 1층","34.92013","126.748422","naver","한식","고유가 피해지원금","061)336-4101","117413616"
"미르광고","세지면","전남 나주시 세지면","34.92764","126.7334","dong","인쇄 및 광고","고유가 피해지원금","","104883806"
"세지농협송죽지소","세지면","전라남도 나주시 세지면 죽동길 8","34.93625","126.712441","naver","주유소","고유가 피해지원금","061)337-5087","87105482"
"동창슈퍼","세지면","전라남도 나주시 세지면 동창로 130-1","34.919949","126.748294","naver","일반잡화판매점","고유가 피해지원금","061)331-9144","85705281"
"세지농업협동조합 하나로마트","세지면","전라남도 나주시 세지면 동창로 130-2","34.919819","126.748976","naver","농.수.축협직판장","고유가 피해지원금","061)337-5082","120315403"
"호남농약사","세지면","전라남도 나주시 세지면 동창로 131","34.92004","126.74801","naver","농어업용품","고유가 피해지원금","061)331-5176","15477381"
"현대농약마트","세지면","전남 나주시 세지면","34.927875","126.732267","dong","농어업용품","고유가 피해지원금","061)334-6611","101552036"
"명품수제치킨","세지면","전라남도 나주시 세지면 동창로 126-1","34.919498","126.748245","naver","일반주점","고유가 피해지원금","061)331-8901","68049115"
"세지사거리슈퍼","세지면","전라남도 나주시 세지면 동창로 129","34.919711","126.748038","naver","슈퍼마켓","고유가 피해지원금","061)331-5812","43814227"
"동창떡방앗간","세지면","전라남도 나주시 세지면 세지로 443-1","34.919727","126.747702","naver","미곡상","고유가 피해지원금","061)331-5643","100481126"
"돼지모듬숯불구이","세지면","전라남도 나주시 세지면 세지로 446 돼지모듬숯불구이","34.919588","126.747806","naver","한식","고유가 피해지원금","061)331-5042","40161807"
"부부반점","세지면","전라남도 나주시 세지면 동창로 123 부부반점","34.919322","126.747935","naver","중식","고유가 피해지원금","061)331-5654","56502580"
"케렌시아(힐스템)","세지면","전라남도 나주시","35.044012","126.71193","naver","건강식품점","고유가 피해지원금","061)000-1111","112931656"
"죽동장어숯불구이","세지면","전라남도 나주시 세지면 예향로 3116","34.936216","126.711754","naver","한식","고유가 피해지원금","061)337-2500","45785253"
"죽동식당","세지면","전라남도 나주시 세지면 예향로 3116","34.936216","126.711754","naver","한식","고유가 피해지원금","061)337-0685","13157481"
"죽동마트","세지면","전라남도 나주시 세지면 세지로 1","34.935897","126.711783","naver","슈퍼마켓","고유가 피해지원금","061)337-0909","43675846"
"광수농원","세지면","전남 나주시 세지면","34.929941","126.731136","dong","농.수.축산물점","고유가 피해지원금","","119879334"
"섬말가든","세지면","전남 나주시 세지면","34.927919","126.734872","dong","한식","고유가 피해지원금","061)331-5401","18190152"
"섬멀마트","세지면","전라남도 나주시 세지면 세지로 418","34.918752","126.745076","naver","슈퍼마켓","고유가 피해지원금","061)331-5480","22787961"
"카페인","세지면","전라남도 나주시 세지면 동창로 107 카페 인","34.917891","126.74767","naver","일반음식점 기타","고유가 피해지원금","061)331-4875","83538433"
"우리육묘장","세지면","전라남도 나주시 세지면 세영로 75-57","34.923946","126.732789","naver","농어업용품","고유가 피해지원금","","108894762"
"유한회사통큰한우","세지면","전남 나주시 세지면","34.931155","126.731581","dong","한식","고유가 피해지원금","061)336-8563","113330561"
"카페 하루","세지면","전라남도 나주시 세지면 세지로 414-1 카페하루","34.918622","126.744887","naver","커피/음료전문점","고유가 피해지원금","","115263424"
"세지어린이집","세지면","전라남도 나주시 세지면 세영로 32","34.920094","126.740951","naver","아이행복 어린이집","고유가 피해지원금","061)331-3118","61579298"
"섬멀가든","세지면","전라남도 나주시 세지면 세지로 414","34.918528","126.744738","naver","한식","고유가 피해지원금","061)332-5711","34473981"
"최소희맛집","세지면","전라남도 나주시 세지면 세지로 412 최소희맛집","34.918402","126.744553","naver","한식","고유가 피해지원금","061)331-9289","57301899"
"씨유(CU) 나주세지로드점","세지면","전라남도 나주시 세지면 예향로 3096 (송제리)","34.934443","126.711627","naver","편의점","고유가 피해지원금","02)1577-8007","110109650"
"죽동밧데리","세지면","전라남도 나주시 세지면 예향로 3104-1","34.935119","126.711909","naver","차량 정비/부품/인테리어","고유가 피해지원금","061)337-0568","18622089"
"덕고개가든","세지면","전라남도 나주시 세지면 동창로 95","34.916735","126.747552","naver","한식","고유가 피해지원금","061)331-0990","117922001"
"주말농장","세지면","전라남도 나주시 동강면 백련산로 329 머시머시체험장","34.949966","126.541184","naver","일반음식점 기타","고유가 피해지원금","061)331-1008","17359669"
"석정사슴농장","세지면","전라남도 나주시 세지면 예향로 3020-48 한약녹즙방","34.930153","126.71316","naver","건강식품점","고유가 피해지원금","061)337-2924","55006260"
"송죽 한우촌","세지면","전라남도 나주시 세지면 화탑길 34-4 1층","34.932493","126.707434","naver","정육점","고유가 피해지원금","061)334-3336","115887966"
"송죽한우촌","세지면","전라남도 나주시 세지면 화탑길 34-4 1층","34.932493","126.707434","naver","한식","고유가 피해지원금","","118703124"
"나스푸르트","세지면","전라남도 나주시 그린로 329 명작빌딩 108호","35.015759","126.794396","naver","농.수.축산물점","고유가 피해지원금","","121736662"
"화탑영농조합법인","세지면","전남 나주시 세지면","34.931651","126.731833","dong","정육점","고유가 피해지원금","061)337-2800","47444054"
"범한 그린테크","세지면","전남 나주시 세지면","34.927127","126.733193","dong","농어업용품","고유가 피해지원금","","112039123"
"세지예향주유소","세지면","전라남도 나주시 세지면 예향로 3014","34.927682","126.708653","naver","주유소","고유가 피해지원금","061)337-3342","78455809"
"군계기사님식당","세지면","전라남도 나주시 세지면 예향로 3009","34.926883","126.707264","naver","한식","고유가 피해지원금","061)333-1418","101848769"
"알리바이 군계휴게소점","세지면","전라남도 나주시 세지면 예향로 3009","34.927219","126.707588","naver","슈퍼마켓","고유가 피해지원금","061)337-7377","41202243"
"통큰카페호프","세지면","전남 나주시 세지면","34.93224","126.733138","dong","커피/음료전문점","고유가 피해지원금","061)336-8563","101844898"
"남경특장자동차매매상사","세지면","전라남도 나주시 세지면 예향로 2993","34.926266","126.706932","naver","중고자동차판매점","고유가 피해지원금","061)333-3140","105208778"
"우둥주유소","세지면","전남 나주시 세지면","34.930141","126.735963","dong","주유소","고유가 피해지원금","061)337-6627","89916082"
"통큰한우","세지면","전라남도 나주시 세지면 성산화동길 1-96","34.906935","126.752561","naver","일반음식점 기타","고유가 피해지원금","061)336-8563","74945120"
"으뜸농산","세지면","전라남도 나주시 세지면 예향로 2982 으뜸농산","34.924769","126.706975","naver","농어업용품","고유가 피해지원금","061)337-2238","80537352"
"소나무가든","세지면","전라남도 나주시 세지면 세지로 321 소나무가든","34.916538","126.734955","naver","한식","고유가 피해지원금","061)333-3756","105198818"
"군계카센타","세지면","전라남도 나주시 예향로 2972","34.924135","126.706767","naver","차량 정비/부품/인테리어","고유가 피해지원금","061)473-7161","19839047"
"한성농기","세지면","전라남도 나주시 세지면 예향로 2984","34.925278","126.707171","naver","기타운송기구판매점","고유가 피해지원금","061)337-5792","27367427"
"영백정파크피닉스골프점","세지면","전남 나주시 세지면","34.932087","126.732225","dong","스포츠용품점","고유가 피해지원금","061)000-1111","112551325"
"삼복수산","세지면","전라남도 나주시 세지면 신지로 903-14","34.89991","126.733833","naver","농.수.축산물점","고유가 피해지원금","061)331-5286","83844981"
"피터팬","송월동","전라남도 나주시 나주로 41-23","35.025048","126.713701","naver","문방구점","고유가 피해지원금","061)333-3567","55025783"
"나주샘물","송월동","전라남도 나주시 왕건길 7-10","35.017861","126.712782","naver","정수기판매점","고유가 피해지원금","061)337-7723","44839961"
"뮤엠영어뮤엠폴리오국어논술나주자이학원","송월동","전라남도 나주시 신월길 54 상가2동 207호, 208호","35.01515","126.724066","naver","외국어학원","고유가 피해지원금","","118764266"
"ktgrz태권도","송월동","전라남도 나주시 신월길 54 상가동 201~204호","35.015014","126.724001","naver","예체능계학원","고유가 피해지원금","","118761014"
"호우호우","송월동","전라남도 나주시 신월길 54 상가동 2102호","35.014959","126.724086","naver","정육점","고유가 피해지원금","061)337-0073","118797007"
"아이스팜","송월동","전남 나주시 송월동","35.019633","126.714367","dong","기타 식품","고유가 피해지원금","","117927746"
"박쌤영어교습소","송월동","전남 나주시 송월동","35.017299","126.714098","dong","외국어학원","고유가 피해지원금","","118438174"
"올라(HOLA)","송월동","전라남도 나주시 신월길 54 근린생활시설 1동 107호","35.01597","126.72441","naver","커피/음료전문점","고유가 피해지원금","070)7614-3579","118179862"
"이마트24 나주역자이점","송월동","전라남도 나주시 신월길 54","35.014184","126.721545","naver","편의점","고유가 피해지원금","","117375348"
"크린토피아(나주역 자이점)","송월동","전라남도 나주시 신월길 54 나주역자이리버파크 근린생활시설 3동 2 층 202호","35.014184","126.721545","naver","세탁소","고유가 피해지원금","061)337-7776","117743706"
"아라and헤어스토리","송월동","전남 나주시 송월동","35.019801","126.715117","dong","미용원","고유가 피해지원금","","42394967"
"키즈아이즈미술학원","송월동","전라남도 나주시 신월길 54 상가 2동 205호, 206호","35.015082","126.724029","naver","예체능계학원","고유가 피해지원금","","118762578"
"씨유(CU)나주역자이점","송월동","전라남도 나주시 신월길 54 3동 105,106호","35.013986","126.723392","naver","편의점","고유가 피해지원금","02)1577-8007","117354096"
"메가엠지씨커피 나주역자이점","송월동","전남 나주시 송월동","35.019683","126.713813","dong","커피/음료전문점","고유가 피해지원금","061)820-8060","120544643"
"농부마켓","송월동","전라남도 나주시 신월길 54 1동 103호","35.015835","126.724385","naver","농.수.축산물점","고유가 피해지원금","070)7614-3579","121504851"
"롤앤바이트(RollandBite)","송월동","전라남도 나주시 신월길 54 근린생활시설 3동 111호","35.014052","126.723439","naver","커피/음료전문점","고유가 피해지원금","","120055723"
"나의정원","송월동","전라남도 나주시 신월길 54 103동","35.015","126.722388","naver","화원","고유가 피해지원금","","114145315"
"명성가 나주역자이점","송월동","전라남도 나주시 송월동 204 상가3동 112호","35.014017","126.722901","naver","한식","고유가 피해지원금","","121986797"
"넬로망스(nellomance)","송월동","전라남도 나주시 신월길 54 근린생활시설 3동 203호","35.013979","126.72332","naver","피부미용원","고유가 피해지원금","","120595258"
"뚱어수산","송월동","전라남도 나주시 신월길 54 2동 105호","35.015","126.722388","naver","농.수.축산물점","고유가 피해지원금","","122373019"
"뼈감집","송월동","전남 나주시 송월동","35.018665","126.716382","dong","한식","고유가 피해지원금","061)334-5007","120031341"
"수내닭꼬치 나주역자이점","송월동","전라남도 나주시 신월길 54 근린생활시설 3동 104호","35.013876","126.723353","naver","일반음식점 기타","고유가 피해지원금","062)652-0101","120752171"
"뮤즈헤어","송월동","전라남도 나주시 신월길 54 근린시설 2동 210호","35.015405","126.72434","naver","미용원","고유가 피해지원금|온누리","061)332-3162","64915201"
"프레드피자 나주역자이점","송월동","전라남도 나주시 신월길 54 1층 104호","35.015","126.722388","naver","패스트푸드점","고유가 피해지원금","061)930-3438","121845821"
"엄마의청춘2호점","송월동","전남 나주시 송월동","35.01789","126.712974","dong","한식","고유가 피해지원금","061)333-7090","120659799"
"수임이네 분식","송월동","전남 나주시 송월동","35.017673","126.716343","dong","휴게음식점","고유가 피해지원금","061)332-2244","120891509"
"크리스탈 카페(crystal cafe)","송월동","전라남도 나주시 신월길 54 나주역자이리버파크 근린생활시설 3동 207호","35.0141","126.723381","naver","커피/음료전문점","고유가 피해지원금","","120293541"
"컴포즈커피 나주역자이점","송월동","전라남도 나주시 신월길 54 상가 4동 105, 106호","35.015","126.722388","naver","커피/음료전문점","고유가 피해지원금","","122206391"
"푸드테라스","송월동","전남 나주시 송월동","35.019314","126.716357","dong","기타 식품","고유가 피해지원금","","122100249"
"현우디자인","송월동","전라남도 나주시 남산길 2-2","35.02939","126.720953","naver","인쇄 및 광고","고유가 피해지원금","061)332-0036","57341951"
"나주씨티호텔별관","송월동","전라남도 나주시 송월2길 22","35.016121","126.719025","naver","한식","고유가 피해지원금","070)7614-3579","94333752"
"나주온담 고깃집","송월동","전남 나주시 송월동","35.020353","126.715018","dong","한식","고유가 피해지원금","061)333-7518","116408457"
"뉴클린환경","송월동","전라남도 나주시 송월2길 24 101호","35.016377","126.718854","naver","용역서비스업","고유가 피해지원금","070)7614-3579","116062278"
"나주시청","송월동","전라남도 나주시 시청길 22 나주시청","35.015814","126.710814","naver","수영장","고유가 피해지원금","061)339-4524","120342706"
"나주시청","송월동","전라남도 나주시 시청길 22 나주시청","35.015814","126.710814","naver","테니스장","고유가 피해지원금","061)339-4524","120343321"
"BREEZE 무인호텔","송월동","전라남도 나주시 송월2길 20","35.015849","126.71859","naver","기타숙박업","고유가 피해지원금","061)930-2288","86881200"
"캐슬","송월동","전라남도 나주시 금성길 24","35.031042","126.71871","naver","세차장","고유가 피해지원금","","120317448"
"조은스팀세차","송월동","전라남도 나주시 송월4길 18 조은스팀세차","35.016825","126.718125","naver","세차장","고유가 피해지원금","070)7614-3579","110328926"
"수학을담다학원","송월동","전남 나주시 송월동","35.017183","126.716341","dong","문리계학원","고유가 피해지원금","","119224241"
"잼(JAM)","송월동","전라남도 나주시 신월길 54 근린생활시설 2동 211호","35.015124","126.724147","naver","아동 및 유아복점","고유가 피해지원금","","119690160"
"하이오커피 나주역자이점","송월동","전라남도 나주시 신월길 54 나주역자이리버파크 상가 108호","35.013656","126.721265","naver","커피/음료전문점","고유가 피해지원금","","119318178"
"신월맥주","송월동","전라남도 나주시 신월길 54 상가3동 2층 212호","35.015","126.722388","naver","일반음식점 기타","고유가 피해지원금","061)333-7779","119677461"
"(유)뉴나주씨티호텔","송월동","전라남도 나주시 빛가람로 36","35.016278","126.718228","naver","기타숙박업","고유가 피해지원금","070)7614-3579","104568532"
"비어퀸BEERQUEEN","송월동","전남 나주시 송월동","35.016412","126.71544","dong","한식","고유가 피해지원금","070)7614-3579","110769801"
"자연인의밥상","송월동","전라남도 나주시 송월2길 22 나주씨티호텔별관 1층","35.016121","126.719025","naver","한식","고유가 피해지원금","070)7614-3579","92438839"
"(주)더빛가람","송월동","전라남도 나주시 빛가람로 685 비전타워 1006호","35.021518","126.786664","naver","기타숙박업","고유가 피해지원금","061)338-9000","110777078"
"엠마트","송월동","전라남도 나주시 빛가람로 36","35.016405","126.718409","naver","슈퍼마켓","고유가 피해지원금","070)7614-3579","89488217"
"(주)에벤에셀호텔 나주","송월동","전라남도 나주시 빛가람로 36","35.016278","126.718228","naver","기타관광호텔","고유가 피해지원금","061)337-0110","121041590"
"빛가람","송월동","전라남도 나주시 호수로 77","35.016889","126.790341","naver","화장품점","고유가 피해지원금","061)820-8999","110161133"
"Mspresso(엠스프레소)","송월동","전남 나주시 송월동","35.019743","126.716528","dong","커피/음료전문점","고유가 피해지원금","061)930-9938","79776676"
"백년 정 한식뷔페","송월동","전라남도 나주시 송월4길 15","35.017129","126.71784","naver","한식","고유가 피해지원금","061)333-9285","120286737"
"카페 블랙빈","송월동","전라남도 나주시 빛가람로 29 1층 일부","35.01677","126.717526","naver","커피/음료전문점","고유가 피해지원금","061)332-8894","118381933"
"주식회사 라운즈스테이호텔나주","송월동","전남 나주시 송월동","35.020737","126.714773","dong","기타숙박업","고유가 피해지원금","061)336-7588","62680362"
"토스트/치킨","송월동","전남 나주시 송월동","35.016787","126.713063","dong","일반음식점 기타","고유가 피해지원금","061)332-2244","114820506"
"바다양푼이 동태탕찜","송월동","전라남도 나주시 빛가람로 27","35.01671","126.717242","naver","한식","고유가 피해지원금","061)332-2244","93054768"
"그린피에스","송월동","전남 나주시 송월동","35.019932","126.71288","dong","일반잡화판매점","고유가 피해지원금","061)333-4670","63626468"
"(주) 윈","송월동","전라남도 나주시 송월2길 4","35.01572","126.71684","naver","기타숙박업","고유가 피해지원금","061)332-1777","65090374"
"Vegas 학원","송월동","전라남도 나주시 나주로 85 2층","35.026665","126.716718","naver","문리계학원","고유가 피해지원금","061)336-7042","73242245"
"황금코다리나주점","송월동","전라남도 나주시 나주로 77 1층 황금코다리 나주점","35.025907","126.716449","naver","한식","고유가 피해지원금","061)337-7755","90305156"
"비에이치씨치킨송월점","송월동","전라남도 나주시 나주로 81 1층","35.026204","126.716389","naver","일반음식점 기타","고유가 피해지원금","","110124940"
"하늘포차","송월동","전라남도 나주시 중야1길 16 상가동 102호","35.016606","126.779021","naver","한식","고유가 피해지원금","061)337-3715","121679130"
"파리바게뜨","송월동","전라남도 나주시 나주로 81 (송월동) .","35.026241","126.716579","naver","제과점/아이스크림점","고유가 피해지원금","061)336-2020","61151751"
"지정환임실치즈피자","송월동","전라남도 나주시 그린로 339 리버빌딩106호","35.016837","126.794098","naver","패스트푸드점","고유가 피해지원금","061)333-5007","84663530"
"에이비씨노래연습장","송월동","전남 나주시 송월동","35.019258","126.71237","dong","노래방","고유가 피해지원금","061)332-9296","6571231"
"나정","송월동","전라남도 나주시 나주로 81 파리바게트","35.026236","126.716446","naver","한식","고유가 피해지원금","061)335-7942","77661805"
"참다랑어 막주는집 참치정육점 나주점","송월동","전남 나주시 송월동","35.020845","126.715311","dong","한식","고유가 피해지원금","061)333-8912","84465734"
"카페 일루이스","송월동","전라남도 나주시 송월2길 2 1층 카페일루이스","35.015716","126.716606","naver","커피/음료전문점","고유가 피해지원금","061)334-7100","103329648"
"역전국밥","송월동","전라남도 나주시 송월2길 2","35.015652","126.716613","naver","한식","고유가 피해지원금","061)333-9882","86537430"
"흥부네감자탕","송월동","전라남도 나주시 나주로 83-4","35.026495","126.716627","naver","한식","고유가 피해지원금","061)334-2310","62417143"
"아방궁클럽","송월동","전라남도 나주시 나주로 83-4","35.026543","126.716563","naver","당구장","고유가 피해지원금","061)332-3949","71868904"
"송리산","송월동","전라남도 나주시 빛가람로 19 2층 201호","35.016705","126.716477","naver","한식","고유가 피해지원금","","105312312"
"현대옥 나주역점","송월동","전라남도 나주시 빛가람로 19 105호","35.016582","126.716424","naver","한식","고유가 피해지원금","061)335-9885","113986538"
"병천순대","송월동","전라남도 나주시 빛가람로 19 101호(송월동,청담빌딩)","35.016654","126.716482","naver","한식","고유가 피해지원금","061)337-6175","93741051"
"카페봄봄 나주역점","송월동","전라남도 나주시 빛가람로 19 1층 103호","35.016654","126.716482","naver","커피/음료전문점","고유가 피해지원금","","114220175"
"명인만두 나주역점","송월동","전라남도 나주시 빛가람로 19 정담빌딩 104호","35.016572","126.716523","naver","한식","고유가 피해지원금","061)337-1667","103816333"
"리즈뷰티","송월동","전라남도 나주시 송월18길 15 힐데스하임아파트 상가동106호","35.020632","126.716387","naver","화장품점","고유가 피해지원금","061)332-2244","106096938"
"하임키즈어린이집","송월동","전라남도 나주시 송월18길 17 105동 1층","35.021237","126.716627","naver","아이행복 어린이집","고유가 피해지원금","061)930-9575","95239361"
"파스타 흔","송월동","전남 나주시 송월동","35.015891","126.7154","dong","양식","고유가 피해지원금","","120496712"
"밥이랑 순대랑","송월동","전라남도 나주시 송월18길 15 상가동 104호","35.02066","126.71627","naver","한식","고유가 피해지원금","","121203077"
"별그린아트 미술교습소","송월동","전라남도 나주시 금천면 석전리 376-12 후문상가 2층","35.032984","126.77446","naver","예체능계학원","고유가 피해지원금","061)332-2244","106221130"
"선우헤어","송월동","전라남도 나주시 송월18길 15 나주 힐데스하임 아파트 상가동","35.020676","126.71616","naver","미용원","고유가 피해지원금","061)333-7740","88126364"
"한성화원","송월동","전라남도 나주시 나주로 71","35.025417","126.716339","naver","화원","고유가 피해지원금","061)334-3200","43872388"
"해말금막창","송월동","전라남도 나주시 나주로 87-6 해말금막창전문점","35.0268","126.71645","naver","일반음식점 기타","고유가 피해지원금","061)337-9285","100926047"
"우래정","송월동","전라남도 나주시 나주로 83-7","35.026166","126.716111","naver","한식","고유가 피해지원금","061)332-0784","89458123"
"우정오토바이","송월동","전라남도 나주시 나주로 83-7","35.026162","126.716161","naver","오토바이판매점","고유가 피해지원금","061)334-1156","93391436"
"무안뻘낙지","송월동","전라남도 나주시 나주로 83-7","35.026173","126.716253","naver","한식","고유가 피해지원금","061)333-6741","109429017"
"일등치킨호프","송월동","전남 나주시 송월동","35.02117","126.715016","dong","일반음식점 기타","고유가 피해지원금","061)332-2389","103375590"
"아르페지오","송월동","전라남도 나주시 나주로 75","35.025637","126.716404","naver","침구/커튼/카펫트점","고유가 피해지원금","061)333-8657","45419087"
"송월회관","송월동","전라남도 나주시 나주로 83-6","35.026449","126.716297","naver","한식","고유가 피해지원금","061)333-0067","44270436"
"한게임당구클럽","송월동","전라남도 나주시 나주로 83-8 나주해법영어수학","35.02647","126.716065","naver","당구장","고유가 피해지원금","061)333-8009","115088421"
"몽","송월동","전라남도 나주시 나주로 83-8","35.026507","126.716085","naver","한식","고유가 피해지원금","061)332-3137","70105208"
"모퉁이","송월동","전라남도 나주시 나주로 83-8 나주해법영어수학","35.026419","126.716023","naver","한식","고유가 피해지원금","061)334-3592","105185437"
"우촌","송월동","전라남도 나주시 나주로 83-9 우촌","35.02614","126.715992","naver","일반음식점 기타","고유가 피해지원금","061)337-9290","76537127"
"걸작떡볶이치킨 나주역점","송월동","전라남도 나주시 빛가람로 17 101호 (송월동)","35.016604","126.716038","naver","휴게음식점","고유가 피해지원금","061)333-2821","115945871"
"세븐일레븐 나주역점","송월동","전라남도 나주시 빛가람로 17","35.016548","126.716074","naver","편의점","고유가 피해지원금","02)1577-0711","111366602"
"공간","송월동","전라남도 나주시 예향로 4137","35.022488","126.712402","naver","양식","고유가 피해지원금","061)333-9993","103261220"
"나주성","송월동","전라남도 나주시 빛가람로 17","35.016624","126.716079","naver","중식","고유가 피해지원금","061)332-9816","77589915"
"예감떡집","송월동","전라남도 나주시 나주로 57","35.024102","126.715862","naver","제과점/아이스크림점","고유가 피해지원금","061)333-1667","40065183"
"동원짱뚱이집","송월동","전남 나주시 송월동","35.015783","126.71583","dong","한식","고유가 피해지원금","061)332-5752","44791645"
"집수리 똑똑","송월동","전라남도 나주시 중야2길 14 202호","35.016338","126.784859","naver","주택/건설","고유가 피해지원금","","107060892"
"하이스파","송월동","전라남도 나주시 나주로 65 3층","35.024795","126.715729","naver","찜질방/목욕탕","고유가 피해지원금","061)336-0000","87035161"
"실로","송월동","전남 나주시 송월동","35.01772","126.717521","dong","기성복점","고유가 피해지원금","061)332-2224","121568679"
"진미옛날순대","송월동","전라남도 나주시 나주로 73","35.025515","126.7164","naver","한식","고유가 피해지원금","061)333-5288","13174734"
"하이스파 헬스클럽","송월동","전라남도 나주시 나주로 65 광주식자재마트 4층 하이스파","35.024794","126.715796","naver","종합스포츠센터","고유가 피해지원금","061)337-8787","58313755"
"곤이네대패삼겹살","송월동","전라남도 나주시 나주로 83-4 노블리아","35.026458","126.716372","naver","한식","고유가 피해지원금","061)332-9308","104182498"
"달빛가원","송월동","전라남도 나주시 나주로 83-4 1층","35.026549","126.716707","naver","커피/음료전문점","고유가 피해지원금","","100243845"
"마임나주동부지사","송월동","전라남도 나주시 교육길 13 D-1동 110호","35.020761","126.779252","naver","화장품점","고유가 피해지원금","061)333-0676","95668417"
"마당","송월동","전라남도 나주시 나주로 83-4 104호","35.026486","126.716519","naver","한식","고유가 피해지원금","061)336-9622","107095298"
"마임 나주동부 미래지사","송월동","전남 나주시 송월동","35.016198","126.712697","dong","건강식품점","고유가 피해지원금","061)333-0676","102338584"
"나주OK","송월동","전라남도 나주시 나주로 151-2","35.032114","126.717572","naver","기성복점","고유가 피해지원금|온누리","061)332-1618","16835215"
"신목사골칼국수","송월동","전라남도 나주시 나주로 83-10","35.026414","126.715767","naver","한식","고유가 피해지원금","061)334-6788","60160392"
"BOSS(보스)","송월동","전라남도 나주시 나주로 83-4","35.026517","126.716655","naver","한식","고유가 피해지원금","061)334-3331","76861589"
"역전할머니맥주 나주송월점","송월동","전라남도 나주시 나주로 47","35.023127","126.715539","naver","일반주점","고유가 피해지원금","061)333-2277","102811838"
"씨유(CU) 나주미성점","송월동","전라남도 나주시 나주로 47 (송월동) 202호","35.02314","126.715507","naver","편의점","고유가 피해지원금","02)1577-8007","106961097"
"메가MGC커피 LG화학나주공장점","송월동","전라남도 나주시 나주로 47 102호","35.023173","126.715547","naver","커피/음료전문점","고유가 피해지원금","061)820-7119","114638285"
"양부장","송월동","전라남도 나주시 나주로 47 101호","35.023402","126.71559","naver","중식","고유가 피해지원금","","118657503"
"미르스터디카페송월점","송월동","전라남도 나주시 나주로 47 203호","35.023215","126.715475","naver","독서실","고유가 피해지원금","","101389759"
"일미식당","송월동","전라남도 나주시 나주로 83-13","35.026071","126.715589","naver","한식","고유가 피해지원금","061)332-0568","113713434"
"에브리마트(Every Mart)","송월동","전라남도 나주시 송월18길 12 양우내안애 상가동 및 부대복리시설","35.020449","126.716375","naver","슈퍼마켓","고유가 피해지원금","061)333-0433","105572219"
"카페일미","송월동","전라남도 나주시 나주로 83-13 1층 일부(좌측칸)","35.02605","126.715621","naver","커피/음료전문점","고유가 피해지원금","","111849828"
"굿모닝 홈클린","송월동","전라남도 나주시 송월18길 10 양우내안에아파트","35.020145","126.715465","naver","용역서비스업","고유가 피해지원금","","98782623"
"라인에어","송월동","전남 나주시 송월동","35.0166","126.712155","dong","기성복점","고유가 피해지원금","070)7614-3579","113585751"
"이진헤어","송월동","전라남도 나주시 송월18길 12 양우내안애 상가 105호 이진헤어","35.020474","126.716177","naver","미용원","고유가 피해지원금","","114426668"
"카페마실","송월동","전라남도 나주시 나주로 41-10 카페마실","35.02363","126.715395","naver","커피/음료전문점","고유가 피해지원금","061)332-7001","116125521"
"민수기네","송월동","전라남도 나주시 나주로 41-16","35.023954","126.71541","naver","한식","고유가 피해지원금","061)332-2244","105710190"
"아이스타운 나주부영점","송월동","전라남도 나주시 나주로 41-18","35.024221","126.715318","naver","일반잡화판매점","고유가 피해지원금","","113198023"
"셋다리치킨","송월동","전라남도 나주시 나주로 41-18","35.024207","126.715289","naver","일반주점","고유가 피해지원금","061)333-9255","50923740"
"더자리","송월동","전라남도 나주시 나주로 41-18","35.024345","126.715406","naver","한식","고유가 피해지원금","","121340458"
"쿨헤어","송월동","전라남도 나주시 나주로 41-18 쿨헤어샵","35.024266","126.715278","naver","미용원","고유가 피해지원금","061)332-6611","57330683"
"땡큐 삼겹살","송월동","전라남도 나주시 나주로 83-14 1층","35.026326","126.715544","naver","일식/생선회집","고유가 피해지원금","061)337-3392","91940044"
"잔잔카페","송월동","전라남도 나주시 남고문로 36-17","35.027001","126.715372","naver","커피/음료전문점","고유가 피해지원금","","110728928"
"담소","송월동","전라남도 나주시 남고문로 36-17","35.026743","126.715504","naver","일반주점","고유가 피해지원금","061)332-2224","113405734"
"자담치킨","송월동","전라남도 나주시 남고문로 36-17 104호","35.026746","126.715552","naver","일반음식점 기타","고유가 피해지원금","061)337-9933","101034344"
"송월국밥","송월동","전라남도 나주시 남고문로 36-17 주1동 1층 102,103호","35.026746","126.715552","naver","한식","고유가 피해지원금","061)333-2666","96179375"
"지에스25 송월부영점","송월동","전라남도 나주시 나주로 41-20","35.024565","126.715139","naver","편의점","고유가 피해지원금","","117849813"
"이루도매센타","송월동","전남 나주시 송월동","35.017377","126.717778","dong","슈퍼마켓","고유가 피해지원금","061)333-2418","50959438"
"겔러리세탁","송월동","전라남도 나주시 나주로 41-20","35.024522","126.715154","naver","세탁소","고유가 피해지원금","061)332-8933","76043642"
"목사골이밴트","송월동","전라남도 나주시 나주로 41","35.022732","126.715218","naver","기타 전자제품","고유가 피해지원금","061)335-0870","35337344"
"행복한밥집","송월동","전라남도 나주시 나주로 41 1층","35.022737","126.715197","naver","한식","고유가 피해지원금","","115104914"
"하라커피 나주송월점","송월동","전라남도 나주시 나주로 83-16","35.026389","126.715277","naver","자동판매기 운영업","고유가 피해지원금","","105512843"
"이미자헤어칼라","송월동","전남 나주시 송월동","35.015848","126.716755","dong","미용원","고유가 피해지원금","061)333-8786","30699967"
"카리스마","송월동","전라남도 나주시 나주로 83-16","35.026336","126.715357","naver","일반음식점 기타","고유가 피해지원금","061)333-0854","93782838"
"세븐일레븐 나주송월점","송월동","전라남도 나주시 나주로 83-16","35.026282","126.715298","naver","편의점","고유가 피해지원금","02)1577-0711","111652603"
"금계체육관","송월동","전라남도 나주시 잿등길 4 백조유리","35.028629","126.714484","naver","예체능계학원","고유가 피해지원금","061)333-0456","117441049"
"미니스톱 나주송월점","송월동","전남 나주시 송월동","35.020651","126.712176","dong","편의점","고유가 피해지원금","063)333-5713","43612947"
"김준형치과의원","송월동","전라남도 나주시 나주로 83-16","35.026304","126.715351","naver","일반.치과.한의원","고유가 피해지원금","061)331-2895","29225512"
"일미식당","송월동","전라남도 나주시 나주로 83-13","35.026071","126.715589","naver","한식","고유가 피해지원금","061)332-0568","18327776"
"아이스타운 나주세움트리점","송월동","전라남도 나주시 송월9길 17 (달빛마을세 움트리 상가동) 103호","35.018893","126.715682","naver","일반잡화판매점","고유가 피해지원금","","111967265"
"송월숯불구이","송월동","전라남도 나주시 송월9길 17 달빛마을세움트리 상가동","35.018883","126.715581","naver","한식","고유가 피해지원금","061)332-0331","110060064"
"지에스25 나주달빛마을점","송월동","전라남도 나주시 송월9길 17 달빛마을세움트리아파트","35.018945","126.716014","naver","편의점","고유가 피해지원금","080)555-2525","90650254"
"송월동(요거시닭)나주본점","송월동","전라남도 나주시 송월9길 17 요거시닭 나주본점","35.018952","126.715738","naver","일반음식점 기타","고유가 피해지원금","070)7723-4998","110910080"
"달곰","송월동","전라남도 나주시 송월9길 17 달빛세움트리상가105호","35.018911","126.715779","naver","커피/음료전문점","고유가 피해지원금","","102351103"
"조조김밥","송월동","전라남도 나주시 송월9길 17 107호","35.018952","126.715738","naver","한식","고유가 피해지원금","061)337-9630","106073635"
"카페 보들","송월동","전라남도 나주시 나주로 41-5 카페보들","35.023005","126.715189","naver","커피/음료전문점","고유가 피해지원금","","106296536"
"달빛미용실","송월동","전라남도 나주시 송월9길 17 달빛마을세움트리 상가동","35.018907","126.715813","naver","미용원","고유가 피해지원금","061)333-5276","98129848"
"조은약국","송월동","전라남도 나주시 나주로 83-15","35.025971","126.715289","naver","약국","고유가 피해지원금","061)332-7585","48123046"
"송월먹자골","송월동","전라남도 나주시 나주로 83-15","35.025947","126.715258","naver","한식","고유가 피해지원금","061)331-8992","98447735"
"배멧골","송월동","전라남도 나주시 재신길 2","35.021949","126.715073","naver","한식","고유가 피해지원금","061)332-2244","118188371"
"치순이통닭 송월점","송월동","전남 나주시 송월동","35.014984","126.71431","dong","일반음식점 기타","고유가 피해지원금","070)7614-3579","122285222"
"맛쟁이해물탕and칼국수","송월동","전남 나주시 송월동","35.020733","126.717308","dong","한식","고유가 피해지원금","061)335-1339","105833481"
"더 리치","송월동","전라남도 나주시 금천면 영산로 5844","35.033956","126.767566","naver","제과점/아이스크림점","고유가 피해지원금","061)332-2244","119187151"
"빛가람치과기공소","송월동","전남 나주시 송월동","35.016017","126.717218","dong","유사의료업","고유가 피해지원금","","116523609"
"쌍용서비스프라자나주","송월동","전라남도 나주시 송월1길 27","35.016","126.715603","naver","차량 정비/부품/인테리어","고유가 피해지원금","061)333-5582","19458241"
"랑랑식당","송월동","전라남도 나주시 송월5길 4","35.017052","126.715182","naver","한식","고유가 피해지원금","061)333-8085","96969251"
"스피드 카센타","송월동","전라남도 나주시 재신길 6-6","35.022225","126.714976","naver","차량 정비/부품/인테리어","고유가 피해지원금","061)334-9949","74623009"
"랑랑식당","송월동","전라남도 나주시 송월5길 4","35.017052","126.715182","naver","한식","고유가 피해지원금","","107633223"
"황제쟁반짜장","송월동","전라남도 나주시 남고문로 36-15","35.026898","126.715193","naver","중식","고유가 피해지원금","061)334-0333","59752801"
"천연세탁","송월동","전남 나주시 송월동","35.021552","126.716394","dong","세탁소","고유가 피해지원금|온누리","061)334-3335","95723433"
"씨유(CU) 나주송월중앙점","송월동","전라남도 나주시 남고문로 36-15 (송월동)","35.026884","126.715207","naver","편의점","고유가 피해지원금","02)1577-8007","120775899"
"포커스영어학원","송월동","전라남도 나주시 대호길 83 5층 포커스영어학원","35.042673","126.717299","naver","외국어학원","고유가 피해지원금","061)332-3553","96313542"
"송월횟집","송월동","전라남도 나주시 시청길 16-9","35.016833","126.711988","naver","한식","고유가 피해지원금","061)332-0026","107857515"
"돈돼지  숯불구이","송월동","전라남도 나주시 남고문로 36-15","35.026913","126.715211","naver","한식","고유가 피해지원금","061)333-0791","116449398"
"거송식당","송월동","전라남도 나주시 재신길 6-4","35.02212","126.71495","naver","한식","고유가 피해지원금","061)334-1775","30684299"
"용인대태권박사스쿨","송월동","전라남도 나주시 재신길 4","35.021983","126.714878","naver","예체능계학원","고유가 피해지원금","061)334-5010","38981382"
"송월한의원","송월동","전라남도 나주시 남고문로 36-20 1층","35.026496","126.715008","naver","일반.치과.한의원","고유가 피해지원금","061)335-1075","103525467"
"늘돈","송월동","전라남도 나주시 송월6길 4 1층","35.018438","126.714845","naver","한식","고유가 피해지원금","061)335-9299","103263448"
"리얼펍살얼음맥주 나주송월점","송월동","전라남도 나주시 송월6길 4 101호","35.018401","126.714818","naver","한식","고유가 피해지원금","","122316411"
"동아인쇄사","송월동","전남 나주시 송월동","35.018207","126.718317","dong","인쇄 및 광고","고유가 피해지원금","061)334-3221","80128941"
"미니스톱 나주달빛점","송월동","전남 나주시 송월동","35.021063","126.712163","dong","편의점","고유가 피해지원금","02)1577-9621","105527584"
"세븐일레븐 나주달빛점","송월동","전라남도 나주시 송월6길 2","35.018634","126.714818","naver","편의점","고유가 피해지원금","02)1577-0711","113367909"
"우리동네맥주","송월동","전남 나주시 송월동","35.021195","126.717095","dong","한식","고유가 피해지원금","","121421833"
"지리고(G-RIGO)","송월동","전남 나주시 송월동","35.018027","126.711044","dong","양품점","고유가 피해지원금","061)332-2244","121289240"
"스타샵 나주송월점","송월동","전남 나주시 송월동","35.016272","126.71766","dong","일반잡화판매점","고유가 피해지원금","","117860299"
"송월","송월동","전라남도 나주시 송월4길 7","35.017178","126.717069","naver","일반주점","고유가 피해지원금","","110863182"
"꿀밤","송월동","전라남도 나주시 남고문로 36-16 주공아파트상가","35.026719","126.715008","naver","일반음식점 기타","고유가 피해지원금","070)7614-3579","106962747"
"퀸스킨","송월동","전라남도 나주시 문화로 234 2층 벨루스톤힐링카페 (나주혁신점)","35.019659","126.785313","naver","피부미용원","고유가 피해지원금","061)334-6308","95615596"
"미스터 꼼","송월동","전라남도 나주시 송월3길 9 1층 미스터꼼","35.017999","126.714707","naver","한식","고유가 피해지원금","","117742570"
"나눔 대리운전","송월동","전라남도 나주시 송월3길 9 1층","35.017999","126.714707","naver","용역서비스업","고유가 피해지원금","061)333-1210","110855034"
"온초밥","송월동","전라남도 나주시 송월3길 5 온초밥","35.018247","126.714607","naver","일식/생선회집","고유가 피해지원금","061)333-1255","102177480"
"이가네  버섯세상","송월동","전라남도 나주시 재신길 8-10 이가네버섯세상","35.022809","126.714568","naver","한식","고유가 피해지원금","061)334-6789","66652928"
"오빠통탉 나주송월점","송월동","전남 나주시 송월동","35.017405","126.718284","dong","한식","고유가 피해지원금","061)332-7892","120651187"
"제트스팀 전라도광주 서구 1호점","송월동","전라남도 나주시 나주로 41-23","35.024445","126.713657","naver","세차장","고유가 피해지원금","","100295978"
"장수참숯불갈비","송월동","전라남도 나주시 재신길 8","35.022061","126.714421","naver","한식","고유가 피해지원금","061)331-1818","114453107"
"돌박사","송월동","전라남도 나주시 재신길 8-9","35.022638","126.714314","naver","한식","고유가 피해지원금","061)334-9293","14229010"
"골프존 파크 송월점 자성스크린","송월동","전남 나주시 송월동","35.018831","126.710937","dong","레저용품점","고유가 피해지원금","061)337-4678","102287391"
"루비","송월동","전남 나주시 송월동","35.015607","126.717195","dong","한식","고유가 피해지원금","","119643553"
"곰바우","송월동","전라남도 나주시 재신길 32-1","35.023054","126.714093","naver","한식","고유가 피해지원금","061)334-1131","55825833"
"파티오브제이","송월동","전라남도 나주시 송월동 1130-2","35.022206","126.714219","naver","이벤트업","고유가 피해지원금","","96547170"
"지웅동물병원","송월동","전라남도 나주시 재신길 10 미도방","35.022047","126.714204","naver","동물병원","고유가 피해지원금","061)337-9737","110954277"
"소미상회","송월동","전남 나주시 송월동","35.020807","126.711704","dong","기타 식품","고유가 피해지원금","061)332-2244","119332958"
"나주전자담배","송월동","전라남도 나주시 송월3길 12 102호","35.017675","126.714431","naver","일반잡화판매점","고유가 피해지원금","061)337-1021","105234713"
"쌈쟁이","송월동","전남 나주시 송월동","35.021631","126.716797","dong","한식","고유가 피해지원금","061)333-4137","100832512"
"화산농원","송월동","전남 나주시 송월동","35.017505","126.71097","dong","농.수.축산물점","고유가 피해지원금","","103063516"
"경동종합보일러","송월동","전라남도 나주시 나주로 9-5","35.020413","126.713946","naver","냉난방기구","고유가 피해지원금","061)332-9100","43752342"
"사운드스토리","송월동","전남 나주시 송월동","35.022075","126.71343","dong","기계 및 장비임대업","고유가 피해지원금","","111338887"
"별난아재맥주","송월동","전라남도 나주시 나주로 83-29 101호","35.025741","126.713933","naver","일반주점","고유가 피해지원금","","119704554"
"송월동 화로구이","송월동","전라남도 나주시 나주로 83-29 102,103호","35.025741","126.713933","naver","한식","고유가 피해지원금","","119822700"
"결승전","송월동","전라남도 나주시 재신길 14 1층 결승전","35.022033","126.713825","naver","한식","고유가 피해지원금","061)332-2244","120418431"
"한비아_뷰티","송월동","전라남도 나주시 나주로 41-17 부영아파트 상가 107호","35.02413","126.715037","naver","피부미용원","고유가 피해지원금","061)332-2244","103094028"
"부영마트","송월동","전라남도 나주시 나주로 41-17","35.024445","126.713658","naver","일반잡화판매점","고유가 피해지원금","061)333-9990","17399668"
"컴포즈커피 나주송월부영점","송월동","전라남도 나주시 나주로 41-17 상가동 101호","35.02413","126.715037","naver","커피/음료전문점","고유가 피해지원금","","119487301"
"이레시스템","송월동","전라남도 나주시 나주로 41-17","35.024445","126.713658","naver","컴퓨터기기","고유가 피해지원금","061)333-3582","31849873"
"쏭S미술학원","송월동","전라남도 나주시 나주로 41-23 상가동 305호","35.02403","126.715113","naver","예체능계학원","고유가 피해지원금","061)332-5429","99886482"
"설탕가루","송월동","전라남도 나주시 나주로 41-17 송월부영아파트","35.024203","126.715021","naver","일반음식점 기타","고유가 피해지원금","061)334-1441","104493981"
"싱크대수리","송월동","전라남도 나주시 서내동","35.033132","126.714028","naver","기타 수리서비스","고유가 피해지원금","","121349610"
"세화미용실","송월동","전라남도 나주시 나주로 41-23","35.024281","126.715011","naver","미용원","고유가 피해지원금","061)333-8586","72771557"
"베스트  음악학원","송월동","전남 나주시 송월동","35.015861","126.717671","dong","예체능계학원","고유가 피해지원금","061)333-9055","67728035"
"부영체육관","송월동","전라남도 나주시 나주로 41-17","35.024445","126.713658","naver","예체능계학원","고유가 피해지원금","061)333-7765","55666525"
"하임파스타피자 하임수제돈가스","송월동","전남 나주시 송월동","35.015229","126.712375","dong","패스트푸드점","고유가 피해지원금","061)334-0222","100988563"
"애니카랜드나주점 르노삼성자동차지정정비","송월동","전남 나주시 송월동","35.019241","126.71857","dong","차량 정비/부품/인테리어","고유가 피해지원금","061)334-4861","27446423"
"(유)금성관광","송월동","전라남도 나주시 예향로 4128 금성관광","35.021752","126.713753","naver","관광여행사","고유가 피해지원금","061)374-7012","36472137"
"윤뜰","송월동","전라남도 나주시 재신길 24","35.022714","126.713701","naver","일반음식점 기타","고유가 피해지원금","","102233592"
"윤정헤어","송월동","전라남도 나주시 남고문로 36-16","35.026809","126.714953","naver","미용원","고유가 피해지원금","061)334-6470","121007834"
"탑이에스","송월동","전남 나주시 송월동","35.016958","126.71098","dong","과학기자재점","고유가 피해지원금","062)367-2200","87144585"
"그리다움","송월동","전라남도 나주시 남고문로 36-14","35.026848","126.714937","naver","화장품점","고유가 피해지원금","061)333-0116","112127601"
"송파수도하수설비","송월동","전남 나주시 송월동","35.022015","126.712885","dong","주택/건설","고유가 피해지원금","","74605395"
"궁전어린이집","송월동","전라남도 나주시 남고문로 36-14 송월주공아파트","35.027012","126.714189","naver","아이행복 어린이집","고유가 피해지원금","061)323-9542","94907781"
"우리환경","송월동","전라남도 나주시 다도면 궁원리","34.9564","126.8286","naver","용역서비스업","고유가 피해지원금","","109956900"
"평화자동차용품점 현대카오디오","송월동","전남 나주시 송월동","35.019187","126.71073","dong","차량 정비/부품/인테리어","고유가 피해지원금","061)337-2206","79643531"
"세븐일레븐 나주시청점","송월동","전남 나주시 송월동","35.015204","126.717106","dong","편의점","고유가 피해지원금","02)1577-0711","113852526"
"휴","송월동","전라남도 나주시 예향로 4079 2층","35.017254","126.713712","naver","피부미용원","고유가 피해지원금","061)332-2244","109870931"
"지에스25 나주송월스타점","송월동","전라남도 나주시 예향로 4079 1층 (송월동 1095-9)","35.017254","126.713712","naver","편의점","고유가 피해지원금","","116329605"
"잇샌드 나주시청점","송월동","전남 나주시 송월동","35.018388","126.718747","dong","커피/음료전문점","고유가 피해지원금","","114368061"
"진우전기","송월동","전라남도 나주시 시청길 2","35.016548","126.713746","naver","조명 전기기구점","고유가 피해지원금","061)336-9390","111646351"
"유한요가","송월동","전라남도 나주시 시청길 2 2층 유한요가","35.016548","126.713746","naver","요가","고유가 피해지원금","061)332-2244","114672039"
"송월점현대자동차","송월동","전라남도 나주시 예향로 4111","35.02012","126.713345","naver","차량 정비/부품/인테리어","고유가 피해지원금","061)331-8204","9339359"
"블루바이오텍","송월동","전남 나주시 송월동","35.017774","126.710656","dong","농어업용품","고유가 피해지원금","061)334-8385","105453052"
"나주신도써비스","송월동","전라남도 나주시 완사천길 1-4","35.014342","126.713789","naver","사무용기기","고유가 피해지원금","061)334-8385","3540106"
"드림요양보호사교육원","송월동","전라남도 나주시 시청길 4","35.016404","126.713612","naver","기술/사무/가정계학원","고유가 피해지원금","061)335-6001","73118971"
"사과나무꽃집","송월동","전라남도 나주시 왕건길 4","35.018687","126.713353","naver","화원","고유가 피해지원금","061)332-3260","14166579"
"드림너싱앤케어","송월동","전남 나주시 송월동","35.019802","126.718571","dong","시설대여업","고유가 피해지원금","","112614390"
"MAIRIE카페메리","송월동","전라남도 나주시 시청길 4 1층카페메리","35.016319","126.713463","naver","커피/음료전문점","고유가 피해지원금","061)662-0072","76926749"
"나주셀프세차타운","송월동","전라남도 나주시 예향로 4101","35.019424","126.713354","naver","세차장","고유가 피해지원금","","77172201"
"금호타이어 나주송월점","송월동","전라남도 나주시 예향로 4101 예향로 4101 금호타이어 송월점","35.019329","126.713381","naver","차량 정비/부품/인테리어","고유가 피해지원금","061)335-6114","79913415"
"디테일링워시","송월동","전라남도 나주시 예향로 4101","35.019196","126.713129","naver","세차장","고유가 피해지원금","070)7614-3579","94095051"
"제비표페인트진-테크","송월동","전남 나주시 송월동","35.017497","126.718732","dong","건축자재","고유가 피해지원금","061)332-0199","48382052"
"(주)웰컴","송월동","전라남도 나주시 완사천길 1-8","35.014202","126.713572","naver","기타숙박업","고유가 피해지원금","061)930-0400","81719260"
"햇살가득","송월동","전라남도 나주시 공산면 독와실길 3","34.942388","126.596295","naver","건강식품점","고유가 피해지원금","061)337-6161","50456374"
"힐모텔","송월동","전라남도 나주시 완사천길 3 송월동","35.01455","126.713512","naver","기타숙박업","고유가 피해지원금","061)332-5046","59746595"
"아모스나주점","송월동","전남 나주시 송월동","35.01866","126.710516","dong","화장품점","고유가 피해지원금","070)4246-3033","107920771"
"깻잎통닭나주점","송월동","전남 나주시 송월동","35.015449","126.71762","dong","일반음식점 기타","고유가 피해지원금","061)331-4800","103807261"
"스피드메이트나주점","송월동","전라남도 나주시 남고문로 21","35.028191","126.713484","naver","차량 정비/부품/인테리어","고유가 피해지원금","062)653-7797","52961937"
"쇼모텔","송월동","전라남도 나주시 내동길 3","35.014489","126.713352","naver","기타숙박업","고유가 피해지원금","061)333-7447","17132511"
"라파리더스학원","송월동","전남 나주시 송월동","35.018947","126.718864","dong","문리계학원","고유가 피해지원금","061)333-7385","60845451"
"대한예수교장로회 에벤에셀교회","송월동","전라남도 나주시 예향로 4172","35.026041","126.713082","naver","일반음식점 기타","고유가 피해지원금","061)333-9182","101784990"
"이레유황닷컴","송월동","전라남도 나주시 예향로 4172 이레유황닷컴","35.026127","126.713067","naver","건강식품점","고유가 피해지원금","061)336-9182","88205319"
"트럼프모텔","송월동","전라남도 나주시 내동길 9-6","35.013599","126.713435","naver","기타숙박업","고유가 피해지원금","061)333-1178","85568708"
"허니문 모텔","송월동","전라남도 나주시 왕건길 50-4","35.017067","126.712875","naver","기타숙박업","고유가 피해지원금","061)333-9944","28497889"
"돌담이야기","송월동","전라남도 나주시 완사천길 7 1층","35.014719","126.71316","naver","한식","고유가 피해지원금","061)334-3515","110341929"
"조롱박","송월동","전라남도 나주시 왕건길 50","35.017217","126.712863","naver","한식","고유가 피해지원금","061)334-5566","10465911"
"우리가든","송월동","전라남도 나주시 왕건길 49","35.017425","126.712838","naver","한식","고유가 피해지원금","061)332-2479","33919822"
"남양유업나주가정대리점","송월동","전라남도 나주시 왕건길 33-16","35.017539","126.712851","naver","농.수.축산물점","고유가 피해지원금","061)333-3101","82754852"
"칸호프","송월동","전라남도 나주시 내동길 4","35.014557","126.713077","naver","일반주점","고유가 피해지원금","061)332-4470","83407707"
"송월농원","송월동","전라남도 나주시 부덕금계길 80","34.974377","126.731642","naver","농.수.축산물점","고유가 피해지원금","062)431-1940","107357236"
"홍성회관","송월동","전라남도 나주시 완사천길 11","35.01475","126.7129","naver","한식","고유가 피해지원금","061)333-2297","70261774"
"그린찌게밥상","송월동","전라남도 나주시 내동길 6","35.014333","126.71295","naver","일반음식점 기타","고유가 피해지원금","061)333-9617","46352001"
"송림파크장","송월동","전남 나주시 송월동","35.018031","126.718965","dong","기타숙박업","고유가 피해지원금","061)332-8836","59991820"
"금성위생","송월동","전라남도 나주시 토계길 86-98","35.014801","126.733051","naver","용역서비스업","고유가 피해지원금","061)333-1717","51833647"
"대한상사","송월동","전라남도 나주시 왕건길 33-11 (송월동)","35.01769","126.712621","naver","자동판매기 운영업","고유가 피해지원금","062)365-5090","27277775"
"대한상사","송월동","전라남도 나주시 왕건길 33-11 (송월동)","35.01769","126.712621","naver","자동판매기 운영업","고유가 피해지원금","061)333-0207","110003536"
"든든 한식뷔페","송월동","전라남도 나주시 시청길 15-9 1층 든든한식뷔페","35.01517","126.712696","naver","부페","고유가 피해지원금","061)335-2220","121503234"
"온정","송월동","전라남도 나주시 내동길 10-2","35.014175","126.712875","naver","한식","고유가 피해지원금","061)333-2397","11019079"
"소낙스(SONAX)  나주점","송월동","전남 나주시 송월동","35.022711","126.713965","dong","차량 정비/부품/인테리어","고유가 피해지원금","061)332-7701","66910356"
"전남나주지역자활센터베트남골목식당&카페홍(나주시청","송월동","전남 나주시 송월동","35.014791","126.712332","dong","일반음식점 기타","고유가 피해지원금","061)337-8891","97393430"
"무등건기(미니굴삭기)","송월동","전라남도 나주시 왕건길 45","35.017368","126.712519","naver","기계 및 장비임대업","고유가 피해지원금","","111723526"
"무등건기","송월동","전라남도 나주시 왕건길 45","35.017368","126.712519","naver","기계 및 장비임대업","고유가 피해지원금","062)610-5235","107457657"
"중화루","송월동","전라남도 나주시 완사천길 13","35.014719","126.712742","naver","중식","고유가 피해지원금","061)332-8500","44541131"
"코리아사우나","송월동","전라남도 나주시 남고문로 16-8 코리아사우나","35.027178","126.712624","naver","찜질방/목욕탕","고유가 피해지원금","061)336-3245","44178397"
"열린가정의원","송월동","전라남도 나주시 나주로 83-15","35.025921","126.715301","naver","일반.치과.한의원","고유가 피해지원금",")334-7579","17132655"
"이마트24 나주시청점","송월동","전라남도 나주시 내동길 10-8","35.014587","126.712708","naver","편의점","고유가 피해지원금","","101778713"
"펠리아헤어","송월동","전라남도 나주시 내동길 15","35.013233","126.712912","naver","미용원","고유가 피해지원금","061)332-3600","107081568"
"시호비전  롯데마트  나주점","송월동","전라남도 나주시 내동길 15","35.013233","126.712912","naver","안경점","고유가 피해지원금","061)334-3926","63284425"
"일진마트","송월동","전남 나주시 송월동","35.020942","126.718308","dong","슈퍼마켓","고유가 피해지원금","061)336-7784","65276608"
"귀빈식당","송월동","전라남도 나주시 왕건길 43","35.017342","126.712362","naver","한식","고유가 피해지원금","061)334-0565","38278441"
"베리타블","송월동","전라남도 나주시 왕건길 33-10 1층 베리타블","35.017475","126.712303","naver","커피/음료전문점","고유가 피해지원금","","94374595"
"삼거리국밥","송월동","전라남도 나주시 왕건길 33-9","35.017642","126.712295","naver","한식","고유가 피해지원금","061)334-3337","85976933"
"브리스코리아","송월동","전남 나주시 송월동","35.015322","126.711544","dong","내의판매점","고유가 피해지원금","061)339-8110","77223481"
"디딤돌","송월동","전라남도 나주시 내동길 10-3","35.014183","126.712632","naver","한식","고유가 피해지원금","061)332-0307","116165900"
"대한산업","송월동","전라남도 나주시 빛가람로 685 10층","35.021518","126.786664","naver","기타 전자제품","고유가 피해지원금","042)271-9593","74502004"
"카페프라하","송월동","전라남도 나주시 내동길 14-2","35.013743","126.712638","naver","커피/음료전문점","고유가 피해지원금","","91466619"
"커피예가","송월동","전라남도 나주시 내동길 14","35.013606","126.712562","naver","커피/음료전문점","고유가 피해지원금","070)4608-1906","71649961"
"으뜸유통","송월동","전라남도 나주시 세지면 예향로 2982 으뜸농산","34.924769","126.706975","naver","농.수.축산물점","고유가 피해지원금","","122384148"
"타이어할인마트","송월동","전라남도 나주시 예향로 4182-1","35.026492","126.712163","naver","중고물품 판매점","고유가 피해지원금","061)334-9991","17546456"
"noumenon","송월동","전라남도 나주시 사격장길 16-2 1층","35.0191","126.712078","naver","커피/음료전문점","고유가 피해지원금","","106989052"
"천지회관","송월동","전라남도 나주시 시청길 15-12","35.014942","126.712437","naver","한식","고유가 피해지원금","061)333-9696","117011074"
"나남네트웍스","송월동","전라남도 나주시 시청길 15-8","35.015289","126.712317","naver","용역서비스업","고유가 피해지원금","061)332-3268","68640117"
"가람중기(가양지게차)","송월동","전라남도 나주시 예향로 4182","35.026377","126.712189","naver","기계 및 장비임대업","고유가 피해지원금","","106590276"
"청춘카페편의점","송월동","전남 나주시 송월동","35.014441","126.716753","dong","커피/음료전문점","고유가 피해지원금","061)334-7090","100679421"
"다온협동조합","송월동","전남 나주시 송월동","35.022784","126.715869","dong","용역서비스업","고유가 피해지원금","061)334-3119","103205224"
"명성수산","송월동","전남 나주시 송월동","35.016025","126.710877","dong","일식/생선회집","고유가 피해지원금","061)334-4153","30285240"
"명성횟집","송월동","전라남도 나주시 시청길 16-9","35.016833","126.711988","naver","일식/생선회집","고유가 피해지원금","061)334-4153","48353965"
"하이텔모텔","송월동","전라남도 나주시 왕건길 42","35.017044","126.711957","naver","기타숙박업","고유가 피해지원금","061)336-1718","105815492"
"초록나라","송월동","전라남도 나주시 왕건길 15","35.018357","126.712047","naver","기타 식품","고유가 피해지원금","062)654-1296","71868075"
"푸른 코리아","송월동","전라남도 나주시 나주로 115","35.029151","126.717473","naver","기계류 건축설비","고유가 피해지원금","061)334-0395","23323546"
"제일자동차용품백화점","송월동","전남 나주시 송월동","35.018448","126.710147","dong","차량 정비/부품/인테리어","고유가 피해지원금","061)337-4007","14999618"
"진미회관","송월동","전라남도 나주시 왕건길 39","35.0173","126.71195","naver","한식","고유가 피해지원금","061)334-2932","79938435"
"황토골","송월동","전라남도 나주시 남외2길 2","35.028683","126.720134","naver","한식","고유가 피해지원금","061)333-5961","15316934"
"커피웨이브","송월동","전라남도 나주시 시청길 21-11 1층","35.015062","126.712058","naver","커피/음료전문점","고유가 피해지원금","070)4269-9149","104230390"
"신우문화사","송월동","전라남도 나주시 시청길 19","35.015623","126.711983","naver","인쇄 및 광고","고유가 피해지원금","061)333-4450","29927503"
"행복한 커피나무","송월동","전라남도 나주시 시청길 21-7 나주시청 시민봉사과앞","35.015336","126.711958","naver","커피/음료전문점","고유가 피해지원금","061)333-0062","82569966"
"나주광고기획","송월동","전라남도 나주시 왕건길 37","35.017279","126.711747","naver","인쇄 및 광고","고유가 피해지원금","061)333-0809","69648895"
"다담칼국수","송월동","전라남도 나주시 구진포로 507","35.011673","126.712396","naver","일반음식점 기타","고유가 피해지원금","061)333-9536","28374159"
"송월점오토큐","송월동","전남 나주시 송월동","35.016872","126.710372","dong","차량 정비/부품/인테리어","고유가 피해지원금","061)333-8872","13318648"
"(주)나인네트웍스","송월동","전남 나주시 송월동","35.016672","126.718935","dong","컴퓨터기기","고유가 피해지원금","02)1600-1175","59188083"
"신발이불빨래방","송월동","전남 나주시 송월동","35.022612","126.712747","dong","세탁소","고유가 피해지원금","061)332-6969","16461845"
"자성주택","송월동","전라남도 나주시 왕건길 21","35.018285","126.711403","naver","주택/건설","고유가 피해지원금","","91158401"
"신가네","송월동","전라남도 나주시 왕건길 22-3","35.018672","126.711014","naver","한식","고유가 피해지원금","061)333-2286","95074534"
"파랑새 광고기획","송월동","전라남도 나주시 왕건길 54","35.01216","126.711702","naver","인쇄 및 광고","고유가 피해지원금","061)333-0982","54566987"
"나주시청직장어린이집","송월동","전라남도 나주시 시청길 22","35.015814","126.710814","naver","아이행복 어린이집","고유가 피해지원금","061)334-0040","85715590"
"나주시청상조회구내매점","송월동","전남 나주시 송월동","35.023033","126.715296","dong","일반음식점 기타","고유가 피해지원금","061)339-7921","59973670"
"나주시청상조회 구내매점","송월동","전남 나주시 송월동","35.015454","126.711133","dong","자동판매기 운영업","고유가 피해지원금","061)339-8411","121752335"
"나주시농업기술센터","송월동","전라남도 나주시 왕곡면 덕산길 17","34.966348","126.671899","naver","농어업용품","고유가 피해지원금","061)339-7493","78569154"
"송월주유소","송월동","전라남도 나주시 예향로 4191 (송월동)","35.026962","126.711018","naver","주유소","고유가 피해지원금","061)334-4800","100337841"
"(유)흥일하우징","송월동","전남 나주시 송월동","35.013781","126.714893","dong","건축자재","고유가 피해지원금","061)332-3333","16001241"
"장인세단기 광주전남지사","송월동","전남 나주시 송월동","35.022012","126.717687","dong","사무용기기수리","고유가 피해지원금","","89466616"
"(주)강산","송월동","전라남도 나주시 교육길 13 F동 401호","35.019841","126.779718","naver","인쇄 및 광고","고유가 피해지원금","","103190083"
"에스앤제이테크","송월동","전남 나주시 송월동","35.015756","126.718523","dong","농어업용품","고유가 피해지원금","061)332-8891","68921431"
"한성팜","송월동","전남 나주시 송월동","35.02301","126.713672","dong","기타운송기구판매점","고유가 피해지원금","061)332-8890","69152495"
"이디엘","송월동","전라남도 나주시 사격장길 57","35.019727","126.70798","naver","커피/음료전문점","고유가 피해지원금","061)336-6441","100752649"
"수리아표고농장","송촌동","전남 나주시 송촌동","35.06189","126.727992","dong","농.수.축산물점","고유가 피해지원금","","90926878"
"송현어린이집","송촌동","전라남도 나주시 송현길 39 국공립송현어린이집","35.057549","126.725717","naver","아이행복 어린이집","고유가 피해지원금","061)333-0020","60403877"
"한산농장","송촌동","전남 나주시 송촌동","35.062127","126.729328","dong","농.수.축산물점","고유가 피해지원금","","116259699"
"영 인테리어","안창동","전남 나주시 안창동","35.013922","126.689089","dong","실내장식","고유가 피해지원금","","121956052"
"별봉커피","안창동","전라남도 나주시 구진포로 253","35.003054","126.691003","naver","커피/음료전문점","고유가 피해지원금","","106831031"
"제창마을 부녀회","안창동","전남 나주시 안창동","35.014159","126.690425","dong","한식","고유가 피해지원금","","119541317"
"나주영산포파크골프장","안창동","전라남도 나주시 봉황로 37-7","34.988903","126.728388","naver","골프장","고유가 피해지원금","061)339-4528","122098182"
"강촌장어","안창동","전라남도 나주시 구진포로 157 강촌장어","35.005931","126.68128","naver","한식","고유가 피해지원금","061)334-6383","6488310"
"채소나라","영산동","전남 나주시 영산동","35.002688","126.725805","dong","농.수.축산물점","고유가 피해지원금|온누리|전통시장","","97578819"
"정다운식품","영산동","전라남도 나주시 골모실길 32","34.999511","126.715604","naver","농.수.축산물점","고유가 피해지원금|전통시장","","88466416"
"파티","영산동","전라남도 나주시 쌍산3길 29 1층","35.028466","126.796433","naver","미곡상","고유가 피해지원금","061)332-2244","104465591"
"나주종합씽크","영산동","전라남도 나주시 풍물시장2길 3","34.992935","126.706467","naver","주방기구점","고유가 피해지원금","061)333-3190","17320793"
"한일지업사","영산동","전라남도 나주시 예향로 3866","34.999156","126.713761","naver","지물 및 천막","고유가 피해지원금","061)334-3526","17323221"
"종로약국","영산동","전라남도 나주시 예향로 3873-2 종로약국","34.999869","126.713287","naver","약국","고유가 피해지원금","061)332-4004","44499259"
"장수복집","영산동","전라남도 나주시 영산3길 32-22 장수복집","35.000149","126.713165","naver","한식","고유가 피해지원금|온누리","061)332-3303","52143011"
"이준외과의원","영산동","전라남도 나주시 영산3길 32-16","35.000366","126.712815","naver","일반.치과.한의원","고유가 피해지원금","061)333-3330","10533731"
"한일천막사","영산동","전라남도 나주시 예향로 3865","34.9991","126.713426","naver","지물 및 천막","고유가 피해지원금","061)334-2104","110815778"
"5일시장","영산동","전라남도 나주시 풍물시장2길 12-14","34.991683","126.707263","naver","주방 및 가정용품점","고유가 피해지원금","061)332-4494","59032844"
"부산식당","영산동","전라남도 나주시 영산3길 29","35.001019","126.712792","naver","한식","고유가 피해지원금","061)333-4547","22949681"
"삼성전자영산포대리점","영산동","전남 나주시 영산동","35.001334","126.725218","dong","가전제품점","고유가 피해지원금","061)333-7700","1354028"
"부부원목가구","영산동","전남 나주시 영산동","35.001746","126.727941","dong","일반가구점","고유가 피해지원금","061)333-3066","6913958"
"광주 누수 종합설비","영산동","전남 나주시 영산동","35.003313","126.725607","dong","주택/건설","고유가 피해지원금","062)382-6363","91668562"
"영일복집","영산동","전라남도 나주시 영산3길 22 -1,","35.000742","126.712","naver","한식","고유가 피해지원금|온누리","061)334-3596","102638793"
"전남나주지역자활센터나르다","영산동","전남 나주시 영산동","35.003085","126.727691","dong","용역서비스업","고유가 피해지원금","061)333-8890","111081355"
"전남나주지역자활센터","영산동","전라남도 나주시 오포길 31 1층","34.998305","126.712823","naver","자전거판매점","고유가 피해지원금","061)333-8890","46096405"
"브리즈","영산동","전라남도 나주시 선창길 11","35.000915","126.711801","naver","휴게음식점","고유가 피해지원금|온누리","061)337-2451","78573655"
"미경종합사","영산동","전남 나주시 영산동","35.003724","126.726406","dong","기타 건축자재","고유가 피해지원금|온누리","061)332-4444","111168888"
"모텔스퀘어","영산동","전라남도 나주시 선창길 21","35.000502","126.711162","naver","기타숙박업","고유가 피해지원금","061)333-0927","58741547"
"금성통닭","영산동","전라남도 나주시 영산3길 13","35.000512","126.711382","naver","일반주점","고유가 피해지원금","061)333-3047","44343341"
"등대홍어맛집","영산동","전라남도 나주시 영산3길 11-1","35.000372","126.711216","naver","한식","고유가 피해지원금|온누리","062)334-2897","113886336"
"선창홍어","영산동","전라남도 나주시 영산동 251-5","34.999727","126.71014","naver","농.수.축산물점","고유가 피해지원금","061)336-0522","20346508"
"더벤티 나주영산포점","영산동","전라남도 나주시 영산3길 8-4 1~2층","35.000074","126.710978","naver","커피/음료전문점","고유가 피해지원금|온누리","061)333-6891","108085639"
"희망방앗간","영산동","전라남도 나주시 영산2길 21 1층","34.999644","126.711012","naver","커피/음료전문점","고유가 피해지원금|온누리","","116803963"
"강변홍어","영산동","전라남도 나주시 영산3길 8 동일건재사","35.000023","126.710822","naver","한식","고유가 피해지원금|온누리","061)334-5403","111861792"
"북경반점","영산동","전라남도 나주시 내동길 10","35.014016","126.712783","naver","중식","고유가 피해지원금","061)335-3152","72683231"
"책방타강and홍어푸딩","영산동","전남 나주시 영산동","35.000313","126.725852","dong","커피/음료전문점","고유가 피해지원금","","122337306"
"진영씨푸드","영산동","전남 나주시 영산동","35.002944","126.728151","dong","농.수.축산물점","고유가 피해지원금|온누리","061)334-5403","111826440"
"영산포홍어","영산동","전라남도 나주시 영산3길 6","34.999944","126.710685","naver","한식","고유가 피해지원금|온누리","061)337-5000","66874605"
"창구수산","영산동","전라남도 나주시 영산2길 26","34.999698","126.710699","naver","농.수.축산물점","고유가 피해지원금|온누리|전통시장","","105881103"
"신신상회","영산동","전남 나주시 영산동","35.003983","126.726812","dong","농.수.축산물점","고유가 피해지원금","061)332-6063","69254241"
"홍어1번지","영산동","전라남도 나주시 영산3길 2-1 홍어1번지","34.999828","126.710404","naver","한식","고유가 피해지원금|온누리","061)332-7444","111519387"
"씨유(CU)나주영산교점","영산동","전라남도 나주시 영산포로 198-1","34.999223","126.710783","naver","편의점","고유가 피해지원금","02)1577-8007","112605374"
"남도홍어","영산동","전라남도 나주시 영산포로 198-1","34.999146","126.710536","naver","농.수.축산물점","고유가 피해지원금","061)333-8882","89205387"
"홍어1번지","영산동","전라남도 나주시 영산3길 2-1 홍어1번지","34.999828","126.710404","naver","한식","고유가 피해지원금|온누리","061)332-7444","77575870"
"진영홍어점","영산동","전남 나주시 영산동","35.003577","126.727852","dong","농.수.축산물점","고유가 피해지원금|온누리","061)334-5402","82846313"
"금일홍어","영산동","전라남도 나주시 영산포로 202","34.99928","126.710472","naver","한식","고유가 피해지원금|온누리","061)334-0092","38120149"
"(주)제일홍어","영산동","전라남도 나주시 영산포로 202-1 나주제일홍어","34.999381","126.710425","naver","농.수.축산물점","고유가 피해지원금|온누리","061)331-2587","122243691"
"삼화상회","영산동","전라남도 나주시 영산포로 204","34.999516","126.710365","naver","농.수.축산물점","고유가 피해지원금|온누리","061)331-4455","47976553"
"영산포 명품홍어","영산동","전라남도 나주시 동수농공단지길 99-11","34.983845","126.682483","naver","농.수.축산물점","고유가 피해지원금","061)333-3536","102163956"
"금일수산","영산동","전남 나주시 영산동","35.002629","126.728533","dong","농.수.축산물점","고유가 피해지원금","061)334-0092","112369220"
"홍어세상2호","영산동","전라남도 나주시 영산포로 206-1","34.999708","126.710302","naver","농.수.축산물점","고유가 피해지원금|온누리","061)333-0017","91637255"
"헬스개인레슨","영산동","전남 나주시 영산동","35.000042","126.727234","dong","종합스포츠센터","고유가 피해지원금","","117246092"
"노다지청과물상회","영산동","전라남도 나주시 영산포로 194-2","34.99883","126.710479","naver","농.수.축산물점","고유가 피해지원금","","120830857"
"영산포홍어영농조합법인","영산동","전라남도 나주시 영산동 251-3","35.000162","126.710709","naver","농.수.축산물점","고유가 피해지원금","061)337-5000","34171681"
"순영상회","영산동","전남 나주시 영산동","35.001416","126.728593","dong","농.수.축산물점","고유가 피해지원금|온누리","061)333-0440","47695471"
"금산수산","영산동","전라남도 나주시 영산포로 205 금산수산","34.999587","126.710068","naver","농.수.축산물점","고유가 피해지원금|온누리","061)334-5454","31193062"
"송월수산","영산동","전라남도 나주시 영산포로 199 송월수산","34.999173","126.71023","naver","농.수.축산물점","고유가 피해지원금|온누리","061)334-5659","54912461"
"미건광주전남서비스","영산동","전남 나주시 영산동","35.003373","126.728322","dong","가정용품수리","고유가 피해지원금","062)374-2394","74980852"
"형진수산","영산동","전라남도 나주시 영산포로 201","34.999224","126.710152","naver","농.수.축산물점","고유가 피해지원금|온누리","061)337-0613","35291679"
"다복가든","영산동","전라남도 나주시 영산포로 192","34.998433","126.710327","naver","한식","고유가 피해지원금|온누리","061)333-2701","42747413"
"나주제일홍어","영산동","전라남도 나주시 영산포로 202-1 나주제일홍어","34.999381","126.710425","naver","농.수.축산물점","고유가 피해지원금|온누리","061)333-8989","43777206"
"영광홍어","영산동","전라남도 나주시 영산포로 194","34.998566","126.710377","naver","농.수.축산물점","고유가 피해지원금|온누리","061)336-7191","106730463"
"흥신수산","영산동","전라남도 나주시 영산포로 195","34.998916","126.710202","naver","농.수.축산물점","고유가 피해지원금|온누리","061)334-3118","39951977"
"용석상회","영산동","전라남도 나주시 영산포로 191-1","34.998664","126.71012","naver","농.수.축산물점","고유가 피해지원금","061)222-3333","84836002"
"태영담뱃잎가게","영산동","전남 나주시 영산동","34.999729","126.726809","dong","일반잡화판매점","고유가 피해지원금|온누리","","106958701"
"전남수산","영산동","전라남도 나주시 영산포로 205-13 금성수산","34.999427","126.70948","naver","일식/생선회집","고유가 피해지원금|온누리","061)361-7797","75389848"
"홍어랑돈이랑","영산동","전라남도 나주시 영산포로 190 잉글랜드양화점","34.998252","126.710224","naver","한식","고유가 피해지원금|온누리","061)332-9092","61675859"
"밀반나라","영산동","전라남도 나주시 영산포로 188-1","34.99812","126.710159","naver","한식","고유가 피해지원금|온누리","061)334-3389","96115367"
"영산포자율상권조합","영산동","전라남도 나주시 영산3길 17 2층 상권활성화사업 추진단","35.000711","126.711513","naver","기타 신변잡화","고유가 피해지원금","","121721604"
"호남수산참숯숙성홍어 영산포본점","영산동","전남 나주시 영산동","34.999854","126.725474","dong","농.수.축산물점","고유가 피해지원금|온누리","061)333-4070","52874736"
"영라자전거상회","영산동","전남 나주시 영산동","35.003022","126.728735","dong","자전거판매점","고유가 피해지원금|온누리","061)334-3648","1700365"
"삼성홍어","영산동","전라남도 나주시 영산포로 193 삼성홍어","34.998758","126.710164","naver","농.수.축산물점","고유가 피해지원금|온누리","061)331-9436","47731481"
"복전슈퍼","영산동","전라남도 나주시 영산포로 206","34.999617","126.710339","naver","슈퍼마켓","고유가 피해지원금|온누리","061)334-3029","44650715"
"마루전통찻집","영산동","전라남도 나주시 영산포로 184-1","34.997811","126.71007","naver","휴게음식점","고유가 피해지원금|온누리","061)333-6567","94772569"
"금성수산","영산동","전라남도 나주시 영산포로 205-13 금성수산","34.999427","126.70948","naver","농.수.축산물점","고유가 피해지원금|온누리","061)333-6060","41504629"
"대풍집","영산동","전라남도 나주시 영산포로 187","34.9979","126.709775","naver","한식","고유가 피해지원금|온누리","061)332-0301","67738775"
"대풍축산","영산동","전라남도 나주시 금천면 광암1길 100","35.02033","126.769813","naver","정육점","고유가 피해지원금|온누리","061)333-0304","118773027"
"마샬미용실","영산동","전남 나주시 영산동","34.999534","126.726286","dong","미용원","고유가 피해지원금","061)332-9303","92566700"
"마노183","영산동","전라남도 나주시 영산포로 183","34.997758","126.709757","naver","휴게음식점","고유가 피해지원금|온누리","061)334-7027","79863071"
"홍어세상","영산동","전라남도 나주시 영산포로 205-41","34.999346","126.708999","naver","농.수.축산물점","고유가 피해지원금|온누리","061)334-0589","79278943"
"홍어시대","영산동","전라남도 나주시 영산포로 205-39 1층 홍어시대","34.999269","126.708667","naver","농.수.축산물점","고유가 피해지원금|온누리","061)333-9209","60298091"
"창주상회","영산동","전라남도 나주시 대흥3길 32-1","34.999237","126.708532","naver","농.수.축산물점","고유가 피해지원금|온누리","061)333-0031","49644030"
"영산나루","영산동","전라남도 나주시","34.998615","126.705325","naver","커피/음료전문점","고유가 피해지원금","061)332-3342","87873476"
"농업회사법인 유한회사 휴고원","오량동","전남 나주시 오량동","34.980567","126.661116","dong","화원","고유가 피해지원금","","102057847"
"한사랑 의원","왕곡면","전남 나주시 왕곡면","34.961561","126.673912","dong","일반.치과.한방병원","고유가 피해지원금","061)333-3700","122278742"
"한마음요양병원","왕곡면","전라남도 나주시 예향로 3782","34.992184","126.711185","naver","일반.치과.한방병원","고유가 피해지원금","","117320038"
"한우리장례식장","왕곡면","전라남도 나주시 왕곡면 영산포로 30-11","34.985797","126.706944","naver","장의서비스/제수용품","고유가 피해지원금","061)335-4949","107489232"
"한결매점","왕곡면","전라남도 나주시 왕곡면 영산포로 30-13 한결우리요양병원 한결우리매점","34.986118","126.706717","naver","일반잡화판매점","고유가 피해지원금","","108164969"
"천염염색공방 오달진","왕곡면","전남 나주시 왕곡면","34.9603","126.675596","dong","옷감판매점","고유가 피해지원금","070)7614-3579","82573407"
"천지상사","왕곡면","전라남도 나주시 왕곡면 영산포로 46","34.986651","126.704933","naver","기타운송기구판매점","고유가 피해지원금","061)333-2280","28334293"
"남부휴계소식당","왕곡면","전라남도 나주시 왕곡면 영산포로 22","34.983515","126.706224","naver","한식","고유가 피해지원금","061)334-3388","102455764"
"국제농기계수리센타","왕곡면","전라남도 나주시 금영로 260","34.991664","126.741345","naver","기타 수리서비스","고유가 피해지원금","061)333-3355","114437215"
"국제농기계","왕곡면","전라남도 나주시 왕곡면 불로길 5 TYM국제농기계","34.987426","126.703866","naver","기타운송기구판매점","고유가 피해지원금","061)333-3355","16472330"
"한국타이어영산포대리점","왕곡면","전라남도 나주시 왕곡면 영산포로 32","34.985471","126.704826","naver","차량 정비/부품/인테리어","고유가 피해지원금","061)32-9680","8565176"
"금호 모터스","왕곡면","전남 나주시 왕곡면","34.962304","126.675018","dong","차량 정비/부품/인테리어","고유가 피해지원금","061)333-9998","103351695"
"월출산흑염소","왕곡면","전라남도 나주시 왕곡면 예향로 3685","34.986235","126.703778","naver","일반음식점 기타","고유가 피해지원금","061)335-3842","91570015"
"주몽휴게소 마트","왕곡면","전라남도 나주시 왕곡면 예향로 3683","34.986256","126.703773","naver","일반잡화판매점","고유가 피해지원금","061)334-1911","95081211"
"주몽가든맛집","왕곡면","전라남도 나주시 왕곡면 예향로 3683","34.986256","126.703773","naver","한식","고유가 피해지원금|온누리","061)337-6363","12245251"
"영산주유소","왕곡면","전라남도 나주시 왕곡면 예향로 3677","34.985869","126.70396","naver","주유소","고유가 피해지원금","061)334-7731","74148735"
"조운식당","왕곡면","전라남도 나주시 왕곡면 영산포로 4 B동 1층","34.982945","126.704855","naver","한식","고유가 피해지원금","061)333-2827","120722951"
"나주농축산기자재","왕곡면","전라남도 나주시 왕곡면 영산포로 4 나주농축산기자재","34.982829","126.705085","naver","농어업용품","고유가 피해지원금","061)335-4685","110750331"
"(주)종합영산포주유소","왕곡면","전라남도 나주시 왕곡면 나주서부로 11","34.98507","126.702825","naver","주유소","고유가 피해지원금","061)337-6969","49848949"
"(주)종합","왕곡면","전라남도 나주시 정보화길 49 빛가람동","35.024137","126.798734","naver","충전소","고유가 피해지원금","061)337-6969","40809221"
"새숲축산물유통센터","왕곡면","전남 나주시 왕곡면","34.959647","126.673511","dong","정육점","고유가 피해지원금","061)337-8580","79509724"
"(유)새숲","왕곡면","전라남도 나주시 왕곡면 불로길 7-19","34.985705","126.702985","naver","농.수.축산물점","고유가 피해지원금","061)337-8580","68101933"
"한박사카센타","왕곡면","전라남도 나주시 나주서부로 89","34.98382","126.694814","naver","차량 정비/부품/인테리어","고유가 피해지원금","061)336-0042","55445243"
"조선옛날국밥","왕곡면","전라남도 나주시 왕곡면 예향로 3631 조선옛날국밥","34.981593","126.703579","naver","한식","고유가 피해지원금","061)334-1463","62871947"
"대명공업사","왕곡면","전라남도 나주시 왕곡면 예향로 3631-10","34.980973","126.703788","naver","차량 정비/부품/인테리어","고유가 피해지원금","061)336-2509","85061669"
"태양농기계","왕곡면","전남 나주시 왕곡면","34.960393","126.672875","dong","기타 수리서비스","고유가 피해지원금","061)333-6201","109281111"
"에이치네트웍스","왕곡면","전남 나주시 왕곡면","34.960176","126.676244","dong","건강식품점","고유가 피해지원금","","103296731"
"화성자동차공업사","왕곡면","전라남도 나주시 왕곡면 예향로 3609","34.979634","126.70395","naver","차량 정비/부품/인테리어","고유가 피해지원금","061)337-0997","20728907"
"남도상사","왕곡면","전라남도 나주시 왕곡면 양산리","34.962944","126.704091","naver","건축자재","고유가 피해지원금","061)337-6047","88692561"
"양산하우징","왕곡면","전라남도 나주시 왕곡면 예향로 3534","34.973113","126.706733","naver","기계류 건축설비","고유가 피해지원금","","120368985"
"양산LPG충전소","왕곡면","전라남도 나주시 왕곡면 예향로 3532 양산 LPG충전소","34.972845","126.706725","naver","충전소","고유가 피해지원금","061)514-8134","71229867"
"신성농자재","왕곡면","전라남도 나주시 왕곡면 장산양산길 21","34.974725","126.70527","naver","농어업용품","고유가 피해지원금","061)337-9909","57909783"
"함손건설기계","왕곡면","전라남도 나주시 왕곡면 장산양산길 18 함손건설기계","34.974687","126.704728","naver","기타운송기구판매점","고유가 피해지원금","061)336-6114","23455283"
"함손건설기계","왕곡면","전라남도 나주시 왕곡면 장산양산길 18 함손건설기계","34.974687","126.704728","naver","기계류 건축설비","고유가 피해지원금","061)471-6114","86416631"
"마한농업협동조합양산지점 하나로마트","왕곡면","전남 나주시 왕곡면","34.960776","126.676566","dong","농.수.축협직판장","고유가 피해지원금","061)337-6005","120186754"
"컴포즈커피 나주마한농협양산점","왕곡면","전라남도 나주시 왕곡면 장산양산길 37","34.973347","126.705656","naver","커피/음료전문점","고유가 피해지원금","061)337-5690","120520111"
"마한농혐주유소 양산점","왕곡면","전남 나주시 왕곡면","34.95892","126.6746","dong","주유소","고유가 피해지원금","061)337-5785","85265328"
"마한농협주유소 양산점","왕곡면","전남 나주시 왕곡면","34.96245","126.675959","dong","주유소","고유가 피해지원금","061)337-6202","111777572"
"씨유 나주갑산광장점","왕곡면","전라남도 나주시 왕곡면 예향로 3527 (양산리)","34.972269","126.705924","naver","편의점","고유가 피해지원금","061)336-7906","76905249"
"롯데샘물","왕곡면","전라남도 나주시 빛가람동","35.02188","126.7902","naver","정수기판매점","고유가 피해지원금","070)8875-6674","69851516"
"양산자동차서비스","왕곡면","전라남도 나주시 왕곡면 장산양산길 56","34.971692","126.706041","naver","차량 정비/부품/인테리어","고유가 피해지원금","061)331-0238","19710370"
"엄마쌈밥","왕곡면","전라남도 나주시 왕곡면 고분로 1576 엄마쌈밥","34.97117","126.706208","naver","한식","고유가 피해지원금","061)471-1040","99784563"
"케이에스산업","왕곡면","전라남도 나주시 왕곡면 예향로 3488-7","34.969434","126.707714","naver","건축자재","고유가 피해지원금","","109924604"
"양산 삼겹살","왕곡면","전라남도 나주시 왕곡면 고분로 1571-1","34.971093","126.705748","naver","한식","고유가 피해지원금","061)337-5222","108629705"
"양산삼겹살","왕곡면","전라남도 나주시 왕곡면 고분로 1571-1","34.971093","126.705748","naver","한식","고유가 피해지원금","061)337-5222","101748240"
"정희식당","왕곡면","전라남도 나주시 왕곡면 고분로 1568 정희식육점","34.970602","126.705776","naver","한식","고유가 피해지원금","061)337-3847","101657944"
"한서종합SS기","왕곡면","전라남도 나주시 왕곡면 예향로 3474","34.967778","126.707594","naver","기타 수리서비스","고유가 피해지원금","061)333-5372","14458139"
"자연농업나주배영농조합","왕곡면","전라남도 나주시 왕곡면 예향로 3462","34.966704","126.707541","naver","농.수.축산물점","고유가 피해지원금","061)337-1570","38587320"
"유한회사아그로뱅크","왕곡면","전남 나주시 왕곡면","34.962859","126.673465","dong","농어업용품","고유가 피해지원금","061)337-1119","71354377"
"나주임업협동조합","왕곡면","전라남도 나주시 왕곡면 예향로 3417","34.962687","126.706618","naver","화원","고유가 피해지원금","061)331-8033","96976853"
"유한회사 에이스","왕곡면","전남 나주시 왕곡면","34.962246","126.676429","dong","정육점","고유가 피해지원금","070)4125-9310","106766168"
"제일식당","왕곡면","전남 나주시 왕곡면","34.961221","126.672336","dong","일반음식점 기타","고유가 피해지원금","","108762213"
"양산주유소","왕곡면","전라남도 나주시 왕곡면 예향로 3531","34.972694","126.705951","naver","주유소","고유가 피해지원금","061)337-8886","30086744"
"양산휴게소","왕곡면","전라남도 나주시 왕곡면 예향로 3385","34.959573","126.706854","naver","일반잡화판매점","고유가 피해지원금","061)337-5230","38998317"
"(주)서진푸드","왕곡면","전라남도 나주시 왕곡면 혁신산단2길 16","34.972509","126.693434","naver","농.수.축산물점","고유가 피해지원금","061)333-2590","122308661"
"조은땅 에프에스","왕곡면","전남 나주시 왕곡면","34.961059","126.676919","dong","정육점","고유가 피해지원금","061)888-8999","117774408"
"원육왕 정육점 곱x곱 내장총판점","왕곡면","전남 나주시 왕곡면","34.962435","126.672781","dong","농.수.축산물점","고유가 피해지원금","061)335-0885","107493088"
"(주)무등프라임","왕곡면","전남 나주시 왕곡면","34.958602","126.674916","dong","정육점","고유가 피해지원금","","109283726"
"(주)새천년자동차운전전문학원","왕곡면","전라남도 나주시 왕곡면 고분로 1465","34.96577","126.697258","naver","자동차학원","고유가 피해지원금","061)337-8332","81152271"
"쉼터","왕곡면","전라남도 나주시 공산면","34.937389","126.582466","naver","일반잡화판매점","고유가 피해지원금","061)337-8522","81166224"
"유)신원1급자동차정비공업","왕곡면","전남 나주시 왕곡면","34.959755","126.676682","dong","차량 정비/부품/인테리어","고유가 피해지원금","061)337-6111","7856124"
"카페오르(혁신산단점)","왕곡면","전라남도 나주시 왕곡면 혁신산단중앙길 24 103호","34.972065","126.689349","naver","커피/음료전문점","고유가 피해지원금","","119547511"
"세븐일레븐 나주혁신산단점","왕곡면","전라남도 나주시 왕곡면 혁신산단중앙길 24 102호 세븐일레븐 나주혁신산단점","34.972078","126.689339","naver","편의점","고유가 피해지원금","02)1577-0711","89206162"
"나주우렁이영어조합법인","왕곡면","전남 나주시 왕곡면","34.961895","126.676842","dong","농.수.축산물점","고유가 피해지원금","070)7614-3579","117882608"
"신밭드농장","왕곡면","전남 나주시 왕곡면","34.961761","126.672271","dong","농.수.축산물점","고유가 피해지원금","","107785558"
"연방죽참숯불구이","왕곡면","전라남도 나주시 왕곡면 고분로 1323","34.958733","126.686039","naver","한식","고유가 피해지원금","061)332-7780","96094215"
"금성숯불구이","왕곡면","전라남도 나주시 나주로 134-3","35.030844","126.717478","naver","한식","고유가 피해지원금","061)333-9280","83287671"
"혁신산단 한식뷔페","왕곡면","전라남도 나주시 왕곡면 덕산중앙길 51","34.968331","126.678622","naver","한식","고유가 피해지원금","","113576171"
"아트릭스엔터","왕곡면","전남 나주시 왕곡면","34.960526","126.67707","dong","이벤트업","고유가 피해지원금","","119358718"
"명성숯불가든","왕곡면","전라남도 나주시 왕곡면 덕실길 27-8","34.969117","126.676766","naver","일반음식점 기타","고유가 피해지원금","061)336-0077","110233391"
"카페정원","왕곡면","전라남도 나주시 왕곡면 덕실길 27-4 카페정원","34.968678","126.676557","naver","커피/음료전문점","고유가 피해지원금","","114649932"
"왕짜장","왕곡면","전라남도 나주시 왕곡면 덕실길 7","34.96963","126.67409","naver","중식","고유가 피해지원금","061)332-2222","97237360"
"에코왕곡영농조합법인","왕곡면","전라남도 나주시 왕곡면 나주서부로 371-13","34.967317","126.672655","naver","농.수.축산물점","고유가 피해지원금","061)335-8101","73478372"
"에코왕곡영농조합법인","왕곡면","전라남도 나주시 왕곡면 나주서부로 371-13","34.967317","126.672655","naver","기타숙박업","고유가 피해지원금","070)7076-5140","67032319"
"농업회사법인 주식회사 삶앤스토리","왕곡면","전남 나주시 왕곡면","34.96352","126.674338","dong","기타 레저업소","고유가 피해지원금","","99277815"
"마한농업협동조합왕곡지점 하나로마트","왕곡면","전남 나주시 왕곡면","34.958857","126.673025","dong","농.수.축협직판장","고유가 피해지원금","061)335-6641","120193391"
"마한농업협동조합왕곡지점","왕곡면","전라남도 나주시 왕곡면 나주서부로 372","34.968885","126.671813","naver","연탄 및 유류판매점","고유가 피해지원금","061)335-6643","48825999"
"배꽃가든","왕곡면","전라남도 나주시 왕곡면 나주서부로 377","34.968286","126.671844","naver","한식","고유가 피해지원금","061)335-5656","52736989"
"혁신 유통","왕곡면","전라남도 나주시 빛가람로 676","35.020787","126.785256","naver","주방 및 가정용품점","고유가 피해지원금","","106280024"
"김대감","왕곡면","전라남도 나주시 왕곡면 나주서부로 383-2","34.967906","126.670964","naver","한식","고유가 피해지원금","061)333-5712","106465962"
"주영슈퍼","왕곡면","전라남도 나주시 왕곡면 나주서부로 385","34.967791","126.670825","naver","일반잡화판매점","고유가 피해지원금","061)335-8989","73880611"
"나주시농업기술센터","왕곡면","전라남도 나주시 왕곡면 덕산길 17","34.966348","126.671899","naver","기타 수리서비스","고유가 피해지원금","061)330-8375","58074233"
"에코왕곡 권역부녀회식당","왕곡면","전남 나주시 왕곡면","34.963367","126.673425","dong","한식","고유가 피해지원금","061)335-8101","99279971"
"시골감성치킨","왕곡면","전남 나주시 왕곡면","34.958352","126.673806","dong","일반음식점 기타","고유가 피해지원금","061)336-0804","94323381"
"왕곡가든","왕곡면","전라남도 나주시 왕곡면 나주서부로 389","34.967613","126.670584","naver","한식","고유가 피해지원금","061)337-9990","37370804"
"카페391","왕곡면","전라남도 나주시 왕곡면 나주서부로 391 1층","34.967515","126.670487","naver","커피/음료전문점","고유가 피해지원금","","93562158"
"(주)대원에너지일봉지점","왕곡면","전라남도 나주시 왕곡면 여시물길 70","34.961678","126.670045","naver","주유소","고유가 피해지원금","061)336-4980","114414407"
"일봉서비스","왕곡면","전남 나주시 왕곡면","34.963673","126.674917","dong","차량 정비/부품/인테리어","고유가 피해지원금","061)336-4980","122119282"
"으뜸농장","왕곡면","전라남도 나주시 왕곡면 행장길 65","34.945579","126.682771","naver","농.수.축산물점","고유가 피해지원금","","114628370"
"나주골참살이","왕곡면","전남 나주시 왕곡면","34.960852","126.677364","dong","농.수.축산물점","고유가 피해지원금","","115733011"
"철오식물원","왕곡면","전남 나주시 왕곡면","34.962887","126.672595","dong","화원","고유가 피해지원금","","108501237"
"옥내산업사","왕곡면","전라남도 나주시 나주서부로 497","34.966028","126.659358","naver","건축자재","고유가 피해지원금","061)335-5635","62092049"
"청진건어물","왕곡면","전남 나주시 왕곡면","34.963115","126.676369","dong","농.수.축산물점","고유가 피해지원금","","118265165"
"세종교육","왕곡면","전라남도 나주시 왕곡면 가르뫼길 19","34.967023","126.656014","naver","서점","고유가 피해지원금","062)431-8767","84987712"
"대양상회","왕곡면","전남 나주시 왕곡면","34.959345","126.676931","dong","미곡상","고유가 피해지원금","061)336-8520","94780861"
"산지","왕곡면","전라남도 나주시 남평읍 교원교촌길 94","35.040264","126.843119","naver","농.수.축산물점","고유가 피해지원금","","93017861"
"레인보우팜 주식회사 농업회사법인","왕곡면","전남 나주시 왕곡면","34.958449","126.673194","dong","미곡상","고유가 피해지원금","061)335-0021","86039379"
"박포사거리","왕곡면","전남 나주시 왕곡면","34.961838","126.677313","dong","커피/음료전문점","고유가 피해지원금","062)336-3690","116107393"
"큰산골","왕곡면","전라남도 나주시 왕곡면 무숙로 4","34.957687","126.645235","naver","한식","고유가 피해지원금","061)336-9292","30990708"
"편지","왕곡면","전남 나주시 왕곡면","34.958286","126.675731","dong","커피/음료전문점","고유가 피해지원금","061)513-0580","121121434"
"중국관","용산동","전라남도 나주시 영나로 2421","34.992851","126.721706","naver","중식","고유가 피해지원금","061)335-2100","38024158"
"이가네 식당","용산동","전라남도 나주시 석산길 1 이가네 화덕갈비","34.996045","126.720214","naver","한식","고유가 피해지원금","061)333-2999","75350701"
"영림기업","용산동","전라남도 나주시 영나로 2444-25 안전석유","34.994891","126.723921","naver","주택/건설","고유가 피해지원금","061)332-0125","71331530"
"우리철거 자원(인테리어)","용산동","전라남도 나주시 영나로 2444-19 우리철거자원인테리어","34.995161","126.723224","naver","중고물품 판매점","고유가 피해지원금","","39990533"
"아세아농기계판매","용산동","전라남도 나주시 영나로 2444-17","34.995042","126.723136","naver","기타운송기구판매점","고유가 피해지원금","061)333-5270","15942786"
"나주배터리상사","용산동","전라남도 나주시 영나로 2444-9 나주배터리상사","34.994806","126.722258","naver","차량 정비/부품/인테리어","고유가 피해지원금","061)332-4273","114094484"
"장평흑염소","용산동","전라남도 나주시 영나로 2442","34.994498","126.721447","naver","건강식품점","고유가 피해지원금","061)333-4456","118017806"
"한성S.S기","용산동","전라남도 나주시 풍물시장2길 23-2","34.993517","126.707778","naver","기타 수리서비스","고유가 피해지원금","061)334-7085","56288094"
"석산오리","용산동","전라남도 나주시 석산길 19","34.9974","126.719714","naver","한식","고유가 피해지원금","061)332-9289","5406158"
"영산포어린이집","용산동","전라남도 나주시 가마태길 38","34.994109","126.720677","naver","아이행복 어린이집","고유가 피해지원금","061)334-5112","66498353"
"아름 피부샵","용산동","전라남도 나주시 가마태길 38 용산주공아파트","34.994366","126.720641","naver","피부미용원","고유가 피해지원금","","114519123"
"영진문화사","용산동","전남 나주시 용산동","34.991959","126.721062","dong","인쇄 및 광고","고유가 피해지원금","061)336-1551","113797793"
"굿모닝헤어샵","용산동","전라남도 나주시 가마태길 38","34.994409","126.720638","naver","미용원","고유가 피해지원금","061)335-3752","62274038"
"딱술한잔만","용산동","전남 나주시 용산동","34.993938","126.721451","dong","일반음식점 기타","고유가 피해지원금","","120524684"
"광주민물수산","용산동","전남 나주시 용산동","34.991153","126.722128","dong","농.수.축산물점","고유가 피해지원금","","106071982"
"나주장의사","용산동","전라남도 나주시 금영로 23","34.995399","126.716759","naver","장의서비스/제수용품","고유가 피해지원금","061)332-2244","111330131"
"우진농산","용산동","전남 나주시 용산동","34.992758","126.720721","dong","농.수.축산물점","고유가 피해지원금","","119743732"
"현우농원","용산동","전라남도 나주시 영나로 2421 203동 105호","34.992105","126.72157","naver","농.수.축산물점","고유가 피해지원금","","107330908"
"지에스25 나주용산주공점","용산동","전라남도 나주시 영나로 2421 상가동 (용산동 344)","34.992105","126.721569","naver","편의점","고유가 피해지원금","","113899920"
"태릉갈비","용산동","전라남도 나주시 가마태길 37 태릉갈비","34.994655","126.720345","naver","한식","고유가 피해지원금","061)334-1503","51694609"
"남부주유소","용산동","전라남도 나주시 가마태길 33 (용산동)","34.994608","126.719876","naver","주유소","고유가 피해지원금","061)336-1585","104827506"
"영산포 장의사","용산동","전라남도 나주시 금영로 23","34.995399","126.716759","naver","장의서비스/제수용품","고유가 피해지원금","","111746052"
"조선식당","용산동","전라남도 나주시 남교1길 26","34.995976","126.71717","naver","한식","고유가 피해지원금","061)336-3392","86233661"
"성호카인테리어","용산동","전남 나주시 용산동","34.994234","126.723211","dong","차량 정비/부품/인테리어","고유가 피해지원금","061)332-9966","47030495"
"(주)나주렉카","용산동","전라남도 나주시 정보화길 38","35.023378","126.798145","naver","차량 정비/부품/인테리어","고유가 피해지원금","061)332-9890","108160650"
"용산회포차","용산동","전라남도 나주시 금영로 26","34.994997","126.717047","naver","한식","고유가 피해지원금","061)334-0130","62836371"
"풍전기업","용산동","전남 나주시 용산동","34.994392","126.721615","dong","건축자재","고유가 피해지원금","061)334-8000","79826751"
"주공슈퍼","용산동","전라남도 나주시 가마태길 38","34.994409","126.720726","naver","슈퍼마켓","고유가 피해지원금","061)334-7056","85424803"
"청소왕꼼꼼이","용산동","전라남도 나주시 금성길 18 보훈빌딩 2층","35.030659","126.71877","naver","용역서비스업","고유가 피해지원금","061)333-1012","91858901"
"휠앤스","운곡동","전라남도 나주시 학생운동길 18 휠앤스","35.028173","126.7217","naver","의료기기 및 용품","고유가 피해지원금","070)4036-1585","71159736"
"영산포곱창","운곡동","전라남도 나주시 영산포로 91-2 1층","34.990681","126.705185","naver","한식","고유가 피해지원금","061)336-7792","119910404"
"나주난원","운곡동","전라남도 나주시 영산포로 83","34.989953","126.705234","naver","화원","고유가 피해지원금","","42950985"
"소망건강원","운곡동","전라남도 나주시 영산포로 81","34.989633","126.705214","naver","건강식품점","고유가 피해지원금","061)333-0545","100651027"
"싸이카하우스","운곡동","전라남도 나주시 영산포로 75","34.989252","126.705168","naver","오토바이판매점","고유가 피해지원금","061)333-7420","110740720"
"옛날버드나무집","운곡동","전라남도 나주시 불로길 7-26","34.98612","126.702633","naver","한식","고유가 피해지원금","061)335-2882","25869138"
"(주)범한","운곡동","전라남도 나주시 동수농공단지길 108","34.985351","126.68223","naver","기타운송기구판매점","고유가 피해지원금","061)335-7744","17126761"
"천연테크놀러지","운곡동","전남 나주시 운곡동","34.991366","126.693652","dong","보안경비시스템","고유가 피해지원금","","115807352"
"(주)백인산업","운곡동","전라남도 나주시 동수농공단지길 120","34.985851","126.680893","naver","건축자재","고유가 피해지원금","061)335-9800","81399963"
"나주신일가스 주식회사","운곡동","전남 나주시 운곡동","34.989648","126.693002","dong","가스판매점","고유가 피해지원금","061)335-9955","21923028"
"이창어린이집","이창동","전라남도 나주시 남교1길 23 공립이창어린이집","34.996233","126.716864","naver","아이행복 어린이집","고유가 피해지원금","061)334-4668","61580370"
"종일상회","이창동","전남 나주시 이창동","34.990704","126.710128","dong","기성복점","고유가 피해지원금","","100782185"
"OK누수114","이창동","전라남도 나주시 남교2길 19-3","34.997321","126.716115","naver","주택/건설","고유가 피해지원금","","87110435"
"경동귀뚜라미보일러써비스","이창동","전남 나주시 이창동","34.991512","126.708917","dong","기타 수리서비스","고유가 피해지원금","","107093571"
"고향식육점","이창동","전남 나주시 이창동","34.991071","126.711046","dong","농.수.축산물점","고유가 피해지원금","061)332-9280","45629183"
"고향식당","이창동","전라남도 나주시 금영로 22 고향식당","34.994951","126.716575","naver","한식","고유가 피해지원금","061)332-9280","19854281"
"동부종묘농약사","이창동","전라남도 나주시 금영로 17","34.995215","126.716223","naver","농어업용품","고유가 피해지원금","061)333-5037","18848491"
"우성사료 광주.전남 대리점","이창동","전라남도 나주시 남교1길 6-19","34.99566","126.715951","naver","농어업용품","고유가 피해지원금","061)333-3570","54640755"
"민키친","이창동","전라남도 나주시 남교1길 6-19 민키친","34.995636","126.715935","naver","양식","고유가 피해지원금","061)333-0192","117922858"
"네네치킨 영산포점","이창동","전라남도 나주시 남교1길 6-15","34.995687","126.715758","naver","일반음식점 기타","고유가 피해지원금","061)333-4447","77587974"
"장독대","이창동","전라남도 나주시 금영로 15 장독대","34.995203","126.715923","naver","한식","고유가 피해지원금","","88181411"
"부부건강원","이창동","전라남도 나주시 남교1길 6-13","34.995761","126.715593","naver","건강식품점","고유가 피해지원금","061)333-3231","91398303"
"성동장식","이창동","전라남도 나주시 남교1길 6-18","34.995537","126.715789","naver","지물 및 천막","고유가 피해지원금","061)331-3316","51977541"
"녹색미인","이창동","전라남도 나주시 남교1길 10-15","34.995295","126.715665","naver","피부미용원","고유가 피해지원금","061)334-7750","91110297"
"(주)엔에스전력","이창동","전라남도 나주시 금영로 14-5","34.994624","126.715844","naver","기계류 건축설비","고유가 피해지원금","061)337-3542","109931120"
"유한회사 삼성가축약품","이창동","전남 나주시 이창동","34.992729","126.711248","dong","농어업용품","고유가 피해지원금","061)333-8941","91247843"
"한양철물","이창동","전라남도 나주시 남교1길 6-4","34.995711","126.715174","naver","철물점","고유가 피해지원금","061)334-5889","60033203"
"대영태권도장","이창동","전라남도 나주시 남교1길 10-16","34.995224","126.71539","naver","예체능계학원","고유가 피해지원금","061)332-1221","117306859"
"대영명문학원","이창동","전라남도 나주시 남교1길 10-16","34.995232","126.715335","naver","문리계학원","고유가 피해지원금","061)334-1223","82451754"
"별미용실","이창동","전남 나주시 이창동","34.990418","126.708961","dong","미용원","고유가 피해지원금","061)334-0182","49261863"
"한국앤베트남식당","이창동","전남 나주시 이창동","34.991939","126.711733","dong","일반음식점 기타","고유가 피해지원금","","97735110"
"마루2020","이창동","전라남도 나주시 남교1길 6 1층","34.995783","126.714861","naver","커피/음료전문점","고유가 피해지원금","","120681667"
"영창떡방아간","이창동","전남 나주시 이창동","34.989999","126.710425","dong","제과점/아이스크림점","고유가 피해지원금","061)333-8500","50401791"
"동신카클리닉","이창동","전라남도 나주시 금영로 9","34.995114","126.715039","naver","차량 정비/부품/인테리어","고유가 피해지원금","061)331-2121","29496306"
"울엄마밥상","이창동","전라남도 나주시 금영로 14-4","34.994435","126.715438","naver","한식","고유가 피해지원금","061)334-8913","108834003"
"중앙천막농자재","이창동","전라남도 나주시 예향로 3830-7","34.996455","126.714313","naver","지물 및 천막","고유가 피해지원금","061)334-3533","67702655"
"성동슈퍼","이창동","전라남도 나주시 남교1길 2-1","34.995727","126.714634","naver","슈퍼마켓","고유가 피해지원금","061)333-3583","103523946"
"나주장갑","이창동","전라남도 나주시 예향로 3832-2 수일통닭","34.996195","126.714382","naver","철물점","고유가 피해지원금","062)942-5756","66670186"
"엠비엠몰","이창동","전남 나주시 이창동","34.992588","126.711708","dong","문방구점","고유가 피해지원금","061)333-1518","73275194"
"호남농기구사","이창동","전남 나주시 이창동","34.992197","126.708198","dong","기타운송기구판매점","고유가 피해지원금","061)334-4862","21903708"
"보건당약국","이창동","전라남도 나주시 남교1길 1 보건당약국","34.995954","126.714546","naver","약국","고유가 피해지원금","061)383-3375","27763408"
"옴시롱감시롱","이창동","전라남도 나주시 남교1길 2","34.995707","126.714568","naver","한식","고유가 피해지원금","061)331-5509","33628841"
"더 테라스","이창동","전라남도 나주시 금영로 7 1층","34.99513","126.71485","naver","커피/음료전문점","고유가 피해지원금","","113819541"
"금성헤어","이창동","전라남도 나주시 금영로 7","34.995094","126.714834","naver","미용원","고유가 피해지원금","061)332-6181","92839311"
"경동종합설비","이창동","전남 나주시 이창동","34.99318","126.708681","dong","냉난방기구","고유가 피해지원금","061)332-7525","75214551"
"늘푸른한의원","이창동","전라남도 나주시 예향로 3826 우리빌딩 2층","34.995686","126.714476","naver","일반.치과.한의원","고유가 피해지원금","061)334-3005","79290434"
"재난복지평생교육원","이창동","전남 나주시 이창동","34.993221","126.711409","dong","문화센터","고유가 피해지원금","061)337-2356","109229713"
"영산포요양보호사교육원","이창동","전라남도 나주시 이창1길 13-4","34.995321","126.712764","naver","시설대여업","고유가 피해지원금","061)337-0841","105636461"
"종합장식","이창동","전라남도 나주시 금영로 5","34.995117","126.714597","naver","지물 및 천막","고유가 피해지원금","061)333-7171","8695864"
"카페173-47","이창동","전라남도 나주시 금영로 6 1층","34.99479","126.714874","naver","커피/음료전문점","고유가 피해지원금","","111449792"
"(주)영산강시대","이창동","전남 나주시 이창동","34.989926","126.708917","dong","문화/취미 기타","고유가 피해지원금","061)332-0211","86032361"
"영산강낚시프라자","이창동","전라남도 나주시 예향로 3837","34.996584","126.713895","naver","레저용품점","고유가 피해지원금","061)337-9966","11722187"
"백제건강원","이창동","전라남도 나주시 예향로 3835","34.996398","126.713926","naver","건강식품점","고유가 피해지원금","061)336-3316","7410830"
"소연유통","이창동","전남 나주시 이창동","34.989686","126.710791","dong","화장품점","고유가 피해지원금","061)336-0238","117783089"
"청화당","이창동","전라남도 나주시 예향로 3829","34.995848","126.714043","naver","열쇠/도장","고유가 피해지원금","061)332-6010","282577"
"천해김밥","이창동","전남 나주시 이창동","34.990772","126.708059","dong","휴게음식점","고유가 피해지원금","061)337-0107","121040439"
"한잔해","이창동","전라남도 나주시 한빛로 27 101","35.023967","126.779372","naver","한식","고유가 피해지원금","","120005802"
"금성양봉영농조합법인","이창동","전라남도 나주시 나주서부로 87","34.983712","126.694899","naver","건강식품점","고유가 피해지원금","061)333-3769","24783879"
"현대여관","이창동","전라남도 나주시 이창동","34.997009","126.71356","naver","기타숙박업","고유가 피해지원금","061)332-1855","90867824"
"나영축산","이창동","전라남도 나주시 예향로 3825","34.995553","126.714122","naver","정육점","고유가 피해지원금","061)336-4242","97303872"
"스칼렛","이창동","전라남도 나주시 이창1길 1","34.995606","126.714006","naver","일반주점","고유가 피해지원금","061)334-6596","70217010"
"씨유 나주영산포점","이창동","전라남도 나주시 이창1길 1 (이창동)","34.995606","126.714006","naver","편의점","고유가 피해지원금","061)333-8869","96868751"
"오픈하우스","이창동","전라남도 나주시 이창1길 2-1","34.995801","126.713894","naver","일반음식점 기타","고유가 피해지원금","061)335-5885","106369245"
"대성식당","이창동","전라남도 나주시 영산포로 178-1 대성식당","34.997318","126.709725","naver","한식","고유가 피해지원금|온누리","061)334-5643","20420795"
"MBM(우리문구사)","이창동","전라남도 나주시 예향로 3823","34.99545","126.714015","naver","문방구점","고유가 피해지원금","061)333-1218","14060461"
"알렉산더","이창동","전라남도 나주시 이창1길 3 1층","34.995646","126.713889","naver","한식","고유가 피해지원금","061)333-4272","116373300"
"옥이","이창동","전라남도 나주시 이창1길 3","34.995603","126.713899","naver","일반주점","고유가 피해지원금","061)334-2288","121302677"
"두손마루","이창동","전라남도 나주시 이창1길 3","34.995601","126.71388","naver","한식","고유가 피해지원금","061)333-1919","109256014"
"충만치킨영산포점","이창동","전라남도 나주시 이창1길 3-1 1동 1층 101호","34.995596","126.713781","naver","일반주점","고유가 피해지원금","061)930-9292","74008868"
"준베리농장","이창동","전남 나주시 이창동","34.990526","126.712132","dong","건강식품점","고유가 피해지원금","061)331-5455","93804961"
"엠모텔","이창동","전라남도 나주시 오포길 10","34.996671","126.713401","naver","기타숙박업","고유가 피해지원금","061)334-3771","112705484"
"홍플란트치과의원","이창동","전라남도 나주시 이창1길 4 1층","34.995792","126.713707","naver","일반.치과.한의원","고유가 피해지원금","061)337-2282","96100177"
"신영준","이창동","전남 나주시 이창동","34.992666","126.712292","dong","농.수.축산물점","고유가 피해지원금|온누리","061)332-0202","83814374"
"아이안과","이창동","전라남도 나주시 예향로 3819","34.995283","126.714015","naver","일반.치과.한의원","고유가 피해지원금","061)334-7115","41586908"
"그린화원","이창동","전라남도 나주시 이창1길 6","34.99575","126.713546","naver","화원","고유가 피해지원금","061)333-7776","14697861"
"지중해불고기","이창동","전남 나주시 이창동","34.994119","126.710662","dong","한식","고유가 피해지원금","061)332-5866","64812726"
"원조곱창숯불구이","이창동","전남 나주시 이창동","34.990348","126.707943","dong","한식","고유가 피해지원금","061)333-9837","74973100"
"장애인자립통상회","이창동","전남 나주시 이창동","34.991297","126.71252","dong","주방 및 가정용품점","고유가 피해지원금","","62087516"
"주민의원","이창동","전라남도 나주시 예향로 3817","34.995067","126.713902","naver","일반.치과.한의원","고유가 피해지원금","061)332-8275","9068435"
"신우그릇백화점","이창동","전라남도 나주시 예향로 3817","34.995052","126.713899","naver","주방 및 가정용품점","고유가 피해지원금","061)334-5157","93977340"
"영산포사진관","이창동","전라남도 나주시 금영로 2","34.994653","126.714313","naver","사진관","고유가 피해지원금","061)333-2228","40863650"
"금희네분식","이창동","전라남도 나주시 예향로 3816","34.99465","126.714017","naver","휴게음식점","고유가 피해지원금","","98253671"
"동신안경","이창동","전라남도 나주시 예향로 3816","34.994671","126.714045","naver","안경점","고유가 피해지원금","061)333-0070","39694374"
"수림","이창동","전라남도 나주시 이창1길 5-1","34.99554","126.713599","naver","일반음식점 기타","고유가 피해지원금","061)337-3580","58858875"
"사랑방손님과김가네소주방","이창동","전남 나주시 이창동","34.989628","126.708475","dong","한식","고유가 피해지원금","061)332-0033","33698295"
"늘푸른약국","이창동","전라남도 나주시 예향로 3815","34.994974","126.713842","naver","약국","고유가 피해지원금","061)331-5225","41159062"
"우리정형외과","이창동","전라남도 나주시 예향로 3819","34.995208","126.71394","naver","일반.치과.한의원","고유가 피해지원금","061)337-9394","35463746"
"농민약국","이창동","전라남도 나주시 예향로 3813 농민약국","34.994908","126.713727","naver","약국","고유가 피해지원금","061)332-0445","9643919"
"행복식당","이창동","전라남도 나주시 이창1길 8","34.995824","126.713375","naver","한식","고유가 피해지원금","061)334-9290","81343757"
"밀레니엄","이창동","전남 나주시 이창동","34.990772","126.707543","dong","일반주점","고유가 피해지원금","061)332-2004","58459361"
"새물약국","이창동","전라남도 나주시 이창1길 9","34.995525","126.713117","naver","약국","고유가 피해지원금","061)334-4355","82227431"
"유한회사청양기술개발","이창동","전남 나주시 이창동","34.994138","126.708875","dong","용역서비스업","고유가 피해지원금","062)382-2013","116098179"
"영산한의원","이창동","전라남도 나주시 이창1길 10 영산한의원","34.995715","126.713174","naver","일반.치과.한의원","고유가 피해지원금","061)333-0034","9467600"
"광진밧데리사","이창동","전남 나주시 이창동","34.993096","126.712377","dong","차량 정비/부품/인테리어","고유가 피해지원금","061)333-4745","101266922"
"모드펌","이창동","전라남도 나주시 이창1길 10-1","34.99567","126.713045","naver","미용원","고유가 피해지원금","061)334-1800","65401480"
"빽다방 나주영산포점","이창동","전라남도 나주시 이창1길 10-1 빽다방 나주영산포점","34.995671","126.713091","naver","커피/음료전문점","고유가 피해지원금","","108793589"
"수성치과의원","이창동","전라남도 나주시 예향로 3811","34.994925","126.713377","naver","일반.치과.한의원","고유가 피해지원금","061)333-2822","69780721"
"영산부부한의원","이창동","전라남도 나주시 이창1길 11-1","34.995426","126.712948","naver","일반.치과.한의원","고유가 피해지원금","061)331-8442","93272568"
"온누리내과의원","이창동","전라남도 나주시 이창1길 5-2","34.995533","126.713365","naver","일반.치과.한의원","고유가 피해지원금","061)334-3023","16937946"
"경진상회","이창동","전라남도 나주시 이창1길 13-5","34.995121","126.713037","naver","한복점","고유가 피해지원금","061)332-2525","17004058"
"다섯손가락","이창동","전라남도 나주시 이창1길 13-5 1층","34.995132","126.713031","naver","피부미용원","고유가 피해지원금","061)333-4975","82861246"
"유혹","이창동","전라남도 나주시 이창1길 13-3","34.995277","126.712989","naver","기성복점","고유가 피해지원금","061)332-1019","78904932"
"코시네랑 아줌마","이창동","전남 나주시 이창동","34.991308","126.707247","dong","일반잡화판매점","고유가 피해지원금","","110643141"
"구두종합병원","이창동","전라남도 나주시 이창1길 13-3","34.995277","126.712989","naver","일반신발점","고유가 피해지원금","070)7121-8172","63748323"
"중앙주유소","이창동","전라남도 나주시 예향로 3810 (이창동)","34.994347","126.713404","naver","주유소","고유가 피해지원금","061)334-3073","23343275"
"강애민 미용실","이창동","전라남도 나주시 이창1길 13-3","34.995237","126.712964","naver","미용원","고유가 피해지원금","","25679007"
"상하이","이창동","전라남도 나주시 이창1길 14 효성떡방앗간","34.995659","126.712701","naver","중식","고유가 피해지원금","061)336-7200","112181211"
"효비","이창동","전라남도 나주시 문화로 216 도원주차빌딩 1층 158호 효비초밥","35.01821","126.785395","naver","기성복점","고유가 피해지원금","061)333-5687","108035269"
"희네집","이창동","전라남도 나주시 이창1길 13-9","34.994742","126.713094","naver","기성복점","고유가 피해지원금","","88574052"
"홍련미용실","이창동","전라남도 나주시 이창1길 13-7","34.994761","126.713074","naver","미용원","고유가 피해지원금","","91162885"
"우리식당","이창동","전라남도 나주시 이창1길 13-7 사계절식당.금성라사","34.99502","126.713008","naver","한식","고유가 피해지원금","","113236084"
"홍련미용실","이창동","전라남도 나주시 이창1길 13-7","34.994761","126.713074","naver","미용원","고유가 피해지원금","061)335-0188","87752678"
"낭주상회","이창동","전남 나주시 이창동","34.994162","126.70843","dong","기타 건축자재","고유가 피해지원금","061)334-3140","76430840"
"보람목욕탕","이창동","전라남도 나주시 이창1길 13-9","34.994698","126.713108","naver","찜질방/목욕탕","고유가 피해지원금","061)333-0607","86049013"
"영산포 베트남쌀국수","이창동","전라남도 나주시 이창1길 13-9","34.994859","126.713067","naver","일반음식점 기타","고유가 피해지원금","","116811811"
"전남원예사","이창동","전라남도 나주시 이창1길 13-9 전남원예사","34.994795","126.713098","naver","농어업용품","고유가 피해지원금","061)333-4284","69327606"
"성신지업사","이창동","전라남도 나주시 이창1길 16-1","34.995719","126.712548","naver","지물 및 천막","고유가 피해지원금","061)334-4287","2422661"
"태양하우스마트","이창동","전남 나주시 이창동","34.994697","126.709996","dong","슈퍼마켓","고유가 피해지원금|온누리","061)333-3501","15700666"
"밝은 안경","이창동","전라남도 나주시 이창1길 13-11","34.994594","126.713093","naver","안경점","고유가 피해지원금","061)333-5001","102761344"
"마트","이창동","전라남도 나주시 내동길 15","35.013509","126.713035","naver","일반잡화판매점","고유가 피해지원금","061)332-4696","2297761"
"금산","이창동","전라남도 나주시 이창1길 13-4","34.995321","126.712764","naver","의료기기 및 용품","고유가 피해지원금","061)334-9579","11900316"
"조은소리보청기 나주점","이창동","전라남도 나주시 이창1길 13-11","34.9946","126.713091","naver","의료기기 및 용품","고유가 피해지원금","061)333-5001","102763896"
"머리하는날","이창동","전라남도 나주시 이창1길 13-4","34.995261","126.712768","naver","미용원","고유가 피해지원금","061)332-4773","77730793"
"메가MGC커피 나주영산포점","이창동","전라남도 나주시 이창1길 18","34.995761","126.71244","naver","커피/음료전문점","고유가 피해지원금","061)333-2131","113246668"
"터미널농약사","이창동","전라남도 나주시 예향로 3802","34.994028","126.712752","naver","농어업용품","고유가 피해지원금","061)332-8515","15477339"
"멕시칸","이창동","전라남도 나주시 이창1길 18-1","34.995845","126.712273","naver","일반음식점 기타","고유가 피해지원금","061)334-9288","34654233"
"티엔티(T&T BILLIARDS CLUB)","이창동","전라남도 나주시 대호길 85-23","35.042448","126.717186","naver","당구장","고유가 피해지원금","061)332-2244","120976970"
"윤S헤어살롱","이창동","전라남도 나주시 이창1길 18-1 1층","34.995809","126.712368","naver","미용원","고유가 피해지원금","061)333-3169","104712461"
"피자명인 나주점","이창동","전남 나주시 이창동","34.992595","126.707069","dong","패스트푸드점","고유가 피해지원금","061)334-8484","93244513"
"정헤어샵","이창동","전라남도 나주시 이창1길 13","34.995496","126.712656","naver","미용원","고유가 피해지원금","061)337-7999","83037736"
"곱다니포차","이창동","전라남도 나주시 풍물시장2길 73 1층곱다니포자","34.995361","126.712448","naver","한식","고유가 피해지원금","061)930-3392","118687874"
"골드코스트 맨즈헤어","이창동","전라남도 나주시 풍물시장2길 73 1층 골드코스트맨즈헤어","34.995221","126.712567","naver","이용원","고유가 피해지원금","061)332-8900","101834953"
"거북이미용실","이창동","전라남도 나주시 이창1길 20","34.995922","126.71217","naver","미용원","고유가 피해지원금","","121521465"
"대영인쇄소","이창동","전라남도 나주시 이창1길 20","34.995899","126.712208","naver","인쇄 및 광고","고유가 피해지원금","061)334-3131","54932816"
"신일상회","이창동","전라남도 나주시 이창1길 17","34.995548","126.712411","naver","한복점","고유가 피해지원금","061)333-3343","43380602"
"손톱달","이창동","전라남도 나주시 이창1길 22","34.995965","126.712103","naver","피부미용원","고유가 피해지원금","","104337725"
"동신기업","이창동","전라남도 나주시 대기1길 30","34.992412","126.71318","naver","건축자재","고유가 피해지원금","061)332-6144","54764914"
"선창떡집","이창동","전남 나주시 이창동","34.989704","126.712518","dong","농.수.축산물점","고유가 피해지원금","061)333-5435","50954690"
"보약김밥앤훈제세상","이창동","전남 나주시 이창동","34.994875","126.709567","dong","일반음식점 기타","고유가 피해지원금","","111445016"
"비에이치씨(BHC)영산포점","이창동","전라남도 나주시 이창1길 19 우측칸","34.995732","126.712176","naver","일반음식점 기타","고유가 피해지원금","061)331-6382","114369141"
"배꼽시계","이창동","전라남도 나주시 이창1길 19","34.995721","126.712184","naver","휴게음식점","고유가 피해지원금","061)333-9139","96121988"
"해피1000","이창동","전라남도 나주시 예향로 3803","34.994838","126.712868","naver","일반잡화판매점","고유가 피해지원금","061)332-5151","47105554"
"지에스25 영산포터미널점","이창동","전라남도 나주시 예향로 3803","34.994612","126.712815","naver","편의점","고유가 피해지원금","","112270393"
"(유)영산포 터미널","이창동","전라남도 나주시 예향로 3803 영산포공용터미널","34.994635","126.7128","naver","고속.시외버스","고유가 피해지원금","061)332-0645","106790670"
"백세한의원","이창동","전라남도 나주시 예향로 3803 영산포공용터미널","34.995077","126.712761","naver","일반.치과.한의원","고유가 피해지원금","061)335-9987","88091570"
"난타5000영산포점","이창동","전라남도 나주시 예향로 3803","34.994911","126.712837","naver","패스트푸드점","고유가 피해지원금","061)332-5092","96975427"
"행복식당","이창동","전라남도 나주시 이창1길 8","34.995824","126.713375","naver","한식","고유가 피해지원금","","85699889"
"중앙치과","이창동","전라남도 나주시 예향로 3803","34.994639","126.712882","naver","일반.치과.한의원","고유가 피해지원금","061)337-2875","53354312"
"궁헤어","이창동","전라남도 나주시 예향로 3798-2","34.993816","126.71245","naver","미용원","고유가 피해지원금","061)332-6805","83509822"
"썬플라워.광주금방","이창동","전남 나주시 이창동","34.992223","126.706777","dong","화원","고유가 피해지원금","061)334-6065","108688693"
"까페 울타리","이창동","전라남도 나주시 이창1길 21-16","34.995384","126.711989","naver","커피/음료전문점","고유가 피해지원금","","86508410"
"KR모터스나주대흥대리점","이창동","전라남도 나주시 풍물시장2길 67","34.995153","126.711966","naver","오토바이판매점","고유가 피해지원금","061)332-5583","15279487"
"백경당한약방","이창동","전남 나주시 이창동","34.989414","126.707628","dong","한약방","고유가 피해지원금","061)334-1239","16282019"
"KR모터스 나주대흥대리점","이창동","전라남도 나주시 풍물시장2길 67","34.995153","126.711966","naver","오토바이판매점","고유가 피해지원금","061)332-5583","100742537"
"삼성전자","이창동","전라남도 나주시 이창1길 25","34.995947","126.711627","naver","가전제품점","고유가 피해지원금","061)334-3449","1618046"
"중앙전업사","이창동","전라남도 나주시 이창1길 27","34.996088","126.71142","naver","기타 수리서비스","고유가 피해지원금","061)332-0491","63224588"
"한마음정육식당나주이창점","이창동","전라남도 나주시 풍물시장2길 68-2","34.994859","126.71185","naver","한식","고유가 피해지원금","061)332-6692","106389498"
"이쁜하루","이창동","전라남도 나주시 영산포로 182-20 이쁜하루 헤어샵","34.996722","126.711092","naver","미용원","고유가 피해지원금","","104645068"
"무등가축약품주식회사","이창동","전남 나주시 이창동","34.98995","126.712931","dong","농어업용품","고유가 피해지원금","061)331-6349","14061201"
"한농","이창동","전라남도 나주시 풍물시장2길 61-4","34.995283","126.711517","naver","농어업용품","고유가 피해지원금","061)3332-3232","77632492"
"강남식당","이창동","전라남도 나주시 풍물시장2길 61","34.995073","126.711523","naver","일반음식점 기타","고유가 피해지원금","061)333-3826","113331847"
"평화기계","이창동","전라남도 나주시 이창1길 31","34.996262","126.710993","naver","기타운송기구판매점","고유가 피해지원금","061)332-9494","44514869"
"튼튼치과의원","이창동","전라남도 나주시 예향로 3795 2층 튼튼치과","34.994212","126.711994","naver","일반.치과.한의원","고유가 피해지원금","061)333-2235","53945371"
"바다향영산포점","이창동","전남 나주시 이창동","34.988633","126.711554","dong","일식/생선회집","고유가 피해지원금","061)334-9133","92051495"
"바다향닭칼국수&착한족발","이창동","전라남도 나주시 예향로 3795","34.994212","126.711994","naver","한식","고유가 피해지원금","061)334-9133","92003348"
"금강철공서","이창동","전남 나주시 이창동","34.989924","126.707091","dong","기타 수리서비스","고유가 피해지원금","061)332-6430","112840428"
"사노라면언젠가는","이창동","전남 나주시 이창동","34.991035","126.71343","dong","한식","고유가 피해지원금","070)7757-3669","28644880"
"PC뱅크","이창동","전라남도 나주시 영산포로 182-5","34.997523","126.710134","naver","컴퓨터기기","고유가 피해지원금|온누리","061)336-0305","13119572"
"청자다방 나주영산포점","이창동","전라남도 나주시 이창1길 36 1층","34.996606","126.710698","naver","커피/음료전문점","고유가 피해지원금|온누리","061)332-1937","122071727"
"신바람난찐빵만두","이창동","전라남도 나주시 이창1길 36","34.996593","126.710733","naver","휴게음식점","고유가 피해지원금|온누리","061)333-5553","110538446"
"(주)대장종합상사","이창동","전라남도 나주시 영산포로 182-10 1층","34.997037","126.710555","naver","기타 식품","고유가 피해지원금|온누리","02)4409-7889","121484641"
"한빛상사","이창동","전라남도 나주시 풍물시장2길 61-3","34.995218","126.711253","naver","철물점","고유가 피해지원금","061)333-1158","68935528"
"소문장","이창동","전라남도 나주시 이창1길 38 소문장","34.996685","126.710512","naver","중식","고유가 피해지원금","061)332-4933","6290418"
"미리청과","이창동","전남 나주시 이창동","34.988967","126.707839","dong","농.수.축산물점","고유가 피해지원금","","100452469"
"댕기미용실","이창동","전라남도 나주시 이창1길 48-1","34.997128","126.709547","naver","미용원","고유가 피해지원금","061)332-3510","86432461"
"조흥상사","이창동","전라남도 나주시 이창1길 25-1","34.995948","126.711491","naver","건축자재","고유가 피해지원금","061)334-6104","45452920"
"영심이네","이창동","전라남도 나주시 영산포로 182-3","34.997566","126.710097","naver","일반음식점 기타","고유가 피해지원금|온누리","061)334-1563","80424857"
"피자인카페","이창동","전라남도 나주시 풍물시장2길 60","34.9948","126.711221","naver","패스트푸드점","고유가 피해지원금","061)333-3320","40898350"
"루디아","이창동","전라남도 나주시 영산포로 184-2","34.997718","126.710104","naver","기성복점","고유가 피해지원금","","108059671"
"그린카센타","이창동","전라남도 나주시 풍물시장2길 59","34.995033","126.71114","naver","차량 정비/부품/인테리어","고유가 피해지원금","061)334-1101","30476409"
"강남종합건재","이창동","전라남도 나주시 이창1길 35","34.996442","126.710581","naver","건축자재","고유가 피해지원금","061)334-3610","61210118"
"형제건강원","이창동","전라남도 나주시 이창동 511-2","34.997529","126.709908","naver","건강식품점","고유가 피해지원금","061)333-3734","85820992"
"구름케이크","이창동","전라남도 나주시 이창1길 44 1층","34.996877","126.710075","naver","커피/음료전문점","고유가 피해지원금|온누리","","118132832"
"합동건재","이창동","전라남도 나주시 이창1길 37-1","34.996522","126.710397","naver","건축자재","고유가 피해지원금","061)333-7789","35767734"
"승승네비게이션","이창동","전라남도 나주시 예향로 3806","34.993304","126.711622","naver","차량 정비/부품/인테리어","고유가 피해지원금","061)333-2881","83884853"
"터미널세차장","이창동","전라남도 나주시 예향로 3790 터미널세차장","34.993395","126.711686","naver","세차장","고유가 피해지원금","","117682861"
"전부인","이창동","전라남도 나주시 이창1길 44-1 1층","34.996973","126.709835","naver","한식","고유가 피해지원금","061)930-1757","113995461"
"민헤어필","이창동","전라남도 나주시 영산포로 181","34.997611","126.709643","naver","미용원","고유가 피해지원금|온누리","061)332-8760","79015536"
"중앙세탁소","이창동","전라남도 나주시 영산포로 178","34.997215","126.70958","naver","세탁소","고유가 피해지원금|온누리","061)332-0751","119840446"
"천사노래방","이창동","전라남도 나주시 풍물시장2길 54","34.994738","126.710747","naver","노래방","고유가 피해지원금","061)332-4213","25299229"
"미가","이창동","전라남도 나주시 풍물시장2길 54 천사노래방","34.994744","126.710758","naver","한식","고유가 피해지원금","","96843702"
"상록원","이창동","전남 나주시 이창동","34.991301","126.706395","dong","주방 및 가정용품점","고유가 피해지원금","02)1577-0000","120879892"
"광전유통","이창동","전남 나주시 이창동","34.989546","126.713011","dong","농.수.축산물점","고유가 피해지원금","","107531955"
"대진농업기계","이창동","전남 나주시 이창동","34.995322","126.70931","dong","기타운송기구판매점","고유가 피해지원금","061-0090","51558965"
"목산흑염소","이창동","전남 나주시 이창동","34.988548","126.708135","dong","건강식품점","고유가 피해지원금","061)334-4701","115345009"
"케미영농조합법인","이창동","전남 나주시 이창동","34.992758","126.713589","dong","미곡상","고유가 피해지원금","061)332-5088","77442194"
"흰눈함흥냉면","이창동","전라남도 나주시 이창1길 47-1","34.996966","126.709368","naver","한식","고유가 피해지원금","061)331-7779","75814639"
"유진샷시","이창동","전라남도 나주시 이창1길 45","34.996869","126.709615","naver","건축자재","고유가 피해지원금","061)334-1443","97233021"
"명성식당","이창동","전라남도 나주시 영산포로 172-1","34.996907","126.709321","naver","양식","고유가 피해지원금","061)333-6412","66264438"
"별꽃달","이창동","전라남도 나주시 동강면 동강로 505-29","34.93005","126.558931","naver","기타 식품","고유가 피해지원금","070)8226-6309","79604917"
"가마치통닭 나주영산포점","이창동","전라남도 나주시 영산포로 172","34.996862","126.709235","naver","일반음식점 기타","고유가 피해지원금","061)337-9982","114312097"
"명성노래연습장","이창동","전라남도 나주시 영산포로 172","34.996787","126.709256","naver","노래방","고유가 피해지원금","061)332-9595","29949179"
"그때그사람","이창동","전남 나주시 이창동","34.988024","126.709323","dong","한식","고유가 피해지원금","","114067774"
"해림식당","이창동","전라남도 나주시 풍물시장2길 43-16","34.995107","126.709848","naver","한식","고유가 피해지원금","061)331-5589","118606928"
"사직동 그가게 나주에서","이창동","전라남도 나주시 영산포로 170 1층","34.996669","126.7091","naver","기타 신변잡화","고유가 피해지원금","","104705438"
"명성 리버텔","이창동","전라남도 나주시 영산포로 169 명성리버텔","34.99706","126.708888","naver","기타숙박업","고유가 피해지원금","061)333-7084","40520379"
"디자인집","이창동","전라남도 나주시 남평읍 지석로 85-1 리바트 집테리어 휴림점","35.042158","126.844526","naver","실내장식","고유가 피해지원금","062)653-5596","92126865"
"영남건재","이창동","전라남도 나주시 풍물시장2길 47 영남목재건재","34.994887","126.709787","naver","철물점","고유가 피해지원금","061)334-5267","16012600"
"영남하우징","이창동","전라남도 나주시 풍물시장2길 48","34.994492","126.709937","naver","건축자재","고유가 피해지원금","061)334-5267","102832555"
"날으는갈매기","이창동","전라남도 나주시 영산포로 168","34.996573","126.708957","naver","한식","고유가 피해지원금","061)331-8885","64476997"
"(주) 영산포한우","이창동","전라남도 나주시 예향로 3781","34.993265","126.710605","naver","농.수.축산물점","고유가 피해지원금","061)337-3360","64754811"
"영산포정육식당","이창동","전라남도 나주시 예향로 3781","34.993127","126.710421","naver","한식","고유가 피해지원금","061)337-3500","122280599"
"(주)우리티앤에스","이창동","전남 나주시 이창동","34.990779","126.706321","dong","농.수.축산물점","고유가 피해지원금","061)337-3600","45309579"
"종합체육사","이창동","전라남도 나주시 영산포로 177","34.997372","126.709462","naver","스포츠용품점","고유가 피해지원금|온누리","061)332-6777","1902821"
"(주) 영산포청과물  직판장","이창동","전라남도 나주시 예향로 3779","34.993015","126.710516","naver","농.수.축산물점","고유가 피해지원금","061)337-3610","64755308"
"대신암","이창동","전라남도 나주시 예향로 3778","34.992389","126.710536","naver","철학관","고유가 피해지원금","","120011480"
"성수동꿀꽈배기 나주영산포점","이창동","전라남도 나주시 예향로 3778","34.99267","126.710649","naver","휴게음식점","고유가 피해지원금","061)337-7987","110616287"
"대영모터공구","이창동","전라남도 나주시 이창택지길 3-5 대영모터&공구","34.993634","126.706079","naver","철물점","고유가 피해지원금","061)334-8257","59892524"
"영생오토바이","이창동","전남 나주시 이창동","34.988321","126.711928","dong","오토바이판매점","고유가 피해지원금","061)334-3458","25105681"
"애쓰다축산","이창동","전남 나주시 이창동","34.995494","126.710939","dong","농.수.축산물점","고유가 피해지원금","061)111-0000","121484594"
"고속정밀기계","이창동","전라남도 나주시 풍물시장1길 10-7","34.993505","126.70985","naver","기타 수리서비스","고유가 피해지원금","061)334-5970","71527893"
"나주석재","이창동","전라남도 나주시 예향로 3772","34.992297","126.71045","naver","건축자재","고유가 피해지원금","061)332-8595","36520771"
"영산당구장","이창동","전라남도 나주시 풍물시장2길 41","34.994374","126.709313","naver","당구장","고유가 피해지원금","070)7614-3579","119703105"
"전남자동차공업사","이창동","전라남도 나주시 영산포로 162","34.996124","126.708568","naver","차량 정비/부품/인테리어","고유가 피해지원금","061)332-3156","37541463"
"장가계","이창동","전라남도 나주시 풍물시장1길 10-5 장가계","34.993425","126.709747","naver","중식","고유가 피해지원금","061)333-8887","122213717"
"양푼이동태탕","이창동","전라남도 나주시 풍물시장2길 40-2 1층","34.99404","126.709314","naver","한식","고유가 피해지원금","061)433-0775","71500148"
"커피집","이창동","전라남도 나주시 대호길 90-16 1층","35.04365","126.717446","naver","커피/음료전문점","고유가 피해지원금","","122315741"
"무늬","이창동","전라남도 나주시 예향로 3775","34.993021","126.709759","naver","기타 신변잡화","고유가 피해지원금","070)7121-9405","83074875"
"농협마트구내식당","이창동","전라남도 나주시 예향로 3775","34.993021","126.709759","naver","한식","고유가 피해지원금","061)335-8340","104318817"
"대우캐리어나주센타","이창동","전남 나주시 이창동","34.992515","126.713921","dong","냉난방기구","고유가 피해지원금","061)333-8282","4663790"
"타이찡찡","이창동","전남 나주시 이창동","34.993743","126.706629","dong","일반음식점 기타","고유가 피해지원금","","116993313"
"광타일인테리어","이창동","전남 나주시 이창동","34.987901","126.711184","dong","실내장식","고유가 피해지원금","","115329215"
"태찬카센터","이창동","전라남도 나주시 영산포로 159","34.996188","126.70824","naver","차량 정비/부품/인테리어","고유가 피해지원금","061)333-6883","57862479"
"화정정밀공업사","이창동","전라남도 나주시 풍물시장2길 28-7","34.993024","126.708861","naver","기타 수리서비스","고유가 피해지원금","061)332-6610","84100748"
"아구일번지","이창동","전라남도 나주시 풍물시장2길 39","34.994275","126.70909","naver","한식","고유가 피해지원금","061)334-6886","17102175"
"태양카센터세차장","이창동","전라남도 나주시 영산포로 158 태양식당.세차장","34.995859","126.708344","naver","차량 정비/부품/인테리어","고유가 피해지원금","061)334-4544","71930498"
"카페 배러","이창동","전라남도 나주시 영산포로 158 1층","34.99579","126.708238","naver","제과점/아이스크림점","고유가 피해지원금","","120132403"
"거북이","이창동","전라남도 나주시 풍물시장2길 35-6","34.994406","126.708688","naver","한식","고유가 피해지원금","061)333-8591","113720594"
"호동오토바이","이창동","전남 나주시 이창동","34.992461","126.706081","dong","오토바이판매점","고유가 피해지원금","061)333-6401","24239280"
"희망복권방","이창동","전라남도 나주시 풍물시장1길 3 조박사자동차공업사","34.992587","126.709555","naver","일반잡화판매점","고유가 피해지원금","061)331-5544","88574478"
"조박사자동차공업사","이창동","전라남도 나주시 풍물시장1길 3","34.992648","126.709487","naver","차량 정비/부품/인테리어","고유가 피해지원금","061)335-8425","9604966"
"코리아동물약품","이창동","전라남도 나주시 풍물시장2길 35-8","34.994533","126.708564","naver","반려동물 서비스/용품점","고유가 피해지원금","061)334-9595","82338975"
"닭갈비마을","이창동","전라남도 나주시 풍물시장2길 35 닭갈비마을","34.994024","126.708785","naver","한식","고유가 피해지원금","061)334-8392","75799409"
"제일세차장","이창동","전라남도 나주시 영산포로 155 제일세차장","34.995937","126.707891","naver","세차장","고유가 피해지원금","061)333-0789","104597448"
"미주회관","이창동","전라남도 나주시 풍물시장1길 1 미주회관","34.992495","126.709403","naver","한식","고유가 피해지원금","061)334-9292","78194358"
"제일테크","이창동","전남 나주시 이창동","34.994918","126.712561","dong","가정용품수리","고유가 피해지원금","061)332-4558","44527444"
"또또와숯불갈비","이창동","전라남도 나주시 풍물시장1길 9","34.993029","126.709132","naver","한식","고유가 피해지원금","061)332-7413","19230711"
"덕수기계공구","이창동","전라남도 나주시 풍물시장2길 28-11","34.992722","126.709179","naver","기타 수리서비스","고유가 피해지원금","","96275435"
"한국전기조명","이창동","전라남도 나주시 풍물시장1길 11 한국전기조명","34.993107","126.709012","naver","조명 전기기구점","고유가 피해지원금","061)333-4312","14474021"
"나주시보건소","이창동","전라남도 나주시 풍물시장2길 57-32 나주시보건소","34.995208","126.708153","naver","건강진단센터","고유가 피해지원금","061)339-2120","84482159"
"나주시보건소","이창동","전라남도 나주시 풍물시장2길 57-32 나주시보건소","34.995208","126.708153","naver","건강진단센터","고유가 피해지원금","061)333-3003","54249201"
"나주시보건소","이창동","전라남도 나주시 풍물시장2길 57-32 나주시보건소","34.995208","126.708153","naver","건강진단센터","고유가 피해지원금","061)339-2163","107802902"
"100돼지고깃집","이창동","전라남도 나주시 풍물시장1길 22 100돼지 고깃집","34.994047","126.708515","naver","일반음식점 기타","고유가 피해지원금","061)336-6999","99645085"
"맥시칸양념통닭","이창동","전라남도 나주시 풍물시장1길 24 하림맥시칸","34.994199","126.708358","naver","일반음식점 기타","고유가 피해지원금","061)332-8819","34013151"
"영신기업","이창동","전라남도 나주시 풍물시장1길 26","34.994332","126.708238","naver","건축자재","고유가 피해지원금","061)332-9690","18843285"
"대구슈퍼","이창동","전라남도 나주시 영산포로 169-1 대구마트","34.996939","126.709009","naver","슈퍼마켓","고유가 피해지원금|온누리","061)333-6838","34297021"
"영산사우나 매점","이창동","전남 나주시 이창동","34.995141","126.70769","dong","일반잡화판매점","고유가 피해지원금","070)7614-3579","117019565"
"영산사우나","이창동","전라남도 나주시 풍물시장2길 28-3","34.99321","126.708674","naver","찜질방/목욕탕","고유가 피해지원금","061)331-3427","77126755"
"(주)대상전기상사","이창동","전라남도 나주시 풍물시장2길 29","34.993744","126.708338","naver","컴퓨터기기","고유가 피해지원금","061)332-5503","49837325"
"친구가게","이창동","전라남도 나주시 풍물시장2길 28-6 1층","34.99299","126.708571","naver","일반음식점 기타","고유가 피해지원금","070)7614-3579","113849514"
"등대샤브","이창동","전라남도 나주시 풍물시장1길 23 1,2층","34.993876","126.7082","naver","한식","고유가 피해지원금","061)371-0000","117349154"
"스테이 퀸","이창동","전라남도 나주시 풍물시장1길 23 3층","34.993876","126.7082","naver","펜션/민박","고유가 피해지원금","","117705804"
"부원종합기계상사","이창동","전남 나주시 이창동","34.98852","126.707311","dong","기타 수리서비스","고유가 피해지원금","061)332-8833","42705628"
"대흥식당","이창동","전라남도 나주시 풍물시장1길 25 용당구장","34.994035","126.708052","naver","한식","고유가 피해지원금","","100322196"
"용당구장","이창동","전라남도 나주시 풍물시장1길 25","34.994054","126.70802","naver","당구장","고유가 피해지원금","061)333-0083","86470805"
"다사랑종합수산","이창동","전라남도 나주시 풍물시장2길 26","34.993277","126.708285","naver","농.수.축산물점","고유가 피해지원금","","93468241"
"커피수","이창동","전라남도 나주시 풍물시장2길 26 커피수","34.993321","126.708236","naver","커피/음료전문점","고유가 피해지원금","","92799384"
"스타노래연습장","이창동","전라남도 나주시 풍물시장1길 27","34.994231","126.707849","naver","노래방","고유가 피해지원금","061)331-6113","111116369"
"부일철강","이창동","전라남도 나주시 풍물시장2길 24-14","34.992272","126.708802","naver","건축자재","고유가 피해지원금","061)334-7738","56568990"
"연탄구이 한판","이창동","전라남도 나주시 영산포로 145 대흥상회","34.9952","126.707309","naver","한식","고유가 피해지원금","","113984581"
"청록수산","이창동","전라남도 나주시 풍물시장2길 24-3","34.993089","126.708232","naver","농.수.축산물점","고유가 피해지원금","061)336-9279","100640510"
"장어원","이창동","전라남도 나주시 풍물시장2길 20-13 1층","34.992223","126.708552","naver","한식","고유가 피해지원금","061)336-0017","112807132"
"개성집","이창동","전라남도 나주시 풍물시장2길 27-12 보건소 옆","34.994318","126.70754","naver","한식","고유가 피해지원금","","119422069"
"덕수렌탈 고소작업대","이창동","전라남도 나주시 풍물시장2길 24-6 덕수렌탈 고소작업대","34.992765","126.708203","naver","기계 및 장비임대업","고유가 피해지원금","061)333-7533","119922636"
"한성종합농기계","이창동","전남 나주시 이창동","34.995921","126.710816","dong","기타 수리서비스","고유가 피해지원금","061)334-3733","56254474"
"돈수복","이창동","전라남도 나주시 영산포로 142 재료소진시 영업종료","34.99474","126.70728","naver","한식","고유가 피해지원금","","114043327"
"유한회사  예향에너지","이창동","전남 나주시 이창동","34.991305","126.714316","dong","충전소","고유가 피해지원금","061)332-1141","64000058"
"미니스톱뉴나주이창점","이창동","전남 나주시 이창동","34.994904","126.707157","dong","편의점","고유가 피해지원금","02)1577-9621","97908947"
"동수리오리날개튀김","이창동","전라남도 나주시 영산포로 141 104호","34.994928","126.707016","naver","일반음식점 기타","고유가 피해지원금","061)331-5292","118158932"
"복고다방 영산포점","이창동","전라남도 나주시 영산포로 141 복고다방","34.995004","126.707058","naver","커피/음료전문점","고유가 피해지원금","070)8224-7014","111145533"
"이루다미용실","이창동","전라남도 나주시 이창1길 44 1층 (왼쪽 칸) 이루다미용실","34.996909","126.709996","naver","미용원","고유가 피해지원금|온누리","061)337-8242","101352012"
"세븐일레븐 뉴나주이창점","이창동","전라남도 나주시 영산포로 141 세븐일레븐","34.994928","126.707016","naver","편의점","고유가 피해지원금","02)1577-0711","113973094"
"민물장어","이창동","전라남도 나주시 풍물시장2길 20-13 1층","34.992223","126.708552","naver","한식","고유가 피해지원금","061)333-6999","71747421"
"나주이불할인마트","이창동","전라남도 나주시 풍물시장2길 16-13","34.991851","126.70835","naver","침구/커튼/카펫트점","고유가 피해지원금","062)681-0108","14468977"
"넘버원(NO.1)무카타","이창동","전남 나주시 이창동","34.992809","126.714247","dong","일반음식점 기타","고유가 피해지원금","","115166382"
"두리마트","이창동","전라남도 나주시 풍물시장2길 21 스타웨딩홀","34.993237","126.707619","naver","일반잡화판매점","고유가 피해지원금","061)335-6349","94330984"
"나주전기자전거","이창동","전라남도 나주시 영산포로 134 장난감할인마트","34.994224","126.706937","naver","자전거판매점","고유가 피해지원금","061)337-9274","107933812"
"우진 남도한우","이창동","전라남도 나주시 주면1길 1 2층","34.997252","126.705883","naver","농.수.축산물점","고유가 피해지원금","061)333-8815","118948670"
"전라식품","이창동","전라남도 나주시 풍물시장2길 5-9","34.993524","126.706786","naver","농.수.축산물점","고유가 피해지원금","061)334-5959","37497737"
"합자회사 선경동물약품","이창동","전남 나주시 이창동","34.990369","126.714211","dong","농어업용품","고유가 피해지원금","061)333-5550","64182650"
"청정한우암소직매장","이창동","전라남도 나주시 풍물시장2길 16-9","34.992157","126.708043","naver","정육점","고유가 피해지원금","061)333-1006","50344078"
"타이탑스푸드마켓 ThaiTops Foodmarket","이창동","전남 나주시 이창동","34.987426","126.709065","dong","슈퍼마켓","고유가 피해지원금","070)7614-3579","111280057"
"컴포즈커피 나주일등점","이창동","전라남도 나주시 영산포로 139","34.994647","126.706904","naver","커피/음료전문점","고유가 피해지원금","","99631211"
"서경비료","이창동","전라남도 나주시 풍물시장2길 5-15","34.994018","126.707024","naver","농어업용품","고유가 피해지원금","061)331-1170","107255703"
"아시안 마트","이창동","전라남도 나주시 이창택지길 66-11 성주빌","34.996116","126.706116","naver","일반잡화판매점","고유가 피해지원금","061)543-8118","95986530"
"안전카크리닉","이창동","전라남도 나주시 영산포로 139","34.994654","126.706864","naver","차량 정비/부품/인테리어","고유가 피해지원금","061)336-9948","93852007"
"비스테이션","이창동","전라남도 나주시 영산포로 138","34.994465","126.7071","naver","완구점","고유가 피해지원금","061)334-1984","24907143"
"호남식당","이창동","전라남도 나주시 이창택지길 6-10","34.994719","126.706695","naver","한식","고유가 피해지원금","061)333-7066","111742307"
"나주 자전거 의류","이창동","전라남도 나주시 영산포로 134","34.994181","126.706957","naver","자전거판매점","고유가 피해지원금","061)333-3562","74279363"
"옥당주식회사","이창동","전라남도 나주시 문평면 영산로 4215","35.030008","126.608512","naver","정육점","고유가 피해지원금","061)336-2483","78322031"
"부성방앗간","이창동","전라남도 나주시 풍물시장2길 19-1","34.993003","126.707354","naver","미곡상","고유가 피해지원금","061)333-6594","71580273"
"무인아이스크림","이창동","전라남도 나주시 영산포로 182-10 1층","34.997037","126.710555","naver","기타 식품","고유가 피해지원금","","114042748"
"샵돼지금","이창동","전남 나주시 이창동","34.989463","126.713899","dong","건강식품점","고유가 피해지원금","","105890810"
"악세사리#","이창동","전라남도 나주시 문화로 204 하나로프라자 107호 유마일","35.016778","126.784282","naver","악세사리점","고유가 피해지원금","","116972683"
"헤어6000","이창동","전라남도 나주시 영산포로 133","34.994373","126.706704","naver","미용원","고유가 피해지원금","","105880220"
"제이썸헤어","이창동","전라남도 나주시 영산포로 132 제이썸헤어","34.993874","126.706757","naver","미용원","고유가 피해지원금","","102378630"
"케이원컴퍼니","이창동","전남 나주시 이창동","34.993262","126.705825","dong","인쇄 및 광고","고유가 피해지원금","","120230848"
"한베아시안식당","이창동","전남 나주시 이창동","34.987715","126.712104","dong","일반음식점 기타","고유가 피해지원금","","107019678"
"우리축산","이창동","전라남도 나주시 풍물시장2길 16-8 나주지하수펌프","34.992325","126.707505","naver","정육점","고유가 피해지원금","061)930-3454","113837023"
"GS25 나주이창점","이창동","전라남도 나주시 이창택지길 6-17","34.99539","126.70612","naver","편의점","고유가 피해지원금","051)510-4659","45462708"
"팡팡호프","이창동","전남 나주시 이창동","34.990914","126.714486","dong","일반주점","고유가 피해지원금","061)332-9937","102653576"
"팡팡노래연습장","이창동","전라남도 나주시 영산포로 131","34.994133","126.706525","naver","노래방","고유가 피해지원금","061)332-9937","102924425"
"촌닭두마리","이창동","전라남도 나주시 이창택지길 8-12","34.995186","126.706023","naver","일반음식점 기타","고유가 피해지원금","061)335-6777","83175980"
"영산나루","이창동","전라남도 나주시 주면2길 28-1 1층","34.99813","126.704872","naver","일반음식점 기타","고유가 피해지원금","061)332-2131","87818319"
"영산나루 바이(by)익선 121 올드머그","이창동","전라남도 나주시 주면2길 28-1 1층","34.99813","126.704872","naver","커피/음료전문점","고유가 피해지원금","061)332-2131","112188114"
"소망소독방역","이창동","전남 나주시 이창동","34.988631","126.713387","dong","용역서비스업","고유가 피해지원금","061)337-2231","115137742"
"동방사무기","이창동","전남 나주시 이창동","34.996249","126.709653","dong","사무용기기","고유가 피해지원금","061)332-0900","36340781"
"영산나루","이창동","전라남도 나주시 주면2길 28-1 1층","34.99813","126.704872","naver","펜션/민박","고유가 피해지원금","061)332-2131","76621727"
"소망의료기","이창동","전라남도 나주시 이창택지길 4","34.994152","126.706436","naver","의료기기 및 용품","고유가 피해지원금","","102815992"
"유로종합건설공구","이창동","전라남도 나주시 영산포로 130","34.993628","126.706647","naver","기계 및 장비임대업","고유가 피해지원금","061)333-0663","78078212"
"석기네곱창","이창동","전라남도 나주시 영산포로 129","34.993925","126.706465","naver","한식","고유가 피해지원금","061)333-8896","23953131"
"나주아시아마트","이창동","전라남도 나주시 중앙로 55","35.034165","126.718905","naver","슈퍼마켓","고유가 피해지원금","","105537287"
"믿음카센타","이창동","전라남도 나주시 이창택지길 3","34.993947","126.706263","naver","차량 정비/부품/인테리어","고유가 피해지원금","061)334-4622","56136657"
"남문냉동","이창동","전라남도 나주시 풍물시장2길 5-4","34.992867","126.706781","naver","가전제품점","고유가 피해지원금","061)333-2779","5638039"
"목포수산","이창동","전라남도 나주시 영산포로 127-1","34.993743","126.706357","naver","농.수.축산물점","고유가 피해지원금","061)333-1374","103844365"
"영산포뼈해장국","이창동","전라남도 나주시 풍물시장2길 7","34.992649","126.706764","naver","한식","고유가 피해지원금","061)332-7004","90059505"
"세희청과","이창동","전라남도 나주시 오포길 39","34.99919","126.71269","naver","농.수.축산물점","고유가 피해지원금|온누리|전통시장","","119371890"
"숙희네","이창동","전라남도 나주시 풍물시장2길 12-14","34.991181","126.707353","naver","한식","고유가 피해지원금","061)332-0140","60513340"
"달성상회","이창동","전남 나주시 이창동","34.987918","126.712693","dong","농.수.축산물점","고유가 피해지원금|전통시장","070)7614-3579","122145764"
"문정국밥","이창동","전라남도 나주시 풍물시장2길 12-14 문정국밥","34.992081","126.70715","naver","한식","고유가 피해지원금|온누리|전통시장","061)332-2244","111795486"
"금천농산","이창동","전라남도 나주시 금천면","35.051244","126.772495","naver","농.수.축산물점","고유가 피해지원금|전통시장","","94385326"
"장터국밥","이창동","전라남도 나주시 풍물시장2길 12-14 Y동 1층 1호","34.991065","126.707132","naver","한식","고유가 피해지원금|전통시장","061)332-0351","106065257"
"남평수산","이창동","전라남도 나주시 남평읍 등수평야길 258","35.030035","126.832119","naver","농.수.축산물점","고유가 피해지원금|전통시장","","119461408"
"건어물과잡곡나라","이창동","전라남도 나주시 청동길 14 나주목사고을시장 A1 목사골건어물유통","35.036249","126.72376","naver","농.수.축산물점","고유가 피해지원금|온누리|전통시장","062)352-8686","75691420"
"종화청과","이창동","전라남도 나주시 풍물시장2길 12-14","34.992081","126.70715","naver","농.수.축산물점","고유가 피해지원금|온누리|전통시장","061)333-3691","69674029"
"호남수산","이창동","전라남도 나주시 영산포로 205-11 참다홍 호남수산 홍어","34.999475","126.709554","naver","농.수.축산물점","고유가 피해지원금|전통시장","","122252158"
"지웅상회","이창동","전남 나주시 이창동","34.98903","126.713874","dong","주방 및 가정용품점","고유가 피해지원금|온누리|전통시장","061)336-6222","80837647"
"시골유통","이창동","전라남도 나주시 노안면 이슬촌길 267-7","35.098734","126.6835","naver","정육점","고유가 피해지원금|전통시장","061)742-4714","56313332"
"지현이네","이창동","전남 나주시 이창동","34.987647","126.707698","dong","아동 및 유아복점","고유가 피해지원금|온누리|전통시장","061)334-1959","31347612"
"주현상회","이창동","전남 나주시 이창동","34.993128","126.714518","dong","양품점","고유가 피해지원금|전통시장","","122121064"
"조운보쌈","이창동","전라남도 나주시 풍물시장2길 12-14 조운보쌈","34.991099","126.707301","naver","한식","고유가 피해지원금|전통시장","061)333-3382","111743157"
"정기상회","이창동","전남 나주시 이창동","34.987363","126.711847","dong","농.수.축산물점","고유가 피해지원금|전통시장","","119574590"
"은비네","이창동","전남 나주시 이창동","34.996144","126.711646","dong","기성복점","고유가 피해지원금|온누리|전통시장","","119300099"
"내뜰팥죽","이창동","전남 나주시 이창동","34.989525","126.705856","dong","한식","고유가 피해지원금|온누리|전통시장","","107628552"
"영산포시장금천젓갈","이창동","전남 나주시 이창동","34.990495","126.714608","dong","기타 식품","고유가 피해지원금|전통시장","061)361-7797","75390395"
"경미상회","이창동","전남 나주시 이창동","34.995698","126.70749","dong","농.수.축산물점","고유가 피해지원금|전통시장","","119887349"
"석기네한우명가","이창동","전라남도 나주시 풍물시장2길 1 1층일부","34.993085","126.706358","naver","한식","고유가 피해지원금","061)335-7892","115907393"
"석기네고깃간","이창동","전남 나주시 이창동","34.994607","126.713798","dong","정육점","고유가 피해지원금","061)335-7892","73663881"
"엄마참숯구이","이창동","전라남도 나주시 영산포로 123 . 1층","34.99349","126.706213","naver","한식","고유가 피해지원금","","109193832"
"신용농기계","이창동","전남 나주시 이창동","34.988212","126.713262","dong","기타 수리서비스","고유가 피해지원금","061)333-7265","97044379"
"은성태국식당","이창동","전라남도 나주시 이창택지길 7-1","34.994153","126.705911","naver","일반음식점 기타","고유가 피해지원금","","119417542"
"파밀리에 베이커리","이창동","전남 나주시 이창동","34.988187","126.706828","dong","제과점/아이스크림점","고유가 피해지원금","061)336-6990","109838823"
"(주)엄지마트","이창동","전라남도 나주시 이창택지길 54-7","34.996385","126.704816","naver","슈퍼마켓","고유가 피해지원금","061)335-2224","105251789"
"카페파밀리에","이창동","전라남도 나주시 영산포로 121","34.993302","126.70612","naver","일반음식점 기타","고유가 피해지원금","061)336-6990","78096801"
"오성산업사","이창동","전남 나주시 이창동","34.987","126.710885","dong","기타 수리서비스","고유가 피해지원금","","81111467"
"코끼리 푸드","이창동","전남 나주시 이창동","34.995761","126.712602","dong","한식","고유가 피해지원금","","116654577"
"착한마을농업회사법인유한회사","이창동","전남 나주시 이창동","34.990454","126.705409","dong","농.수.축산물점","고유가 피해지원금","","111103103"
"영산포 버드나무집","이창동","전라남도 나주시 이창택지길 17","34.9945","126.705003","naver","한식","고유가 피해지원금","061)332-4800","14965526"
"가야중고자재","이창동","전라남도 나주시 이창택지길 25-19","34.994","126.705281","naver","중고물품 판매점","고유가 피해지원금","","29403993"
"남선연탄직매소","이창동","전남 나주시 이창동","34.987255","126.708214","dong","연탄 및 유류판매점","고유가 피해지원금","","120273293"
"왕곡식당","이창동","전라남도 나주시 왕곡면 예향로 3631 조선옛날국밥","34.981593","126.703579","naver","한식","고유가 피해지원금","061)334-7780","49990443"
"나주곰탕","이창동","전라남도 나주시 풍물시장2길 12-14","34.991032","126.707172","naver","한식","고유가 피해지원금","061)332-9639","42093649"
"단비네식당","이창동","전라남도 나주시 풍물시장2길 12-14","34.992081","126.70715","naver","한식","고유가 피해지원금","061)336-3188","65852637"
"푸른수산","이창동","전라남도 나주시 이창택지길 24","34.995054","126.704279","naver","농.수.축산물점","고유가 피해지원금|온누리|전통시장","061)334-8494","70173988"
"피그밀","이창동","전남 나주시 이창동","34.988915","126.706083","dong","농.수.축산물점","고유가 피해지원금","","121161289"
"일진 PVC","이창동","전남 나주시 이창동","34.9911","126.714852","dong","건축자재","고유가 피해지원금","061)333-7861","58766770"
"벨로 존 (VELO JAUNE)","이창동","전남 나주시 이창동","34.995417","126.706901","dong","자전거판매점","고유가 피해지원금","","121356135"
"빛가람간병","죽림동","전라남도 나주시 동점문길 8","35.034188","126.72255","naver","용역서비스업","고유가 피해지원금","061)333-8890","78903345"
"보리청과","죽림동","전남 나주시 죽림동","35.029592","126.7248","dong","농.수.축산물점","고유가 피해지원금","","109163513"
"유한회사 이천고속관광","죽림동","전남 나주시 죽림동","35.031457","126.72537","dong","렌트카","고유가 피해지원금","061)528-1003","79944850"
"오리정가","죽림동","전라남도 나주시 남고문로 129","35.028937","126.725253","naver","한식","고유가 피해지원금","062)335-3613","56026131"
"(자)신정가축약품","죽림동","전라남도 나주시 남고문로 124","35.028749","126.724178","naver","동물병원","고유가 피해지원금","061)332-6458","16571635"
"이문","죽림동","전남 나주시 죽림동","35.031795","126.72439","dong","인쇄 및 광고","고유가 피해지원금","062)225-9913","42824243"
"부농원","죽림동","전라남도 나주시 동점문길 15-1","35.034878","126.722962","naver","농어업용품","고유가 피해지원금","061)334-6407","52130494"
"서하기획","죽림동","전라남도 나주시 남고문로 117","35.029108","126.723578","naver","인쇄 및 광고","고유가 피해지원금","061)333-4545","42842521"
"엠씨엔스튜디오(MCNSTUDIO)","죽림동","전남 나주시 죽림동","35.031118","126.723455","dong","사진관","고유가 피해지원금","","114148596"
"민턴스포츠","죽림동","전라남도 나주시 남고문로 114","35.028847","126.72326","naver","스포츠용품점","고유가 피해지원금","070)4222-4527","36269032"
"남산샷슈","죽림동","전남 나주시 죽림동","35.031963","126.72514","dong","건축자재","고유가 피해지원금","061)333-8418","95703612"
"유성천막사","중앙동","전라남도 나주시 동점문길 11","35.034526","126.722778","naver","지물 및 천막","고유가 피해지원금","061)332-8639","47474632"
"만물건재상사","중앙동","전라남도 나주시 동점문길 14","35.034422","126.72308","naver","건축자재","고유가 피해지원금","061)332-7070","18496824"
"단풍머리 미용실","중앙동","전라남도 나주시 동점문길 11 동원이용원","35.034502","126.722792","naver","미용원","고유가 피해지원금","061)332-7667","51782983"
"벡제공구","중앙동","전남 나주시 중앙동","35.032811","126.719065","dong","철물점","고유가 피해지원금","061)333-9321","18127701"
"푸른미용실","중앙동","전라남도 나주시 나주천3길 33-3","35.033943","126.722048","naver","미용원","고유가 피해지원금","061)337-0077","59603516"
"구백상회","중앙동","전라남도 나주시 동점문길 4","35.033969","126.722115","naver","일반잡화판매점","고유가 피해지원금","061)333-5555","53966455"
"농사원","중앙동","전남 나주시 중앙동","35.031872","126.719597","dong","농어업용품","고유가 피해지원금","061)333-0680","120033431"
"온누리백제약국","중앙동","전라남도 나주시 동점문길 5 온누리백제약국","35.034231","126.722228","naver","약국","고유가 피해지원금","061)334-0221","14557601"
"김원민내과의원","중앙동","전라남도 나주시 동점문길 5 부농원","35.034303","126.722213","naver","일반.치과.한의원","고유가 피해지원금","061)333-7582","10539428"
"아리랑","중앙동","전남 나주시 중앙동","35.031746","126.72078","dong","피부미용원","고유가 피해지원금","061)332-4122","86906527"
"다나신경과","중앙동","전라남도 나주시 동점문길 2 1층","35.033849","126.721875","naver","일반.치과.한의원","고유가 피해지원금","061)335-7788","83058833"
"제일한의원","중앙동","전라남도 나주시 동점문길 2","35.033814","126.721893","naver","일반.치과.한의원","고유가 피해지원금","061)332-0300","28918860"
"다담재활주간보호센터","중앙동","전라남도 나주시 나주로 200 1층","35.034253","126.721902","naver","시설대여업","고유가 피해지원금","061)332-9988","121775016"
"다담재활요양원","중앙동","전라남도 나주시 나주로 200","35.034253","126.721902","naver","시설대여업","고유가 피해지원금","061)332-9988","121773962"
"용한의원","중앙동","전라남도 나주시 나주로 200 다솔빌딩 2층 용한의원","35.034322","126.721981","naver","일반.치과.한의원","고유가 피해지원금","061)335-1111","70669560"
"일광서점","중앙동","전라남도 나주시 나주로 180 일광서점","35.033134","126.720342","naver","서점","고유가 피해지원금|온누리","061)332-8940","31354576"
"우리산부인과","중앙동","전라남도 나주시 나주로 192","35.033773","126.721733","naver","일반.치과.한의원","고유가 피해지원금","061)337-0007","60223904"
"정용환치과","중앙동","전라남도 나주시 나주로 192","35.033553","126.721438","naver","일반.치과.한의원","고유가 피해지원금","061)332-2804","6590679"
"벌크커피 나주터미널점","중앙동","전라남도 나주시 나주로 192 나주버스터미널 B동 1층","35.033753","126.721651","naver","커피/음료전문점","고유가 피해지원금","061)332-8933","117250132"
"보건안경콘택트","중앙동","전라남도 나주시 나주로 192 나주터미널 내 보건안경","35.033001","126.721262","naver","안경점","고유가 피해지원금","061)332-7175","6187302"
"지에스25 나주터미널점","중앙동","전라남도 나주시 나주로 192","35.033574","126.721269","naver","편의점","고유가 피해지원금","","112238545"
"이화약국","중앙동","전라남도 나주시 나주로 192","35.033601","126.721362","naver","약국","고유가 피해지원금","061)333-6978","34510070"
"성심치과의원","중앙동","전라남도 나주시 나주로 179","35.033346","126.720215","naver","일반.치과.한의원","고유가 피해지원금","061)332-9039","7185768"
"나주이비인후과","중앙동","전라남도 나주시 나주로 195","35.034018","126.72143","naver","일반.치과.한의원","고유가 피해지원금","061)332-3233","14794044"
"나주종로약국","중앙동","전라남도 나주시 나주로 195","35.034018","126.721526","naver","약국","고유가 피해지원금","061)333-8275","86211461"
"열린치과의원","중앙동","전라남도 나주시 나주로 205","35.034928","126.721479","naver","일반.치과.한의원","고유가 피해지원금","061)333-2875","31069177"
"제일열쇠.도장","중앙동","전라남도 나주시 나주로 191","35.03385","126.721351","naver","열쇠/도장","고유가 피해지원금","061)332-1304","48122732"
"호남요리학원","중앙동","전라남도 나주시 나주로 197","35.034259","126.721449","naver","기술/사무/가정계학원","고유가 피해지원금","061)337-9955","84952011"
"나주태평양약국","중앙동","전라남도 나주시 나주로 197","35.034248","126.721505","naver","약국","고유가 피해지원금","061)332-7577","114972261"
"진진네트웍스","중앙동","전남 나주시 중앙동","35.033496","126.718346","dong","정보통신기기","고유가 피해지원금","","97877194"
"나주보청기센터","중앙동","전라남도 나주시 나주로 204","35.03466","126.721852","naver","의료기기 및 용품","고유가 피해지원금","061)332-9193","79569106"
"제인홈","중앙동","전라남도 나주시 영산포로 267 1층","35.004818","126.707937","naver","일반가구점","고유가 피해지원금","","111356594"
"뉴욕약국","중앙동","전라남도 나주시 나주로 199","35.034401","126.721522","naver","약국","고유가 피해지원금","061)333-8778","69985586"
"BC800커피앤티","중앙동","전남 나주시 중앙동","35.032846","126.722164","dong","커피/음료전문점","고유가 피해지원금","061)333-7878","68634752"
"이상곤내과의원","중앙동","전라남도 나주시 나주로 199","35.03437","126.721413","naver","일반.치과.한의원","고유가 피해지원금","061)332-2422","31757415"
"나주온천","중앙동","전라남도 나주시 성북1길 18-1","35.034045","126.7212","naver","찜질방/목욕탕","고유가 피해지원금","061)334-0556","58165023"
"세우 티(SIEU THI)","중앙동","전남 나주시 중앙동","35.03452","126.721557","dong","일반잡화판매점","고유가 피해지원금","","101626241"
"나주쌍방울화장품매장","중앙동","전라남도 나주시 나주로 185","35.033571","126.720859","naver","화장품점","고유가 피해지원금","061)337-7575","7601055"
"라라 네일and뷰티","중앙동","전남 나주시 중앙동","35.031756","126.72184","dong","피부미용원","고유가 피해지원금","","104899472"
"아리따움  나주  쌍방울점","중앙동","전라남도 나주시 나주로 185","35.033571","126.720859","naver","화장품점","고유가 피해지원금","061)333-7574","65871758"
"맘스터치 나주터미널점","중앙동","전라남도 나주시 나주로 185 1층","35.033615","126.720955","naver","패스트푸드점","고유가 피해지원금","061)332-7092","103286671"
"즉석왕족발","중앙동","전라남도 나주시 나주로 185 1층 103호","35.033583","126.720882","naver","정육점","고유가 피해지원금","061)333-6792","48844878"
"한용재활의학과의원","중앙동","전라남도 나주시 나주로 185 1층 101호","35.033729","126.721094","naver","일반.치과.한의원","고유가 피해지원금","061)335-7575","111961540"
"백세치과의원","중앙동","전라남도 나주시 나주로 185","35.033718","126.721066","naver","일반.치과.한의원","고유가 피해지원금","061)335-8228","81789261"
"1001안경원 나주점","중앙동","전남 나주시 중앙동","35.035025","126.721008","dong","안경점","고유가 피해지원금","061)332-0901","80676657"
"단미헤어","중앙동","전남 나주시 중앙동","35.032071","126.718207","dong","미용원","고유가 피해지원금","061)337-1678","63552300"
"동신한방병원","중앙동","전라남도 나주시 성북1길 16-2","35.033994","126.72104","naver","일반.치과.한방병원","고유가 피해지원금","061)333-5875","34078050"
"유한회사담온","중앙동","전남 나주시 중앙동","35.034929","126.719063","dong","패스트푸드점","고유가 피해지원금","061)333-1959","71588051"
"스타일헤어","중앙동","전라남도 나주시 나주로 186","35.033479","126.721042","naver","미용원","고유가 피해지원금","061)332-1522","54319758"
"이영자미용실","중앙동","전라남도 나주시 나주천3길 9","35.032524","126.720599","naver","미용원","고유가 피해지원금","061)332-8470","84730609"
"(주)남문정보통신","중앙동","전라남도 나주시 나주로 182-1","35.033245","126.720586","naver","정보통신기기","고유가 피해지원금","061)336-6016","24448605"
"커피예담","중앙동","전라남도 나주시 성북1길 16","35.034187","126.720771","naver","커피/음료전문점","고유가 피해지원금","061)334-4652","57497338"
"현대칼라나주현상소","중앙동","전라남도 나주시 나주로 182","35.033222","126.720447","naver","사진관","고유가 피해지원금","061)333-7639","109199541"
"베트남 쌀국수","중앙동","전라남도 나주시 나주로 148-1","35.03176","126.717358","naver","일반음식점 기타","고유가 피해지원금","061)332-8802","109661344"
"이성진스튜디오","중앙동","전라남도 나주시 나주로 183-10","35.034159","126.720599","naver","사진관","고유가 피해지원금","061)333-1788","29897331"
"토니모리 나주점","중앙동","전라남도 나주시 나주로 181 토니모리","35.033418","126.720476","naver","화장품점","고유가 피해지원금","","108900188"
"오복떡집","중앙동","전라남도 나주시 나주로 183-5","35.033779","126.720441","naver","미곡상","고유가 피해지원금","061)333-0221","67378576"
"달리는커피나주터미널점","중앙동","전라남도 나주시 나주로 181 1층","35.033488","126.720536","naver","커피/음료전문점","고유가 피해지원금","061)335-4077","104523046"
"크라우드PC 나주중앙점","중앙동","전라남도 나주시 나주로 181","35.033421","126.720436","naver","비디오방/게임방","고유가 피해지원금","070)3648-3527","108090414"
"아임폰 정보통신 2호점","중앙동","전라남도 나주시 나주로 181 1층","35.033421","126.720436","naver","정보통신기기","고유가 피해지원금","061)332-3835","89717627"
"본죽&비빔밥","중앙동","전라남도 나주시 나주로 181 일부","35.033421","126.720436","naver","일반음식점 기타","고유가 피해지원금","061)334-6282","39437511"
"헤어팜미용실","중앙동","전남 나주시 중앙동","35.030797","126.719179","dong","미용원","고유가 피해지원금","061)522-3191","59825412"
"카리스  헤어","중앙동","전라남도 나주시 나주로 181","35.033371","126.720434","naver","미용원","고유가 피해지원금","061)332-3288","65827379"
"중앙스포츠","중앙동","전라남도 나주시 나주로 100","35.027661","126.717514","naver","스포츠용품점","고유가 피해지원금","061)334-8530","8804174"
"나주이태리안경원","중앙동","전라남도 나주시 나주로 153-1 이태리안경원","35.032107","126.717718","naver","안경점","고유가 피해지원금|온누리","061)333-0005","46365700"
"리빙스토리","중앙동","전남 나주시 중앙동","35.035418","126.72081","dong","주방 및 가정용품점","고유가 피해지원금","061)333-6129","50605276"
"모바일샵","중앙동","전라남도 나주시 중앙로 30 티월드","35.032005","126.719849","naver","정보통신기기","고유가 피해지원금","061)332-8853","109962231"
"오리앤갈비","중앙동","전라남도 나주시 중앙로 10","35.030264","126.720369","naver","한식","고유가 피해지원금","061)367-3650","73274091"
"올리브위드뽀빠이","중앙동","전라남도 나주시 중앙로 34 106호","35.032298","126.719865","naver","커피/음료전문점","고유가 피해지원금","062)457-5175","38592105"
"브레인학원","중앙동","전라남도 나주시 중앙로 34","35.032305","126.719853","naver","문리계학원","고유가 피해지원금","061)333-2536","93600432"
"소생한의원","중앙동","전라남도 나주시 중앙로 34 103호","35.032298","126.719865","naver","일반.치과.한의원","고유가 피해지원금","061)333-7510","118363725"
"다온","중앙동","전라남도 나주시 배멧3길 5-4 108호 (할리스커피 옆 )","35.01883","126.785771","naver","주방 및 가정용품점","고유가 피해지원금","062)376-1955","114521118"
"WEVAPE 나주점","중앙동","전라남도 나주시 중앙로 34 미르샘빌딩 105호","35.032335","126.719767","naver","일반잡화판매점","고유가 피해지원금","","118722337"
"엔젤스코인노래연습장","중앙동","전라남도 나주시 중앙로 34 203호","35.032298","126.719865","naver","노래방","고유가 피해지원금","","118583714"
"나나키친","중앙동","전남 나주시 중앙동","35.030927","126.718623","dong","한식","고유가 피해지원금","","116712165"
"비엠휘트니스","중앙동","전라남도 나주시 중앙로 34 미르샘빌딩 6층 비엠휘트니스클럽","35.032305","126.719853","naver","요가","고유가 피해지원금","061)333-0014","112728879"
"세현플라워","중앙동","전남 나주시 중앙동","35.0344","126.717955","dong","화원","고유가 피해지원금","061)332-0313","103859837"
"드림오피스나주점","중앙동","전라남도 나주시 나주로 176","35.032966","126.719947","naver","문방구점","고유가 피해지원금","061)333-3629","16968487"
"본 비디오 스튜디오","중앙동","전라남도 나주시 나주로 176","35.032947","126.719975","naver","시계전문점","고유가 피해지원금","061)332-5949","1837871"
"엄마의청춘","중앙동","전남 나주시 중앙동","35.032071","126.717691","dong","한식","고유가 피해지원금","061)334-7090","103417313"
"제일마트","중앙동","전라남도 나주시 중앙로 21","35.031167","126.719725","naver","일반잡화판매점","고유가 피해지원금","061)337-1371","13236389"
"키즈앤이브","중앙동","전라남도 나주시 나주로 175-1","35.033182","126.719924","naver","아동 및 유아복점","고유가 피해지원금","061)336-9394","48434840"
"어썸헤어","중앙동","전라남도 나주시 중앙로 36-1 1층","35.032484","126.719675","naver","미용원","고유가 피해지원금","061)333-6116","92646314"
"뷰티스토리","중앙동","전라남도 나주시 나주로 175","35.033137","126.719791","naver","피부미용원","고유가 피해지원금","070)7526-2179","69943520"
"부부상회","중앙동","전라남도 나주시 나주로 175","35.0331","126.719815","naver","침구/커튼/카펫트점","고유가 피해지원금","061)334-4853","1604830"
"디어베이비","중앙동","전라남도 나주시 중앙로 36-2","35.03255","126.719705","naver","아동 및 유아복점","고유가 피해지원금","061)333-1319","30530247"
"이니스프리 전남 나주점","중앙동","전라남도 나주시 나주로 174 1층 이니스프리","35.032861","126.719696","naver","화장품점","고유가 피해지원금","061)332-0988","101422074"
"풍성호 나주점","중앙동","전라남도 나주시 중앙로 38","35.032588","126.719693","naver","휴게음식점","고유가 피해지원금","031)503-8018","94666408"
"필아트","중앙동","전라남도 나주시 금성길 30-7 필헤어타운","35.031792","126.719005","naver","악세사리점","고유가 피해지원금","061)334-2443","33686132"
"혁신열쇠 뉴클린에어컨","중앙동","전남 나주시 중앙동","35.034957","126.718193","dong","열쇠/도장","고유가 피해지원금","061)560-4035","102328299"
"명랑핫도그 나주중앙점","중앙동","전라남도 나주시 중앙로 38-1","35.032662","126.719637","naver","휴게음식점","고유가 피해지원금","","119145123"
"앤제이정보통신","중앙동","전남 나주시 중앙동","35.035185","126.721967","dong","정보통신기기","고유가 피해지원금","061)332-0500","8154984"
"잠언의료기 나주지점","중앙동","전라남도 나주시 나주로 173","35.033081","126.719703","naver","의료기기 및 용품","고유가 피해지원금","061)666-4272","90284125"
"나주김밥","중앙동","전라남도 나주시 나주로 173","35.033072","126.719775","naver","한식","고유가 피해지원금","061)333-5333","32826597"
"빽다방 전남나주중앙점","중앙동","전라남도 나주시 나주로 173","35.033039","126.719722","naver","커피/음료전문점","고유가 피해지원금","","108399405"
"해찬코리아","중앙동","전남 나주시 중앙동","35.030519","126.718792","dong","주방 및 가정용품점","고유가 피해지원금","","102500662"
"떡볶이플러스뷔페","중앙동","전라남도 나주시 나주로 174","35.032793","126.719743","naver","일반음식점 기타","고유가 피해지원금","061)332-2756","69050600"
"이민규부부치과의원","중앙동","전라남도 나주시 나주로 186","35.033437","126.720935","naver","일반.치과.한의원","고유가 피해지원금","061)336-2875","62090442"
"부뚜막김치생삼겹식당","중앙동","전라남도 나주시 중앙로 31","35.032009","126.719485","naver","한식","고유가 피해지원금","061)333-6163","81590139"
"한성하우스","중앙동","전남 나주시 중앙동","35.035748","126.721143","dong","한식","고유가 피해지원금","061)332-3630","33345869"
"빅토리","중앙동","전라남도 나주시 이창1길 21-8","34.995598","126.711917","naver","이용원","고유가 피해지원금","061)331-8123","23183682"
"파리바게뜨","중앙동","전라남도 나주시 중앙로 37","35.032606","126.719306","naver","제과점/아이스크림점","고유가 피해지원금|온누리","061)34-1010","11216963"
"프린세스다이어리","중앙동","전라남도 나주시 중앙로 42","35.032989","126.719559","naver","양식","고유가 피해지원금","061)332-3305","61817106"
"공차 나주중앙점","중앙동","전라남도 나주시 중앙로 42 1층","35.03296","126.71956","naver","커피/음료전문점","고유가 피해지원금","061)331-9546","100114312"
"나주고려인삼","중앙동","전라남도 나주시 중앙로 31-1","35.032114","126.719361","naver","인삼판매점","고유가 피해지원금","061)334-1133","37265614"
"한국인삼공사전남나주전시판매장","중앙동","전남 나주시 중앙동","35.033226","126.717231","dong","인삼판매점","고유가 피해지원금","061)334-1133","14597767"
"다품수학교습소","중앙동","전남 나주시 중앙동","35.030845","126.72223","dong","문리계학원","고유가 피해지원금","061)333-7135","81801232"
"baskin BR robbins","중앙동","전남 나주시 중앙동","35.035996","126.720144","dong","제과점/아이스크림점","고유가 피해지원금","061)332-0310","93895720"
"하나가든","중앙동","전라남도 나주시 나주로 173-6 1층 하나가든","35.033506","126.719622","naver","한식","고유가 피해지원금","061)332-6933","98219558"
"웅석건설 주식회사","중앙동","전남 나주시 중앙동","35.033317","126.72318","dong","주택/건설","고유가 피해지원금","061)331-3102","114865170"
"나주상사","중앙동","전라남도 나주시 구진포로 298","35.001038","126.694064","naver","미곡상","고유가 피해지원금|온누리","","121977143"
"에스제이(SJ)헤어","중앙동","전라남도 나주시 중앙로 44 1층","35.033169","126.71949","naver","미용원","고유가 피해지원금","061)334-1077","97059609"
"나주종합화장품","중앙동","전라남도 나주시 남평읍 남평2로 51","35.046682","126.841979","naver","화장품점","고유가 피해지원금","061)333-6898","7138696"
"영 하우스","중앙동","전라남도 나주시 나주로 173-8","35.033663","126.719583","naver","기타숙박업","고유가 피해지원금","061)333-4549","118499736"
"마코 나주점","중앙동","전라남도 나주시 중앙로 46 1층","35.033302","126.71947","naver","스포츠용품점","고유가 피해지원금|온누리","061)337-5115","100797438"
"나주꽃백화점(은혜)","중앙동","전라남도 나주시 남고문로 57","35.028682","126.717121","naver","화원","고유가 피해지원금","061)383-4224","24883062"
"이수원치과","중앙동","전라남도 나주시 나주로 208 향군회관 2층","35.034953","126.721888","naver","일반.치과.한의원","고유가 피해지원금","061)333-7575","17321798"
"나주아디다스대리점","중앙동","전남 나주시 중앙동","35.03436","126.722967","dong","스포츠용품점","고유가 피해지원금|온누리","061)333-3378","33119531"
"이정실헤어","중앙동","전라남도 나주시 중앙로 46-1","35.033383","126.719443","naver","미용원","고유가 피해지원금","061)332-7373","54540737"
"네일아침","중앙동","전라남도 나주시 중앙로 46-1 네일아침","35.033426","126.719424","naver","피부미용원","고유가 피해지원금","061)334-5503","86713900"
"인디에프 패션마트","중앙동","전남 나주시 중앙동","35.036067","126.720813","dong","스포츠용품점","고유가 피해지원금","061)332-4185","84701526"
"푸마나주점","중앙동","전라남도 나주시 나주로 168-1 푸마 나주점","35.032635","126.719217","naver","스포츠용품점","고유가 피해지원금|온누리","02)1577-0000","40536989"
"플레이키즈프로 모이몰른(나주2호점)","중앙동","전남 나주시 중앙동","35.032652","126.723307","dong","아동 및 유아복점","고유가 피해지원금|온누리","061)332-8350","94023841"
"선어식당","중앙동","전라남도 나주시 나주로 168 선어식당","35.032584","126.719075","naver","한식","고유가 피해지원금|온누리","061)333-5450","73192396"
"람바다하우스","중앙동","전라남도 나주시 중앙로 41 김수환스튜디오","35.032832","126.719216","naver","휴게음식점","고유가 피해지원금|온누리","061)331-3891","120422166"
"나주모아치과의원","중앙동","전라남도 나주시 중앙로 41 2층 나주모아치과의원","35.032821","126.719201","naver","일반.치과.한의원","고유가 피해지원금","061)332-2877","69612101"
"네파","중앙동","전라남도 나주시 중앙로 41 김수환스튜디오","35.033227","126.7191","naver","스포츠용품점","고유가 피해지원금|온누리","061)333-0117","8041199"
"아이더","중앙동","전라남도 나주시 중앙로 41 아이더 나주점","35.032771","126.719173","naver","기성복점","고유가 피해지원금|온누리","061)334-5152","60711404"
"부부한의원","중앙동","전라남도 나주시 중앙로 41","35.032949","126.719176","naver","일반.치과.한의원","고유가 피해지원금|온누리","061)334-7697","40096911"
"피자스쿨(나주점)","중앙동","전라남도 나주시 중앙로 41","35.033044","126.719174","naver","패스트푸드점","고유가 피해지원금|온누리","062)333-8051","67594636"
"씨유 나주중앙로점","중앙동","전라남도 나주시 중앙로 41 1층","35.033175","126.719179","naver","편의점","고유가 피해지원금","080)080-3663","81850460"
"나주호텔","중앙동","전라남도 나주시 금성길 30-3","35.0319","126.718775","naver","기타숙박업","고유가 피해지원금","061)334-5121","75459426"
"체이스컬트","중앙동","전라남도 나주시 나주로 166","35.032684","126.718981","naver","스포츠용품점","고유가 피해지원금|온누리","061)334-0118","59904720"
"김수환스튜디오","중앙동","전라남도 나주시 중앙로 41","35.032801","126.719114","naver","사진관","고유가 피해지원금","061)333-7272","24926419"
"스튜디오 럭스","중앙동","전라남도 나주시 나주로 166 스튜디오 럭스","35.032417","126.718934","naver","아동 및 유아복점","고유가 피해지원금|온누리","061)820-8103","88976796"
"웰메이드","중앙동","전라남도 나주시 나주로 166","35.032496","126.718892","naver","스포츠용품점","고유가 피해지원금|온누리","061)333-8017","13376810"
"씨","중앙동","전라남도 나주시 공산면 상방신포길 160-28","34.941978","126.639882","naver","스포츠용품점","고유가 피해지원금","070)8880-9869","61344902"
"행텐주니어","중앙동","전라남도 나주시 나주로 166","35.032504","126.718964","naver","스포츠용품점","고유가 피해지원금|온누리","062)376-3334","59955645"
"예스  보디가드나주점","중앙동","전라남도 나주시 나주로 166 1층","35.032417","126.718934","naver","내의판매점","고유가 피해지원금|온누리","061)332-2244","112566757"
"프리헤어변신","중앙동","전라남도 나주시 나주로 164-1 신선영헤어변신","35.032451","126.718796","naver","미용원","고유가 피해지원금|온누리","061)336-4433","62549710"
"베스띠벨리","중앙동","전라남도 나주시 나주로 164 베스띠벨리 나주점","35.032384","126.718744","naver","스포츠용품점","고유가 피해지원금|온누리","061)331-3111","110209655"
"화성지업사","중앙동","전남 나주시 중앙동","35.036324","126.720414","dong","지물 및 천막","고유가 피해지원금|온누리","061)333-5858","16977945"
"신데렐라","중앙동","전라남도 나주시 중앙로 41","35.032665","126.718917","naver","스포츠용품점","고유가 피해지원금|온누리","061)333-1247","79974505"
"유한회사 대성상사","중앙동","전남 나주시 중앙동","35.033075","126.723527","dong","정보통신기기","고유가 피해지원금|온누리","061)332-7766","81225952"
"올리비아 하슬러","중앙동","전남 나주시 중앙동","35.035224","126.717675","dong","기성복점","고유가 피해지원금|온누리","061)930-5428","92679015"
"뱅뱅캐주얼 스포츠용품","중앙동","전남 나주시 중앙동","35.029671","126.720547","dong","스포츠용품점","고유가 피해지원금|온누리","061)333-2101","101104688"
"소이 리틀밥독","중앙동","전남 나주시 중앙동","35.035722","126.722184","dong","스포츠용품점","고유가 피해지원금|온누리","061)333-2101","13999862"
"보디가드","중앙동","전라남도 나주시 나주로 166 1층","35.032417","126.718934","naver","스포츠용품점","고유가 피해지원금|온누리","061)332-2244","13318752"
"아날도바시니","중앙동","전라남도 나주시 나주로 163 1층","35.032553","126.718654","naver","스포츠용품점","고유가 피해지원금|온누리","061)332-8549","16087380"
"그린조이","중앙동","전라남도 나주시 나주로 161","35.032535","126.718587","naver","스포츠용품점","고유가 피해지원금|온누리","061)332-3616","93764469"
"지센","중앙동","전라남도 나주시 나주로 160 1층","35.032176","126.718457","naver","기성복점","고유가 피해지원금|온누리","061)332-0990","60070388"
"나주간호전문학원","중앙동","전라남도 나주시 나주로 160 송화빌딩 3층","35.032176","126.718457","naver","기술/사무/가정계학원","고유가 피해지원금|온누리","061)333-4466","81628964"
"나주중앙요양보호사 교육원","중앙동","전라남도 나주시 나주로 160 3층","35.032176","126.718457","naver","기술/사무/가정계학원","고유가 피해지원금|온누리","061)333-4467","101046956"
"지샵","중앙동","전남 나주시 중앙동","35.029932","126.721702","dong","기성복점","고유가 피해지원금|온누리","061)337-5353","90866053"
"라엘RAEL","중앙동","전남 나주시 중앙동","35.036311","126.721153","dong","기성복점","고유가 피해지원금|온누리","061)332-2244","119797370"
"못난이호떡김밥","중앙동","전라남도 나주시 나주로 158 1층 일부(오른쪽 끝칸)","35.032175","126.718293","naver","휴게음식점","고유가 피해지원금|온누리","061)332-2244","114372199"
"158카페","중앙동","전라남도 나주시 나주로 158","35.032175","126.718293","naver","커피/음료전문점","고유가 피해지원금|온누리","","118432396"
"수도꼭지","중앙동","전라남도 나주시 남평읍 동사리","35.0431","126.849","naver","기성복점","고유가 피해지원금|온누리","061)334-2383","79147941"
"로미오와줄리엣","중앙동","전라남도 나주시 나주로 158","35.032076","126.718313","naver","미용원","고유가 피해지원금","061)333-6429","44842436"
"브랜드  팩토리","중앙동","전남 나주시 중앙동","35.035306","126.722807","dong","기성복점","고유가 피해지원금","061)332-2244","56524272"
"로사벨라","중앙동","전라남도 나주시 나주로 159 1층","35.03245","126.718432","naver","기성복점","고유가 피해지원금|온누리","061)332-2244","118671805"
"제일미용실","중앙동","전라남도 나주시 나주로 159","35.032496","126.71835","naver","미용원","고유가 피해지원금|온누리","061)332-0023","29588545"
"올리비아로렌","중앙동","전라남도 나주시 나주로 159 올리비아로렌","35.032478","126.718546","naver","기성복점","고유가 피해지원금|온누리","061)333-1708","114995661"
"씨(SI) 나주점","중앙동","전라남도 나주시 그린로 325 5층","35.015563","126.794743","naver","기성복점","고유가 피해지원금|온누리","061)334-8383","94601856"
"지지배","중앙동","전라남도 나주시 나주로 159","35.03236","126.718268","naver","기성복점","고유가 피해지원금|온누리","061)332-3055","62963571"
"여성팻션코너","중앙동","전남 나주시 중앙동","35.034972","126.717248","dong","기성복점","고유가 피해지원금","061)334-4804","85262042"
"여성크러커다일스포츠","중앙동","전라남도 나주시 나주로 159","35.032496","126.71835","naver","스포츠용품점","고유가 피해지원금|온누리","061)333-9400","28835859"
"송미용실","중앙동","전라남도 나주시 나주로 142-29","35.031586","126.71821","naver","미용원","고유가 피해지원금","061)332-6000","56369660"
"유니엘 나주지점 누니가","중앙동","전남 나주시 중앙동","35.031862","126.716818","dong","건강식품점","고유가 피해지원금","","106135359"
"태평양뷰레이터","중앙동","전남 나주시 중앙동","35.031577","126.723456","dong","화장품점","고유가 피해지원금","062)353-1155","31701152"
"대쉬","중앙동","전라남도 나주시 나주로 159","35.032526","126.718204","naver","기성복점","고유가 피해지원금|온누리","061)333-8609","12514745"
"김민희헤어","중앙동","전라남도 나주시 나주로 142-18","35.031386","126.71797","naver","미용원","고유가 피해지원금","061)332-2244","107933052"
"아라인테리어","중앙동","전남 나주시 중앙동","35.034744","126.723336","dong","주택/건설","고유가 피해지원금","","101419914"
"우주컴퓨터","중앙동","전라남도 나주시 나주로 142-20","35.031432","126.718051","naver","세탁소","고유가 피해지원금","061)334-4693","110712595"
"피자풀 나주중앙점","중앙동","전남 나주시 중앙동","35.030012","126.722199","dong","패스트푸드점","고유가 피해지원금","070)7614-3579","110733900"
"머리사랑미용실","중앙동","전라남도 나주시 금성길 33","35.031864","126.718194","naver","미용원","고유가 피해지원금|온누리","062)333-1078","39270220"
"손운동화빨래방","중앙동","전라남도 나주시 나주로 156-1","35.032071","126.718133","naver","세탁소","고유가 피해지원금|온누리","061)333-1164","81023861"
"아모레뷰티카운셀러","중앙동","전남 나주시 중앙동","35.03278","126.723816","dong","화장품점","고유가 피해지원금","061)333-3380","27531239"
"블루그린바이오","중앙동","전라남도 나주시 나주로 142-27 생명과학빌딩 2,3층","35.031626","126.718015","naver","제약회사/의약품도매업체","고유가 피해지원금","061)333-0210","105318925"
"하리(HARI)","중앙동","전남 나주시 중앙동","35.029359","126.720277","dong","건강식품점","고유가 피해지원금","061)332-2244","118001409"
"족욕힐링숲라파","중앙동","전라남도 나주시 나주로 142-25","35.031593","126.717914","naver","피부미용원","고유가 피해지원금","061)332-4804","110598387"
"남도추어탕","중앙동","전라남도 나주시 나주로 142-16","35.031396","126.717795","naver","한식","고유가 피해지원금","061)334-3841","110261652"
"찐아로마","중앙동","전라남도 나주시 나주로 156","35.032038","126.718026","naver","피부미용원","고유가 피해지원금","","113810528"
"수 헤어샵","중앙동","전라남도 나주시 나주로 156 한연화미용실","35.032041","126.717986","naver","미용원","고유가 피해지원금|온누리","061)333-0523","28518950"
"나주추어탕","중앙동","전라남도 나주시 향청길 16 나주추어탕","35.033932","126.717338","naver","한식","고유가 피해지원금","061)332-7533","34302588"
"옷바구니","중앙동","전라남도 나주시 금성길 37","35.032335","126.718007","naver","기성복점","고유가 피해지원금|온누리","061)334-8688","86629604"
"차밍화장품","중앙동","전남 나주시 중앙동","35.034639","126.716856","dong","화장품점","고유가 피해지원금","061)333-5069","80217656"
"리베르","중앙동","전라남도 나주시 나주로 142-16 1층","35.031322","126.71784","naver","기성복점","고유가 피해지원금","","109648306"
"바지쟁이2","중앙동","전라남도 나주시 나주로 154-2 1층","35.03198","126.717918","naver","기성복점","고유가 피해지원금","061)930-2966","103114215"
"바지쟁이","중앙동","전라남도 나주시 나주로 154-2 1층","35.03198","126.717918","naver","기성복점","고유가 피해지원금|온누리","061)930-2966","63242214"
"종합서점","중앙동","전라남도 나주시 나주로 154-2","35.032017","126.717869","naver","서점","고유가 피해지원금|온누리","061)334-5600","45632287"
"일신상사","중앙동","전남 나주시 중앙동","35.036206","126.71823","dong","내의판매점","고유가 피해지원금|온누리","061)333-1408","41237352"
"아로유즈","중앙동","전라남도 나주시 나주로 154-2 아로유즈","35.03198","126.717918","naver","기성복점","고유가 피해지원금|온누리","061)930-2966","116735854"
"안경랜드21 나주점","중앙동","전남 나주시 중앙동","35.035249","126.723214","dong","안경점","고유가 피해지원금|온누리","061)333-5400","3300642"
"유리네일","중앙동","전라남도 나주시 나주로 157 2층 제이뷰티","35.032267","126.718031","naver","피부미용원","고유가 피해지원금","","101525303"
"제이뷰티","중앙동","전라남도 나주시 나주로 157 2층 제이뷰티","35.032267","126.718031","naver","피부미용원","고유가 피해지원금","","90299027"
"나주경락맛사지","중앙동","전라남도 나주시 문화로 238 4층 405호","35.019913","126.78534","naver","피부미용원","고유가 피해지원금","061)682-9422","78207231"
"느리게","중앙동","전라남도 나주시 금성길 39 1층","35.032427","126.718","naver","커피/음료전문점","고유가 피해지원금","061)332-2244","116818214"
"아인뷰티샵","중앙동","전라남도 나주시 금성길 39","35.032465","126.718018","naver","화장품점","고유가 피해지원금|온누리","061)333-7855","66641448"
"오 마이'유통&광고(O my'유통&광고)","중앙동","전남 나주시 중앙동","35.03538","126.717203","dong","일반신발점","고유가 피해지원금","061)334-2941","89355994"
"헤어리201","중앙동","전라남도 나주시 금성길 39-1 헤어리201","35.032571","126.717987","naver","미용원","고유가 피해지원금","061)337-6538","96353057"
"눈보안경","중앙동","전라남도 나주시 나주로 159 눈보안경","35.032569","126.718191","naver","안경점","고유가 피해지원금|온누리","061)334-0009","13664095"
"한영사","중앙동","전라남도 나주시 나주로 128 한영사","35.030153","126.717582","naver","문방구점","고유가 피해지원금|온누리","061)333-3252","12635088"
"샤트렌","중앙동","전라남도 나주시 나주로 155-1 1층","35.03223","126.717969","naver","기성복점","고유가 피해지원금|온누리","061)332-2244","87839360"
"팔공상회","중앙동","전남 나주시 중앙동","35.036648","126.718929","dong","관광기념품점","고유가 피해지원금","","114918241"
"흥룡다집","중앙동","전라남도 나주시 나주로 142-12","35.031343","126.717625","naver","기타 식품","고유가 피해지원금","061)332-5523","104470901"
"들꽃사랑33","중앙동","전남 나주시 중앙동","35.034589","126.723716","dong","건강식품점","고유가 피해지원금","061)332-2244","120407849"
"에이치제이(HJ) 어패럴","중앙동","전남 나주시 중앙동","35.034232","126.716513","dong","기성복점","고유가 피해지원금","070)7614-3579","114424652"
"테마르헤어샵","중앙동","전라남도 나주시 나주로 142-15","35.031508","126.717685","naver","미용원","고유가 피해지원금","061)333-2703","54030916"
"해피드림샵","중앙동","전남 나주시 중앙동","35.036793","126.721087","dong","양품점","고유가 피해지원금","","120294349"
"가방마트","중앙동","전라남도 나주시 나주로 193","35.033909","126.721451","naver","가방점","고유가 피해지원금|온누리","061)332-7435","54432088"
"민의상실","중앙동","전라남도 나주시 나주로 142-13","35.031515","126.717618","naver","맞춤복점","고유가 피해지원금","061)334-3979","19128941"
"동국의류","중앙동","전남 나주시 중앙동","35.036043","126.717719","dong","기성복점","고유가 피해지원금","061)334-3979","105822467"
"현대예술","중앙동","전라남도 나주시 나주로 153","35.03207","126.717656","naver","의료기기 및 용품","고유가 피해지원금|온누리","061)332-1321","13226283"
"엄마방","중앙동","전라남도 나주시 중앙동 121-3","35.031327","126.718121","naver","기성복점","고유가 피해지원금","061)334-0883","4317668"
"다함께식당","중앙동","전라남도 나주시 나주로 142-8 다 함께 식당","35.031329","126.717449","naver","한식","고유가 피해지원금","","89602910"
"연경","중앙동","전라남도 나주시 나주로 150 신동양","35.031825","126.71745","naver","중식","고유가 피해지원금|온누리","061)333-2337","59735374"
"미리내화장품","중앙동","전라남도 나주시 나주로 151-2","35.032111","126.717596","naver","화장품점","고유가 피해지원금|온누리","061)332-2093","17163138"
"청하식당","중앙동","전라남도 나주시 나주로 142-9 1층","35.03152","126.717476","naver","한식","고유가 피해지원금","061)334-5883","6863556"
"미싱돌리기공방","중앙동","전라남도 나주시 금성길 41-5","35.0325","126.717629","naver","문화/취미 기타","고유가 피해지원금","061)333-9210","7248843"
"인스프링  나주점","중앙동","전라남도 나주시 나주로 153-2","35.032141","126.717799","naver","침구/커튼/카펫트점","고유가 피해지원금|온누리","061)371-3470","110305675"
"신진팜","중앙동","전남 나주시 중앙동","35.0292","126.721332","dong","반려동물 서비스/용품점","고유가 피해지원금","070)8665-3875","89415287"
"더아루나","중앙동","전라남도 나주시 나주로 142-7 더아루나","35.031496","126.717367","naver","제과점/아이스크림점","고유가 피해지원금","","102189198"
"신발나라","중앙동","전라남도 나주시 나주로 151-1","35.032096","126.717511","naver","일반신발점","고유가 피해지원금|온누리","061)333-2470","97090325"
"수산나팻숀","중앙동","전남 나주시 중앙동","35.031592","126.723928","dong","기성복점","고유가 피해지원금","061)334-2917","19585873"
"호이안","중앙동","전라남도 나주시 나주로 148-1","35.03176","126.717358","naver","일반음식점 기타","고유가 피해지원금","","121164685"
"초록추어탕","중앙동","전라남도 나주시 나주로 148","35.031712","126.717228","naver","한식","고유가 피해지원금|온누리","061)332-1228","84928696"
"메가MGC커피 나주곰탕거리점","중앙동","전라남도 나주시 나주로 148 1층","35.031701","126.717229","naver","커피/음료전문점","고유가 피해지원금","061)820-7377","118758987"
"유일사","중앙동","전라남도 나주시 금성길 18","35.030559","126.718766","naver","용역서비스업","고유가 피해지원금","061)334-4670","3622256"
"부영비니루상회","중앙동","전남 나주시 중앙동","35.029777","126.722605","dong","건축자재","고유가 피해지원금|온누리","061)333-2410","21997033"
"나주당","중앙동","전라남도 나주시 나주로 146","35.031636","126.717167","naver","휴게음식점","고유가 피해지원금|온누리","","119972315"
"요거팡 나주점","중앙동","전남 나주시 중앙동","35.03031","126.717168","dong","휴게음식점","고유가 피해지원금|온누리","","112514993"
"(주)행운분식","중앙동","전라남도 나주시 나주로 142-3 1층 행운분식","35.031468","126.717071","naver","기타 식품","고유가 피해지원금","061)332-2244","119684972"
"나주열쇠","중앙동","전라남도 나주시 나주로 147","35.031854","126.717163","naver","철물점","고유가 피해지원금|온누리","061)332-1625","23067956"
"#지니","중앙동","전라남도 나주시 나주로 147","35.031881","126.717277","naver","미용원","고유가 피해지원금|온누리","061)336-7229","86231344"
"예가체프","중앙동","전라남도 나주시 금성길 41-9 예가체프카페","35.032285","126.717242","naver","커피/음료전문점","고유가 피해지원금","061)332-3030","71811716"
"꿀도야  떡갈비나주점","중앙동","전라남도 나주시 나주로 144 1층 꿀도야 떡갈비","35.031589","126.717073","naver","기타 식품","고유가 피해지원금|온누리","","116327612"
"생생왕만두찐빵","중앙동","전라남도 나주시 나주로 144 생생왕만두찐빵","35.031597","126.717033","naver","휴게음식점","고유가 피해지원금","061)333-2777","82905563"
"컴포즈커피 나주곰탕거리점","중앙동","전라남도 나주시 나주로 144","35.031559","126.717051","naver","커피/음료전문점","고유가 피해지원금","","111833231"
"신동아약국","중앙동","전라남도 나주시 나주로 152 서가네식품","35.031864","126.717537","naver","약국","고유가 피해지원금|온누리","061)333-2146","67963091"
"나주곰탕 남평할매집","중앙동","전라남도 나주시 금성관길 2","35.031859","126.717023","naver","한식","고유가 피해지원금","061)334-4682","98345528"
"나주곰탕 한옥집","중앙동","전라남도 나주시 금성관길 6","35.032147","126.716918","naver","한식","고유가 피해지원금","061)334-0707","3941217"
"(주)덕승1급자동차공업사","청동","전라남도 나주시 청동길 126","35.043591","126.732575","naver","차량 정비/부품/인테리어","고유가 피해지원금","061)334-5700","80981883"
"동곡카센터","청동","전라남도 나주시 청동길 135","35.044411","126.732371","naver","차량 정비/부품/인테리어","고유가 피해지원금","061)331-1289","79397569"
"청동렉카","청동","전라남도 나주시 금천면 영산로 5696 청동렉카","35.035154","126.75154","naver","차량견인업","고유가 피해지원금","","88683303"
"유한회사  애향장례식장","청동","전남 나주시 청동","35.044847","126.728061","dong","장의서비스/제수용품","고유가 피해지원금","061)334-9000","90751847"
"대명골재","청동","전라남도 나주시 청암길 17","35.043654","126.730782","naver","건축자재","고유가 피해지원금","061)332-6039","58465111"
"동화농원","청동","전라남도 나주시 건재로 299","35.052637","126.733154","naver","농.수.축산물점","고유가 피해지원금","061)334-6655","96417477"
"(주)마하로지스","청동","전라남도 나주시 건재로 278 관리동 204호","35.052015","126.732406","naver","차량 정비/부품/인테리어","고유가 피해지원금","061)333-5735","110075496"
"미래팜TFG","청동","전라남도 나주시 금당길 9","35.039856","126.725599","naver","한식","고유가 피해지원금","","108327676"
"하나로씽크공장","청동","전라남도 나주시 건재로 281","35.052346","126.731264","naver","일반가구점","고유가 피해지원금","061)333-0818","31085001"
"청암홈","청동","전라남도 나주시 문평면 다시로 6-23","35.024995","126.620229","naver","건축자재","고유가 피해지원금","061)332-8600","45481478"
"솔향마루 주식회사","청동","전남 나주시 청동","35.04641","126.729612","dong","주택/건설","고유가 피해지원금","031)529-7788","110083420"
"금천농장","청동","전라남도 나주시 건재로 270","35.051645","126.730092","naver","농.수.축산물점","고유가 피해지원금","061)332-1654","87952748"
"큐(Q)모텔","청동","전라남도 나주시 건재로 271-7 큐모텔","35.052457","126.729826","naver","기타숙박업","고유가 피해지원금","061)334-5400","57099905"
"유한냉동","청동","전남 나주시 청동","35.046292","126.728308","dong","가전제품점","고유가 피해지원금","062)945-3114","20445240"
"에스(S)모텔","청동","전라남도 나주시 건재로 271-9","35.052681","126.729827","naver","기타숙박업","고유가 피해지원금","061)334-7707","108347007"
"특별한주유소","청동","전라남도 나주시 건재로 254 (청동)","35.05134","126.72851","naver","주유소","고유가 피해지원금","061)776-7711","61927697"
"쌍용개발건재","청동","전남 나주시 청동","35.045112","126.727578","dong","건축자재","고유가 피해지원금","061)332-4080","48845031"
"진모터스","청동","전남 나주시 청동","35.043894","126.730342","dong","차량 정비/부품/인테리어","고유가 피해지원금","070)7614-3579","108756024"
"왕펑크카부분정비","청동","전남 나주시 청동","35.046703","126.729107","dong","차량 정비/부품/인테리어","고유가 피해지원금","061)332-8018","35018757"
"(유)나주청동자동차공업사","청동","전라남도 나주시 청동길 151","35.046577","126.733436","naver","차량 정비/부품/인테리어","고유가 피해지원금","061)334-1888","13949019"
"청정샘물","토계동","전라남도 나주시 토계길 76-54","35.013213","126.72795","naver","정수기판매점","고유가 피해지원금","061)333-9686","88426401"
"HK정보시스템","토계동","전라남도 나주시 토계길 76-27","35.015406","126.729019","naver","정보통신기기","고유가 피해지원금","061)334-0114","64253255"
"에이치앤비팩토리(HandB Factory)","토계동","전남 나주시 토계동","35.015039","126.731005","dong","일반가구점","고유가 피해지원금","","109375160"
"마르지않는샘물","토계동","전라남도 나주시 토계길 76-54","35.013223","126.728131","naver","정수기판매점","고유가 피해지원금","061)333-7278","112264083"
"맑은생수총판","토계동","전라남도 나주시 토계길 76-67 (토계동 215-1,2)","35.012396","126.729716","naver","정수기판매점","고유가 피해지원금","061)337-1788","73207917"
"빛가람그린샘물","토계동","전남 나주시 토계동","35.015377","126.730025","dong","정수기판매점","고유가 피해지원금","061)333-5677","109218792"
"고을유통","토계동","전라남도 나주시 토계길 75","35.017715","126.726495","naver","기타 식품","고유가 피해지원금","061)333-1275","90641942"
"자연햇살 주식회사","토계동","전남 나주시 토계동","35.014635","126.731589","dong","기타 식품","고유가 피해지원금","061)335-8322","81896571"
"이공하이텍","토계동","전남 나주시 토계동","35.0147","126.72909","dong","과학기자재점","고유가 피해지원금","061)528-4932","26301693"
"팔봉산","토계동","전라남도 나주시 영산포로 280","35.005064","126.70914","naver","철학관","고유가 피해지원금","","106961212"
"The Breeze (더브리즈)","토계동","전라남도 나주시 상야1길 8 토담휴로스 2차 1층 110호","35.022006","126.785815","naver","일반음식점 기타","고유가 피해지원금","061)337-2451","82265569"
"대성가스","평산동","전라남도 나주시 금영로 397","34.990711","126.752851","naver","가스판매점","고유가 피해지원금","061)331-8117","79289726"
"예그리나","평산동","전남 나주시 평산동","34.984306","126.751575","dong","화원","고유가 피해지원금","","121010881"
"꽃무지야생화촌","평산동","전라남도 나주시 태신길 20-14","34.983519","126.748996","naver","화원","고유가 피해지원금","061)336-8745","43666814"
"또바기농원","평산동","전남 나주시 평산동","34.985114","126.750364","dong","농.수.축산물점","고유가 피해지원금","","111905999"
"예슬이농장","평산동","전남 나주시 평산동","34.984673","126.752493","dong","농.수.축산물점","고유가 피해지원금","","101074147"
"커피베이 나주혁신점","금천면","전남 나주시 금천면","35.031083","126.752722","dong","커피/음료전문점","온누리","061)336-0051","88456932"
"지에스25 나주대호중앙점(상품권)","대호동","전라남도 나주시 대호길 59-30","35.041553","126.717377","naver","상품권","온누리","","120462735"
"WASH ZONE","빛가람동","전라남도 나주시 그린로 116 혁신주유소","35.011787","126.779868","naver","세차장","온누리","061)336-2250","88513238"
"지에스25 나주혁신영무점 (상품권)","빛가람동","전라남도 나주시 빛가람동 월정1길 20","35.012127","126.786867","naver","상품권","온누리","","114536873"
"지에스25 빛가람엘에이치점(상품권)","빛가람동","전남 나주시 빛가람동","35.024278","126.779281","dong","상품권","온누리","","105379134"
"지에스25 나주루멘하임점(상품권)","빛가람동","전라남도 나주시 빛가람동 그린로 329 102, 103호","35.015788","126.794693","naver","상품권","온누리","","109995115"
"빛가람 포도약국","빛가람동","전라남도 나주시 중야2길 29 1층","35.017168","126.784493","naver","약국","온누리","061)820-8484","91861209"
"엔에이치 미래아동병원","빛가람동","전라남도 나주시 중야2길 29 4층","35.017124","126.784646","naver","일반.치과.한방병원","온누리","061)338-7700","92142878"
"지에스25 혁신루체점(상품권)","빛가람동","전라남도 나주시 그린로 379 상가동 117호, 119호","35.020404","126.793971","naver","상품권","온누리","","108716935"
"빛가람약국","빛가람동","전라남도 나주시 빛가람로 685 4층 404호","35.021518","126.786664","naver","약국","온누리","061)331-2974","77633521"
"해와달치과의원","빛가람동","전라남도 나주시 전력로 2 5층","35.021572","126.785331","naver","일반.치과.한의원","온누리","061)331-2879","111736471"
"365 우리약국","빛가람동","전라남도 나주시 전력로 2","35.021572","126.785331","naver","약국","온누리","061)333-8228","85548876"
"SM오피스나주빛가람점","빛가람동","전라남도 나주시 전력로 6 2층 201호, 202호","35.021995","126.785336","naver","문방구점","온누리","061)336-4929","73058497"
"지에스25 나주펠리시티점(상품권)","빛가람동","전라남도 나주시 빛가람동 전력로 6 115호, 116호 (빛가람동 189-1)","35.021995","126.785336","naver","상품권","온누리","","114030706"
"이화원","빛가람동","전라남도 나주시 상야1길 20 로드빌딩 2층전관","35.022037","126.787102","naver","중식","온누리","061)333-2133","94031285"
"서울보석","빛가람동","전라남도 나주시 우정로 72 107호","35.023498","126.787641","naver","귀금속점","온누리","061)337-5157","95224948"
"(주)그린골프나주혁신점","빛가람동","전라남도 나주시 상야4길 16-16","35.023917","126.793042","naver","레저용품점","온누리","062)334-5252","90424698"
"지에스25 나주cgv점(상품권)","빛가람동","전라남도 나주시 빛가람동 상야4길 16-16 상가 101호, 119호 (빛가람동 203-3)","35.023901","126.79307","naver","상품권","온누리","","115395339"
"지에스(GS)25 나주중흥점(상품권)","빛가람동","전라남도 나주시 우정로 75 143동 124호, 125호 (빛가람동)","35.023882","126.788392","naver","상품권","온누리","","97484484"
"와이마트","빛가람동","전라남도 나주시 그린로 155 대광로제비앙 상가동","35.010453","126.783725","naver","슈퍼마켓","온누리","061)335-9007","73224849"
"영산홍어주식회사","영산동","전남 나주시 영산동","35.002548","126.729056","dong","농.수.축산물점","온누리","061)334-0305","74513415"
"영산홍어(주)","영산동","전라남도 나주시 영산포로 205-7","34.999502","126.7098","naver","농.수.축산물점","온누리","061)334-0305","33504411"
"아트주얼리","중앙동","전라남도 나주시 나주로 154-2","35.032043","126.717904","naver","귀금속점","온누리","061)333-2646","26258051"